Workbook
Name SegmentaciónDeDatos_Año: #N/A
Name SegmentaciónDeDatos_Año1: #N/A
Name SegmentaciónDeDatos_Grupo_Etario: #N/A
Name SegmentaciónDeDatos_Grupo_Etario1: #N/A

Sheet Poblacion_Estudio (2)
A1: Año | B1: Grupo Etario | C1: Población Total | D1: Población Femenina
A2: 1996 | B2: 0-4 | C2: 2669011.1 | D2: 1308550.8
A3: 1997 | B3: 0-4 | C3: 2689637 | D3: 1317732.9 | F3: Suma de Población Total | G3: Etiquetas de columna
A4: 1998 | B4: 0-4 | C4: 2707580.5 | D4: 1325697.9 | F4: Etiquetas de fila | G4: 5-14 | H4: Total general | J4: Año | K4: Poblacion Femenina | L4: Poblacion Total | O4: =+G4 -> 5-14
A5: 1999 | B5: 0-4 | C5: 2723058.5 | D5: 1332529 | F5: 1996 | G5: 5336689.3 | H5: 5336689.3 | J5: 1996 | K5: =+G5 -> 5336689.3
A6: 2000 | B6: 0-4 | C6: 2736288 | D6: 1338309 | F6: 1997 | G6: 5352218.2 | H6: 5352218.2 | J6: 1997 | K6: =+G6 -> 5352218.2
A7: 2001 | B7: 0-4 | C7: 2747486 | D7: 1343121 | F7: 1998 | G7: 5360232.6 | H7: 5360232.6 | J7: 1998 | K7: =+G7 -> 5360232.6
A8: 2002 | B8: 0-4 | C8: 2756879 | D8: 1347045 | F8: 1999 | G8: 5362927.5 | H8: 5362927.5 | J8: 1999 | K8: =+G8 -> 5362927.5
A9: 2003 | B9: 0-4 | C9: 2764684 | D9: 1350164 | F9: 2000 | G9: 5362498 | H9: 5362498 | J9: 2000 | K9: =+G9 -> 5362498
A10: 2004 | B10: 0-4 | C10: 2770821 | D10: 1352508 | F10: 2001 | G10: 5361139 | H10: 5361139 | J10: 2001 | K10: =+G10 -> 5361139
A11: 2005 | B11: 0-4 | C11: 2774961 | D11: 1353852 | F11: 2002 | G11: 5361107 | H11: 5361107 | J11: 2002 | K11: =+G11 -> 5361107
A12: 2006 | B12: 0-4 | C12: 2777568 | D12: 1354432 | F12: 2003 | G12: 5364597 | H12: 5364597 | J12: 2003 | K12: =+G12 -> 5364597
A13: 2007 | B13: 0-4 | C13: 2778731 | D13: 1354234 | F13: 2004 | G13: 5372677 | H13: 5372677 | J13: 2004 | K13: =+G13 -> 5372677
A14: 2008 | B14: 0-4 | C14: 2778239 | D14: 1353145 | F14: 2005 | G14: 5386812 | H14: 5386812 | J14: 2005 | K14: =+G14 -> 5386812
A15: 2009 | B15: 0-4 | C15: 2775920 | D15: 1351158 | F15: 2006 | G15: 5407717 | H15: 5407717 | J15: 2006 | K15: =+G15 -> 5407717
A16: 2010 | B16: 0-4 | C16: 2771760 | D16: 1348289 | F16: 2007 | G16: 5427910 | H16: 5427910 | J16: 2007 | K16: =+G16 -> 5427910
... A59: 1998 | B59: 5-14 | C59: 5360232.6 | D59: 2628255.5 | F59: 2050 | G59: 4837414 | H59: 4837414 | J59: 2050 | K59: =+G59 -> 4837414
A60: 1999 | B60: 5-14 | C60: 5362927.5 | D60: 2628380.2 | F60: Total general | G60: 2.9300483e+08 | H60: 2.9300483e+08
A61: 2000 | B61: 5-14 | C61: 5362498 | D61: 2626661
A62: 2001 | B62: 5-14 | C62: 5361139 | D62: 2624275
A63: 2002 | B63: 5-14 | C63: 5361107 | D63: 2622422
A64: 2003 | B64: 5-14 | C64: 5364597 | D64: 2622279
A65: 2004 | B65: 5-14 | C65: 5372677 | D65: 2624530
A66: 2005 | B66: 5-14 | C66: 5386812 | D66: 2629864
A67: 2006 | B67: 5-14 | C67: 5407717 | D67: 2638747
A68: 2007 | B68: 5-14 | C68: 5427910 | D68: 2647233
A69: 2008 | B69: 5-14 | C69: 5448390 | D69: 2655740
A70: 2009 | B70: 5-14 | C70: 5469822 | D70: 2664671
A71: 2010 | B71: 5-14 | C71: 5492408 | D71: 2674173
A72: 2011 | B72: 5-14 | C72: 5516288 | D72: 2684312
... A386: 2050 | B386: 75+ | C386: 3804544 | D386: 1985266

Sheet TDM_Mujeres
A1: Tabla de Decrecimiento Multiple Total- Poblacion Femenina
A3: Año | B3: 1996 | E3: Tabla de Decrecimiento Multiple Todas las Causas | O3: 100000
F4: Poblacion Femenina
B5: Valores | L5: Tasa Central de Decrecimiento | M5: Tasa Instantánea de Decrecimiento
A6: Grupo Etario | B6: Máx. de Población | C6: Suma de Fallecimientos | E6: Año | F6: Grupo Etario | G6: lx(T) | H6: dx(T) | I6: qx(T) | J6: Px(T) | K6: Lx(T) | L6: mx(T) | M6: µ(X) | N6: Proporcion del Grupo Etario Vs Poblacion Total | O6: Poblacion en base a 100.000 Personas | P6: Poblacion Estimada | Q6: Fallecimientos Totales
A7: 0-4 | B7: 1308550.8 | C7: 5092 | E7: =+$B$3 -> 1996 | F7: =+A7 -> 0-4 | G7: =+B7 -> 1308550.8 | H7: =+C7 -> 5092 | I7: =+H7/G7 -> 0.0038913278 | J7: =1-I7 -> 0.99610867 | K7: =+G7-(0.5*H7) -> 1306004.8 | L7: =+H7/K7 -> 0.0038989137 | M7: =+H7/(2*G7) -> 0.0019456639 | N7: =+G7/$G$14 -> 0.11562177 | O7: =+N7*$O$3 -> 11562.177 | P7: 100000 | Q7: =+P7*I7 -> 389.13278
A8: 5-14 | B8: 2617766.7 | C8: 569 | E8: =+$B$3 -> 1996 | F8: =+A8 -> 5-14 | G8: =+B8 -> 2617766.7 | H8: =+C8 -> 569 | I8: =+H8/G8 -> 0.00021736085 | J8: =1-I8 -> 0.99978264 | K8: =+G8-(0.5*H8) -> 2617482.2 | L8: =+H8/K8 -> 0.00021738447 | M8: =+(H7+H8)/(2*G8) -> 0.0010812652 | N8: =+G8/$G$14 -> 0.23130231 | O8: =+N8*$O$3 -> 23130.231 | P8: =+P7-Q7 -> 99610.867 | Q8: =+P8*I8 -> 21.651503
A9: 15-24 | B9: 2136825.7 | C9: 790 | E9: =+$B$3 -> 1996 | F9: =+A9 -> 15-24 | G9: =+B9 -> 2136825.7 | H9: =+C9 -> 790 | I9: =+H9/G9 -> 0.00036970727 | J9: =1-I9 -> 0.99963029 | K9: =+G9-(0.5*H9) -> 2136430.7 | L9: =+H9/K9 -> 0.00036977563 | M9: =+(H8+H9)/(2*G9) -> 0.00031799505 | N9: =+G9/$G$14 -> 0.18880701 | O9: =+N9*$O$3 -> 18880.701 | P9: =+P8-Q8 -> 99589.216 | Q9: =+P9*I9 -> 36.818857
A10: 25-44 | B10: 3245545.3 | C10: 2882 | E10: =+$B$3 -> 1996 | F10: =+A10 -> 25-44 | G10: =+B10 -> 3245545.3 | H10: =+C10 -> 2882 | I10: =+H10/G10 -> 0.00088798638 | J10: =1-I10 -> 0.99911201 | K10: =+G10-(0.5*H10) -> 3244104.3 | L10: =+H10/K10 -> 0.00088838081 | M10: =+(H9+H10)/(2*G10) -> 0.00056569847 | N10: =+G10/$G$14 -> 0.28677197 | O10: =+N10*$O$3 -> 28677.197 | P10: =+P9-Q9 -> 99552.397 | Q10: =+P10*I10 -> 88.401172
A11: 45-64 | B11: 1448878 | C11: 6671 | E11: =+$B$3 -> 1996 | F11: =+A11 -> 45-64 | G11: =+B11 -> 1448878 | H11: =+C11 -> 6671 | I11: =+H11/G11 -> 0.0046042525 | J11: =1-I11 -> 0.99539575 | K11: =+G11-(0.5*H11) -> 1445542.5 | L11: =+H11/K11 -> 0.0046148766 | M11: =+(H10+H11)/(2*G11) -> 0.003296689 | N11: =+G11/$G$14 -> 0.12802089 | O11: =+N11*$O$3 -> 12802.089 | P11: =+P10-Q10 -> 99463.996 | Q11: =+P11*I11 -> 457.95735
A12: 65-74 | B12: 373487.34 | C12: 6002 | E12: =+$B$3 -> 1996 | F12: =+A12 -> 65-74 | G12: =+B12 -> 373487.34 | H12: =+C12 -> 6002 | I12: =+H12/G12 -> 0.016070156 | J12: =1-I12 -> 0.98392984 | K12: =+G12-(0.5*H12) -> 370486.34 | L12: =+H12/K12 -> 0.016200327 | M12: =+(H11+H12)/(2*G12) -> 0.016965769 | N12: =+G12/$G$14 -> 0.033000833 | O12: =+N12*$O$3 -> 3300.0833 | P12: =+P11-Q11 -> 99006.038 | Q12: =+P12*I12 -> 1591.0425
A13: 75+ | B13: 186458.59 | C13: 11555 | E13: =+$B$3 -> 1996 | F13: =+A13 -> 75+ | G13: =+B13 -> 186458.59 | H13: =+C13 -> 11555 | I13: =+H13/G13 -> 0.061970866 | J13: =1-I13 -> 0.93802913 | K13: =+G13-(0.5*H13) -> 180681.09 | L13: =+H13/K13 -> 0.063952461 | M13: =+(H12+H13)/(2*G13) -> 0.04708016 | N13: =+G13/$G$14 -> 0.016475227 | O13: =+N13*$O$3 -> 1647.5227 | P13: =+P12-Q12 -> 97414.996 | Q13: =+P13*I13 -> 6036.8917
B14: =+SUM(B7:B13) -> 11317512 | C14: =+SUM(C7:C13) -> 33561 | E14: Totales | G14: =+SUM(G7:G13) -> 11317512 | H14: =+SUM(H7:H13) -> 33561 | I14: =+H14/G14 -> 0.0029654043
E17: Gráficos
J18: Fallecimientos Totales sexo Femenino por cada 100.000 personas
E19: Población Total Femenina por cada 100.000 personas
E35: Comparaciones entre Probabilidades, Tasas Centrales y Tasas Instantáneas, por cualquier causa de decrecimiento | J35: Población y Probabilidad de Decrecimiento Total, por cualquier causa de decrecimiento
M36: Probabilidad de Decrecimiento por Cualquier causa - Sexo Femenino

Sheet TDM_Mujeres_Causa
A1: Año | B1: 1996 | T1: Tabla de Decrecimiento Multiple
T2: Poblacion Femenina
A3: Suma de Fallecimientos | C3: Posicion
A4: Grupo Etario | B4: Población | C4: 1 | D4: 2 | E4: 3 | F4: 4 | G4: 5 | H4: 6 | I4: 7 | J4: 8 | K4: 9 | L4: 10 | M4: 11 | N4: 12 | O4: 13 | P4: 14 | Q4: 15 | S4: Año | T4: Grupo Etario | U4: lx(T) | V4: =+CONCATENATE("dx","(",C4,")") -> dx(1) | W4: =+CONCATENATE("dx","(",D4,")") -> dx(2) | X4: =+CONCATENATE("dx","(",E4,")") -> dx(3) | Y4: =+CONCATENATE("dx","(",F4,")") -> dx(4) | Z4: =+CONCATENATE("dx","(",G4,")") -> dx(5) | AA4: =+CONCATENATE("dx","(",H4,")") -> dx(6) | AB4: =+CONCATENATE("dx","(",I4,")") -> dx(7) | AC4: =+CONCATENATE("dx","(",J4,")") -> dx(8) | ... AJ4: =+CONCATENATE("dx","(",Q4,")") -> dx(15) | AK4: dx(T) | AL4: =+CONCATENATE("qx","(",C4,")") -> qx(1) | AM4: =+CONCATENATE("qx","(",D4,")") -> qx(2) | AN4: =+CONCATENATE("qx","(",E4,")") -> qx(3) | AO4: =+CONCATENATE("qx","(",F4,")") -> qx(4) | AP4: =+CONCATENATE("qx","(",G4,")") -> qx(5) | AQ4: =+CONCATENATE("qx","(",H4,")") -> qx(6) | AR4: =+CONCATENATE("qx","(",I4,")") -> qx(7) | AS4: =+CONCATENATE("qx","(",J4,")") -> qx(8) | ... AZ4: =+CONCATENATE("qx","(",Q4,")") -> qx(15) | BA4: =+CONCATENATE("qx","(T)") -> qx(T) | BB4: Lx(T) | BC4: =+CONCATENATE("mx","(",C4,")") -> mx(1) | BD4: =+CONCATENATE("mx","(",D4,")") -> mx(2) | BE4: =+CONCATENATE("mx","(",E4,")") -> mx(3) | BF4: =+CONCATENATE("mx","(",F4,")") -> mx(4) | BG4: =+CONCATENATE("mx","(",G4,")") -> mx(5) | BH4: =+CONCATENATE("mx","(",H4,")") -> mx(6) | BI4: =+CONCATENATE("mx","(",I4,")") -> mx(7) | BJ4: =+CONCATENATE("mx","(",J4,")") -> mx(8) | ... BQ4: =+CONCATENATE("mx","(",Q4,")") -> mx(15) | BR4: =+CONCATENATE("µ(X)",C4) -> µ(X)1 | BS4: =+CONCATENATE("µ(X)",D4) -> µ(X)2 | BT4: =+CONCATENATE("µ(X)",E4) -> µ(X)3 | BU4: =+CONCATENATE("µ(X)",F4) -> µ(X)4 | BV4: =+CONCATENATE("µ(X)",G4) -> µ(X)5 | BW4: =+CONCATENATE("µ(X)",H4) -> µ(X)6 | BX4: =+CONCATENATE("µ(X)",I4) -> µ(X)7 | BY4: =+CONCATENATE("µ(X)",J4) -> µ(X)8 | ... CF4: =+CONCATENATE("µ(X)",Q4) -> µ(X)15
A5: 0-4 | B5: 1308550.8 | C5: 38 | D5: 62 | E5: 6 | F5: 6 | G5: 2365 | H5: 285 | I5: 63 | J5: 367 | K5: 761 | L5: 1081 | M5: 12 | N5: 12 | O5: 0 | P5: 11 | Q5: 23 | S5: =+$B$1 -> 1996 | T5: =+A5 -> 0-4 | U5: =+B5 -> 1308550.8 | V5: =+C5 -> 38 | W5: =+D5 -> 62 | X5: =+E5 -> 6 | Y5: =+F5 -> 6 | Z5: =+G5 -> 2365 | AA5: =+H5 -> 285 | ... AJ5: =+Q5 -> 23 | AK5: =+SUM(V5:AJ5) -> 5092 | AL5: =+V5/$U5 -> 2.9039759e-05 | AM5: =+W5/$U5 -> 4.738066e-05 | AN5: =+X5/$U5 -> 4.5852252e-06 | AO5: =+Y5/$U5 -> 4.5852252e-06 | AP5: =+Z5/$U5 -> 0.0018073429 | AQ5: =+AA5/$U5 -> 0.0002177982 | AR5: =+AB5/$U5 -> 4.8144864e-05 | AS5: =+AC5/$U5 -> 0.00028046294 | ... AZ5: =+AJ5/$U5 -> 1.7576697e-05 | BA5: =+AK5/U5 -> 0.0038913278 | BB5: =+U5-(0.5*AK5) -> 1306004.8 | BC5: =+AL5/(1-(0.5*$BA5)) -> 2.9096371e-05 | BD5: =+AM5/(1-(0.5*$BA5)) -> 4.7473027e-05 | BE5: =+AN5/(1-(0.5*$BA5)) -> 4.5941639e-06 | BF5: =+AO5/(1-(0.5*$BA5)) -> 4.5941639e-06 | BG5: =+AP5/(1-(0.5*$BA5)) -> 0.0018108663 | BH5: =+AQ5/(1-(0.5*$BA5)) -> 0.00021822278 | BI5: =+AR5/(1-(0.5*$BA5)) -> 4.8238721e-05 | BJ5: =+AS5/(1-(0.5*$BA5)) -> 0.00028100969 | ... BQ5: =+AZ5/(1-(0.5*$BA5)) -> 1.7610962e-05 | BR5: =+V5/(2*$U5) -> 1.451988e-05 | BS5: =+W5/(2*$U5) -> 2.369033e-05 | BT5: =+X5/(2*$U5) -> 2.2926126e-06 | BU5: =+Y5/(2*$U5) -> 2.2926126e-06 | BV5: =+Z5/(2*$U5) -> 0.00090367146 | BW5: =+AA5/(2*$U5) -> 0.0001088991 | BX5: =+AB5/(2*$U5) -> 2.4072432e-05 | BY5: =+AC5/(2*$U5) -> 0.00014023147 | ... CF5: =+AJ5/(2*$U5) -> 8.7883483e-06
A6: 5-14 | B6: 2617766.7 | C6: 24 | D6: 114 | E6: 9 | F6: 11 | G6: 1 | H6: 203 | I6: 8 | J6: 37 | K6: 60 | L6: 38 | M6: 10 | N6: 16 | O6: 0 | P6: 27 | Q6: 11 | S6: =+$B$1 -> 1996 | T6: =+A6 -> 5-14 | U6: =+B6 -> 2617766.7 | V6: =+C6 -> 24 | W6: =+D6 -> 114 | X6: =+E6 -> 9 | Y6: =+F6 -> 11 | Z6: =+G6 -> 1 | AA6: =+H6 -> 203 | ... AJ6: =+Q6 -> 11 | AK6: =+SUM(V6:AJ6) -> 569 | AL6: =+V6/$U6 -> 9.1681201e-06 | AM6: =+W6/$U6 -> 4.3548571e-05 | AN6: =+X6/$U6 -> 3.438045e-06 | AO6: =+Y6/$U6 -> 4.2020551e-06 | AP6: =+Z6/$U6 -> 3.8200501e-07 | AQ6: =+AA6/$U6 -> 7.7547016e-05 | AR6: =+AB6/$U6 -> 3.05604e-06 | AS6: =+AC6/$U6 -> 1.4134185e-05 | ... AZ6: =+AJ6/$U6 -> 4.2020551e-06 | BA6: =+AK6/U6 -> 0.00021736085 | BB6: =+U6-(0.5*AK6) -> 2617482.2 | BC6: =+AL6/(1-(0.5*$BA6)) -> 9.1691166e-06 | BD6: =+AM6/(1-(0.5*$BA6)) -> 4.3553304e-05 | BE6: =+AN6/(1-(0.5*$BA6)) -> 3.4384187e-06 | BF6: =+AO6/(1-(0.5*$BA6)) -> 4.2025118e-06 | BG6: =+AP6/(1-(0.5*$BA6)) -> 3.8204653e-07 | BH6: =+AQ6/(1-(0.5*$BA6)) -> 7.7555445e-05 | BI6: =+AR6/(1-(0.5*$BA6)) -> 3.0563722e-06 | BJ6: =+AS6/(1-(0.5*$BA6)) -> 1.4135721e-05 | ... BQ6: =+AZ6/(1-(0.5*$BA6)) -> 4.2025118e-06 | BR6: =+(V5+V6)/(2*$U6) -> 1.1842155e-05 | BS6: =+(W5+W6)/(2*$U6) -> 3.361644e-05 | BT6: =+(X5+X6)/(2*$U6) -> 2.8650375e-06 | BU6: =+(Y5+Y6)/(2*$U6) -> 3.2470425e-06 | BV6: =+(Z5+Z6)/(2*$U6) -> 0.00045191192 | BW6: =+(AA5+AA6)/(2*$U6) -> 9.3209221e-05 | BX6: =+(AB5+AB6)/(2*$U6) -> 1.3561178e-05 | BY6: =+(AC5+AC6)/(2*$U6) -> 7.7165011e-05 | ... CF6: =+(AJ5+AJ6)/(2*$U6) -> 6.4940851e-06
A7: 15-24 | B7: 2136825.7 | C7: 40 | D7: 130 | E7: 28 | F7: 34 | G7: 0 | H7: 267 | I7: 17 | J7: 34 | K7: 28 | L7: 13 | M7: 33 | N7: 11 | O7: 2 | P7: 137 | Q7: 16 | S7: =+$B$1 -> 1996 | T7: =+A7 -> 15-24 | U7: =+B7 -> 2136825.7 | V7: =+C7 -> 40 | W7: =+D7 -> 130 | X7: =+E7 -> 28 | Y7: =+F7 -> 34 | Z7: =+G7 -> 0 | AA7: =+H7 -> 267 | ... AJ7: =+Q7 -> 16 | AK7: =+SUM(V7:AJ7) -> 790 | AL7: =+V7/$U7 -> 1.8719356e-05 | AM7: =+W7/$U7 -> 6.0837906e-05 | AN7: =+X7/$U7 -> 1.3103549e-05 | AO7: =+Y7/$U7 -> 1.5911452e-05 | AP7: =+Z7/$U7 -> 0 | AQ7: =+AA7/$U7 -> 0.0001249517 | AR7: =+AB7/$U7 -> 7.9557262e-06 | AS7: =+AC7/$U7 -> 1.5911452e-05 | ... AZ7: =+AJ7/$U7 -> 7.4877423e-06 | BA7: =+AK7/U7 -> 0.00036970727 | BB7: =+U7-(0.5*AK7) -> 2136430.7 | BC7: =+AL7/(1-(0.5*$BA7)) -> 1.8722817e-05 | BD7: =+AM7/(1-(0.5*$BA7)) -> 6.0849154e-05 | BE7: =+AN7/(1-(0.5*$BA7)) -> 1.3105972e-05 | BF7: =+AO7/(1-(0.5*$BA7)) -> 1.5914394e-05 | BG7: =+AP7/(1-(0.5*$BA7)) -> 0 | BH7: =+AQ7/(1-(0.5*$BA7)) -> 0.0001249748 | BI7: =+AR7/(1-(0.5*$BA7)) -> 7.9571971e-06 | BJ7: =+AS7/(1-(0.5*$BA7)) -> 1.5914394e-05 | ... BQ7: =+AZ7/(1-(0.5*$BA7)) -> 7.4891267e-06 | BR7: =+(V6+V7)/(2*$U7) -> 1.4975485e-05 | BS7: =+(W6+W7)/(2*$U7) -> 5.7094035e-05 | BT7: =+(X6+X7)/(2*$U7) -> 8.657702e-06 | BU7: =+(Y6+Y7)/(2*$U7) -> 1.0529638e-05 | BV7: =+(Z6+Z7)/(2*$U7) -> 2.3399195e-07 | BW7: =+(AA6+AA7)/(2*$U7) -> 0.00010997621 | BX7: =+(AB6+AB7)/(2*$U7) -> 5.8497986e-06 | BY7: =+(AC6+AC7)/(2*$U7) -> 1.6613428e-05 | ... CF7: =+(AJ6+AJ7)/(2*$U7) -> 6.3177825e-06
A8: 25-44 | B8: 3245545.3 | C8: 467 | D8: 1119 | E8: 261 | F8: 113 | G8: 1 | H8: 352 | I8: 50 | J8: 67 | K8: 46 | L8: 29 | M8: 106 | N8: 42 | O8: 24 | P8: 151 | Q8: 54 | S8: =+$B$1 -> 1996 | T8: =+A8 -> 25-44 | U8: =+B8 -> 3245545.3 | V8: =+C8 -> 467 | W8: =+D8 -> 1119 | X8: =+E8 -> 261 | Y8: =+F8 -> 113 | Z8: =+G8 -> 1 | AA8: =+H8 -> 352 | ... AJ8: =+Q8 -> 54 | AK8: =+SUM(V8:AJ8) -> 2882 | AL8: =+V8/$U8 -> 0.00014388953 | AM8: =+W8/$U8 -> 0.00034478028 | AN8: =+X8/$U8 -> 8.041792e-05 | AO8: =+Y8/$U8 -> 3.4816954e-05 | AP8: =+Z8/$U8 -> 3.0811463e-07 | AQ8: =+AA8/$U8 -> 0.00010845635 | AR8: =+AB8/$U8 -> 1.5405732e-05 | AS8: =+AC8/$U8 -> 2.0643681e-05 | ... AZ8: =+AJ8/$U8 -> 1.663819e-05 | BA8: =+AK8/U8 -> 0.00088798638 | BB8: =+U8-(0.5*AK8) -> 3244104.3 | BC8: =+AL8/(1-(0.5*$BA8)) -> 0.00014395345 | BD8: =+AM8/(1-(0.5*$BA8)) -> 0.00034493342 | BE8: =+AN8/(1-(0.5*$BA8)) -> 8.045364e-05 | BF8: =+AO8/(1-(0.5*$BA8)) -> 3.4832419e-05 | BG8: =+AP8/(1-(0.5*$BA8)) -> 3.082515e-07 | BH8: =+AQ8/(1-(0.5*$BA8)) -> 0.00010850453 | BI8: =+AR8/(1-(0.5*$BA8)) -> 1.5412575e-05 | BJ8: =+AS8/(1-(0.5*$BA8)) -> 2.065285e-05 | ... BQ8: =+AZ8/(1-(0.5*$BA8)) -> 1.6645581e-05 | BR8: =+(V7+V8)/(2*$U8) -> 7.810706e-05 | BS8: =+(W7+W8)/(2*$U8) -> 0.00019241759 | BT8: =+(X7+X8)/(2*$U8) -> 4.4522565e-05 | BU8: =+(Y7+Y8)/(2*$U8) -> 2.2646426e-05 | BV8: =+(Z7+Z8)/(2*$U8) -> 1.5405732e-07 | BW8: =+(AA7+AA8)/(2*$U8) -> 9.5361479e-05 | BX8: =+(AB7+AB8)/(2*$U8) -> 1.032184e-05 | BY8: =+(AC7+AC8)/(2*$U8) -> 1.5559789e-05 | ... CF8: =+(AJ7+AJ8)/(2*$U8) -> 1.0784012e-05
A9: 45-64 | B9: 1448878 | C9: 1724 | D9: 2420 | E9: 792 | F9: 689 | G9: 0 | H9: 165 | I9: 194 | J9: 78 | K9: 18 | L9: 75 | M9: 145 | N9: 103 | O9: 81 | P9: 45 | Q9: 142 | S9: =+$B$1 -> 1996 | T9: =+A9 -> 45-64 | U9: =+B9 -> 1448878 | V9: =+C9 -> 1724 | W9: =+D9 -> 2420 | X9: =+E9 -> 792 | Y9: =+F9 -> 689 | Z9: =+G9 -> 0 | AA9: =+H9 -> 165 | ... AJ9: =+Q9 -> 142 | AK9: =+SUM(V9:AJ9) -> 6671 | AL9: =+V9/$U9 -> 0.0011898863 | AM9: =+W9/$U9 -> 0.001670258 | AN9: =+X9/$U9 -> 0.00054662989 | AO9: =+Y9/$U9 -> 0.0004755404 | AP9: =+Z9/$U9 -> 0 | AQ9: =+AA9/$U9 -> 0.00011388123 | AR9: =+AB9/$U9 -> 0.00013389672 | AS9: =+AC9/$U9 -> 5.3834762e-05 | ... AZ9: =+AJ9/$U9 -> 9.8006874e-05 | BA9: =+AK9/U9 -> 0.0046042525 | BB9: =+U9-(0.5*AK9) -> 1445542.5 | BC9: =+AL9/(1-(0.5*$BA9)) -> 0.0011926319 | BD9: =+AM9/(1-(0.5*$BA9)) -> 0.001674112 | BE9: =+AN9/(1-(0.5*$BA9)) -> 0.00054789121 | BF9: =+AO9/(1-(0.5*$BA9)) -> 0.00047663768 | BG9: =+AP9/(1-(0.5*$BA9)) -> 0 | BH9: =+AQ9/(1-(0.5*$BA9)) -> 0.000114144 | BI9: =+AR9/(1-(0.5*$BA9)) -> 0.00013420567 | BJ9: =+AS9/(1-(0.5*$BA9)) -> 5.3958982e-05 | ... BQ9: =+AZ9/(1-(0.5*$BA9)) -> 9.8233019e-05 | BR9: =+(V8+V9)/(2*$U9) -> 0.00075610233 | BS9: =+(W8+W9)/(2*$U9) -> 0.0012212899 | BT9: =+(X8+X9)/(2*$U9) -> 0.00036338464 | BU9: =+(Y8+Y9)/(2*$U9) -> 0.00027676589 | BV9: =+(Z8+Z9)/(2*$U9) -> 3.4509463e-07 | BW9: =+(AA8+AA9)/(2*$U9) -> 0.00017841392 | BX9: =+(AB8+AB9)/(2*$U9) -> 8.4203089e-05 | BY9: =+(AC8+AC9)/(2*$U9) -> 5.0038721e-05 | ... CF9: =+(AJ8+AJ9)/(2*$U9) -> 6.7638547e-05
A10: 65-74 | B10: 373487.34 | C10: 2053 | D10: 1478 | E10: 820 | F10: 707 | G10: 0 | H10: 94 | I10: 233 | J10: 106 | K10: 8 | L10: 63 | M10: 125 | N10: 78 | O10: 97 | P10: 16 | Q10: 124 | S10: =+$B$1 -> 1996 | T10: =+A10 -> 65-74 | U10: =+B10 -> 373487.34 | V10: =+C10 -> 2053 | W10: =+D10 -> 1478 | X10: =+E10 -> 820 | Y10: =+F10 -> 707 | Z10: =+G10 -> 0 | AA10: =+H10 -> 94 | ... AJ10: =+Q10 -> 124 | AK10: =+SUM(V10:AJ10) -> 6002 | AL10: =+V10/$U10 -> 0.0054968396 | AM10: =+W10/$U10 -> 0.0039572961 | AN10: =+X10/$U10 -> 0.0021955229 | AO10: =+Y10/$U10 -> 0.0018929691 | AP10: =+Z10/$U10 -> 0 | AQ10: =+AA10/$U10 -> 0.00025168189 | AR10: =+AB10/$U10 -> 0.00062384979 | AS10: =+AC10/$U10 -> 0.00028381149 | ... AZ10: =+AJ10/$U10 -> 0.0003320059 | BA10: =+AK10/U10 -> 0.016070156 | BB10: =+U10-(0.5*AK10) -> 370486.34 | BC10: =+AL10/(1-(0.5*$BA10)) -> 0.0055413649 | BD10: =+AM10/(1-(0.5*$BA10)) -> 0.0039893509 | BE10: =+AN10/(1-(0.5*$BA10)) -> 0.002213307 | BF10: =+AO10/(1-(0.5*$BA10)) -> 0.0019083025 | BG10: =+AP10/(1-(0.5*$BA10)) -> 0 | BH10: =+AQ10/(1-(0.5*$BA10)) -> 0.00025372055 | BI10: =+AR10/(1-(0.5*$BA10)) -> 0.00062890308 | BJ10: =+AS10/(1-(0.5*$BA10)) -> 0.00028611041 | ... BQ10: =+AZ10/(1-(0.5*$BA10)) -> 0.0003346952 | BR10: =+(V9+V10)/(2*$U10) -> 0.0050563963 | BS10: =+(W9+W10)/(2*$U10) -> 0.005218383 | BT10: =+(X9+X10)/(2*$U10) -> 0.0021580383 | BU10: =+(Y9+Y10)/(2*$U10) -> 0.0018688719 | BV10: =+(Z9+Z10)/(2*$U10) -> 0 | BW10: =+(AA9+AA10)/(2*$U10) -> 0.00034673197 | BX10: =+(AB9+AB10)/(2*$U10) -> 0.00057163919 | BY10: =+(AC9+AC10)/(2*$U10) -> 0.00024632696 | ... CF10: =+(AJ9+AJ10)/(2*$U10) -> 0.0003561031
A11: 75+ | B11: 186458.59 | C11: 5003 | D11: 1582 | E11: 1961 | F11: 819 | G11: 6 | H11: 249 | I11: 555 | J11: 552 | K11: 12 | L11: 226 | M11: 182 | N11: 96 | O11: 188 | P11: 12 | Q11: 112 | S11: =+$B$1 -> 1996 | T11: =+A11 -> 75+ | U11: =+B11 -> 186458.59 | V11: =+C11 -> 5003 | W11: =+D11 -> 1582 | X11: =+E11 -> 1961 | Y11: =+F11 -> 819 | Z11: =+G11 -> 6 | AA11: =+H11 -> 249 | ... AJ11: =+Q11 -> 112 | AK11: =+SUM(V11:AJ11) -> 11555 | AL11: =+V11/$U11 -> 0.026831696 | AM11: =+W11/$U11 -> 0.0084844578 | AN11: =+X11/$U11 -> 0.010517081 | AO11: =+Y11/$U11 -> 0.0043923963 | AP11: =+Z11/$U11 -> 3.2178727e-05 | AQ11: =+AA11/$U11 -> 0.0013354172 | AR11: =+AB11/$U11 -> 0.0029765323 | AS11: =+AC11/$U11 -> 0.0029604429 | ... AZ11: =+AJ11/$U11 -> 0.00060066958 | BA11: =+AK11/U11 -> 0.061970866 | BB11: =+U11-(0.5*AK11) -> 180681.09 | BC11: =+AL11/(1-(0.5*$BA11)) -> 0.027689672 | BD11: =+AM11/(1-(0.5*$BA11)) -> 0.0087557588 | BE11: =+AN11/(1-(0.5*$BA11)) -> 0.010853377 | BF11: =+AO11/(1-(0.5*$BA11)) -> 0.0045328486 | BG11: =+AP11/(1-(0.5*$BA11)) -> 3.3207682e-05 | BH11: =+AQ11/(1-(0.5*$BA11)) -> 0.0013781188 | BI11: =+AR11/(1-(0.5*$BA11)) -> 0.0030717106 | BJ11: =+AS11/(1-(0.5*$BA11)) -> 0.0030551067 | ... BQ11: =+AZ11/(1-(0.5*$BA11)) -> 0.00061987673 | BR11: =+(V10+V11)/(2*$U11) -> 0.018921092 | BS11: =+(W10+W11)/(2*$U11) -> 0.0082055755 | BT11: =+(X10+X11)/(2*$U11) -> 0.0074574201 | BU11: =+(Y10+Y11)/(2*$U11) -> 0.0040920615 | BV11: =+(Z10+Z11)/(2*$U11) -> 1.6089364e-05 | BW11: =+(AA10+AA11)/(2*$U11) -> 0.00091977529 | BX11: =+(AB10+AB11)/(2*$U11) -> 0.0021130698 | BY11: =+(AC10+AC11)/(2*$U11) -> 0.0017644669 | ... CF11: =+(AJ10+AJ11)/(2*$U11) -> 0.00063284831
S14: Leyenda
S15: Posicion | T15: Causa
S16: 1 | T16: Enfermedades del Corazón (I05-I09, I11, I13, I21-I51)
S17: 2 | T17: Cancer (C00-C97)
S18: 3 | T18: Enfermedad Cerebrovascular (I60-I69)
S19: 4 | T19: Diabetes (E10-E14)
S20: 5 | T20: Ciertas afecciones originadas en el período perinatal (P00-P96)
S21: 6 | T21: Accidentes de Todo Tipo (V01-X59)
S22: 7 | T22: Enfermedades crónicas de las vías respiratorias inferiores (J40-J47)
S23: 8 | T23: Influenza y neumonía (J09-J18)
S24: 9 | T24: Malformaciones congénitas, deformidades y anomalías cromosómicas (Q00-Q99)
S25: 10 | T25: Enfermedades infecciosas intestinales(A00-A09)
S26: 11 | T26: Nefritis y Nefrosis (N00-N19, N25-N29)
S27: 12 | T27: Tumores benignos y de comportamiento incierto o desconocido (D10-D48)
S28: 13 | T28: Otras enfermedades Hipertensivas (I10-I12)
S29: 14 | T29: Suicidios y Homicidios. (X60-Y09)
S30: 15 | T30: Enfermedades del hígado. (K70-K77)

Sheet TDM_Total
A3: Año | B3: 1996 | E3: Tabla de Decrecimiento Multiple Todas las Causas | O3: 100000
F4: Poblacion General
B5: Valores | L5: Tasa Central de Decrecimiento | M5: Tasa Intantanea de Decrecimiento
A6: Grupo Etario | B6: Máx. de Población | C6: Suma de Fallecimientos | E6: Año | F6: Grupo Etario | G6: lx(T) | H6: dx(T) | I6: qx(T) | J6: Px(T) | K6: Lx(T) | L6: mx(T) | M6: µ(X) | N6: Proporcion del Grupo Etario Vs Poblacion Total | O6: Poblacion en base a 100.000 Personas | P6: Poblacion Estimada | Q6: Fallecimientos Totales
A7: 0-4 | B7: 2669011.1 | C7: 11844 | E7: =+$B$3 -> 1996 | F7: =+A7 -> 0-4 | G7: =+B7 -> 2669011.1 | H7: =+C7 -> 11844 | I7: =+H7/G7 -> 0.0044375987 | J7: =1-I7 -> 0.9955624 | K7: =+G7-(0.5*H7) -> 2663089.1 | L7: =+H7/K7 -> 0.0044474667 | M7: =+H7/(2*G7) -> 0.0022187993 | N7: =+G7/$G$14 -> 0.11545451 | O7: =+N7*$O$3 -> 11545.451 | P7: 100000 | Q7: =+P7*I7 -> 443.75987
A8: 5-14 | B8: 5336689.3 | C8: 1485 | E8: =+$B$3 -> 1996 | F8: =+A8 -> 5-14 | G8: =+B8 -> 5336689.3 | H8: =+C8 -> 1485 | I8: =+H8/G8 -> 0.00027826241 | J8: =1-I8 -> 0.99972174 | K8: =+G8-(0.5*H8) -> 5335946.8 | L8: =+H8/K8 -> 0.00027830113 | M8: =+(H7+H8)/(2*G8) -> 0.001248808 | N8: =+G8/$G$14 -> 0.23085137 | O8: =+N8*$O$3 -> 23085.137 | P8: =+P7-Q7 -> 99556.24 | Q8: =+P8*I8 -> 27.702759
A9: 15-24 | B9: 4328734.7 | C9: 3967 | E9: =+$B$3 -> 1996 | F9: =+A9 -> 15-24 | G9: =+B9 -> 4328734.7 | H9: =+C9 -> 3967 | I9: =+H9/G9 -> 0.00091643407 | J9: =1-I9 -> 0.99908357 | K9: =+G9-(0.5*H9) -> 4326751.2 | L9: =+H9/K9 -> 0.00091685419 | M9: =+(H8+H9)/(2*G9) -> 0.00062974522 | N9: =+G9/$G$14 -> 0.18724987 | O9: =+N9*$O$3 -> 18724.987 | P9: =+P8-Q8 -> 99528.537 | Q9: =+P9*I9 -> 91.211343
A10: 25-44 | B10: 6500086.9 | C10: 9771 | E10: =+$B$3 -> 1996 | F10: =+A10 -> 25-44 | G10: =+B10 -> 6500086.9 | H10: =+C10 -> 9771 | I10: =+H10/G10 -> 0.0015032107 | J10: =1-I10 -> 0.99849679 | K10: =+G10-(0.5*H10) -> 6495201.4 | L10: =+H10/K10 -> 0.0015043413 | M10: =+(H9+H10)/(2*G10) -> 0.0010567551 | N10: =+G10/$G$14 -> 0.28117694 | O10: =+N10*$O$3 -> 28117.694 | P10: =+P9-Q9 -> 99437.326 | Q10: =+P10*I10 -> 149.47525
A11: 45-64 | B11: 2862216.5 | C11: 16784 | E11: =+$B$3 -> 1996 | F11: =+A11 -> 45-64 | G11: =+B11 -> 2862216.5 | H11: =+C11 -> 16784 | I11: =+H11/G11 -> 0.0058639869 | J11: =1-I11 -> 0.99413601 | K11: =+G11-(0.5*H11) -> 2853824.5 | L11: =+H11/K11 -> 0.0058812306 | M11: =+(H10+H11)/(2*G11) -> 0.0046388874 | N11: =+G11/$G$14 -> 0.12381208 | O11: =+N11*$O$3 -> 12381.208 | P11: =+P10-Q10 -> 99287.851 | Q11: =+P11*I11 -> 582.22266
A12: 65-74 | B12: 710343.29 | C12: 14038 | E12: =+$B$3 -> 1996 | F12: =+A12 -> 65-74 | G12: =+B12 -> 710343.29 | H12: =+C12 -> 14038 | I12: =+H12/G12 -> 0.019762276 | J12: =1-I12 -> 0.98023772 | K12: =+G12-(0.5*H12) -> 703324.29 | L12: =+H12/K12 -> 0.019959498 | M12: =+(H11+H12)/(2*G12) -> 0.021695144 | N12: =+G12/$G$14 -> 0.030727613 | O12: =+N12*$O$3 -> 3072.7613 | P12: =+P11-Q11 -> 98705.628 | Q12: =+P12*I12 -> 1950.6479
A13: 75+ | B13: 710343.29 | C13: 21624 | E13: =+$B$3 -> 1996 | F13: =+A13 -> 75+ | G13: =+B13 -> 710343.29 | H13: =+C13 -> 21624 | I13: =+H13/G13 -> 0.030441619 | J13: =1-I13 -> 0.96955838 | K13: =+G13-(0.5*H13) -> 699531.29 | L13: =+H13/K13 -> 0.030912127 | M13: =+(H12+H13)/(2*G13) -> 0.025101948 | N13: =+G13/$G$14 -> 0.030727613 | O13: =+N13*$O$3 -> 3072.7613 | P13: =+P12-Q12 -> 96754.98 | Q13: =+P13*I13 -> 2945.3783
B14: =+SUM(B7:B13) -> 23117425 | C14: =+SUM(C7:C13) -> 79513 | E14: Totales | G14: =+SUM(G7:G13) -> 23117425 | H14: =+SUM(H7:H13) -> 79513 | I14: =+H14/G14 -> 0.0034395267
E17: Gráficos
E18: Población Total por cada 100.000 personas | J18: Fallecimientos Totales por cada 100.000 personas
E35: Comparaciones entre Probabilidades, Tasas Centrales y Tasas Instantáneas, por cualquier causa de decrecimiento | J35: Población y Probabilidad de Decrecimiento Total, por cualquier causa de decrecimiento
M36: Probabilidad de Decrecimiento por Cualquier causa

Sheet TDM_Total_Causa
A1: Año | B1: 1996 | T1: Tabla de Decrecimiento Multiple
T2: Poblacion General
A3: Suma de Fallecimientos | C3: Posicion
A4: Grupo Etario | B4: Población | C4: 1 | D4: 2 | E4: 3 | F4: 4 | G4: 5 | H4: 6 | I4: 7 | J4: 8 | K4: 9 | L4: 10 | M4: 11 | N4: 12 | O4: 13 | P4: 14 | Q4: 15 | S4: Año | T4: Grupo Etario | U4: lx(T) | V4: =+CONCATENATE("dx","(",C4,")") -> dx(1) | W4: =+CONCATENATE("dx","(",D4,")") -> dx(2) | X4: =+CONCATENATE("dx","(",E4,")") -> dx(3) | Y4: =+CONCATENATE("dx","(",F4,")") -> dx(4) | Z4: =+CONCATENATE("dx","(",G4,")") -> dx(5) | AA4: =+CONCATENATE("dx","(",H4,")") -> dx(6) | AB4: =+CONCATENATE("dx","(",I4,")") -> dx(7) | AC4: =+CONCATENATE("dx","(",J4,")") -> dx(8) | ... AJ4: =+CONCATENATE("dx","(",Q4,")") -> dx(15) | AK4: dx(T) | AL4: =+CONCATENATE("qx","(",C4,")") -> qx(1) | AM4: =+CONCATENATE("qx","(",D4,")") -> qx(2) | AN4: =+CONCATENATE("qx","(",E4,")") -> qx(3) | AO4: =+CONCATENATE("qx","(",F4,")") -> qx(4) | AP4: =+CONCATENATE("qx","(",G4,")") -> qx(5) | AQ4: =+CONCATENATE("qx","(",H4,")") -> qx(6) | AR4: =+CONCATENATE("qx","(",I4,")") -> qx(7) | AS4: =+CONCATENATE("qx","(",J4,")") -> qx(8) | ... AZ4: =+CONCATENATE("qx","(",Q4,")") -> qx(15) | BA4: =+CONCATENATE("qx","(T)") -> qx(T) | BB4: Lx(T) | BC4: =+CONCATENATE("mx","(",C4,")") -> mx(1) | BD4: =+CONCATENATE("mx","(",D4,")") -> mx(2) | BE4: =+CONCATENATE("mx","(",E4,")") -> mx(3) | BF4: =+CONCATENATE("mx","(",F4,")") -> mx(4) | BG4: =+CONCATENATE("mx","(",G4,")") -> mx(5) | BH4: =+CONCATENATE("mx","(",H4,")") -> mx(6) | BI4: =+CONCATENATE("mx","(",I4,")") -> mx(7) | BJ4: =+CONCATENATE("mx","(",J4,")") -> mx(8) | ... BQ4: =+CONCATENATE("mx","(",Q4,")") -> mx(15) | BR4: =+CONCATENATE("µ(X)",C4) -> µ(X)1 | BS4: =+CONCATENATE("µ(X)",D4) -> µ(X)2 | BT4: =+CONCATENATE("µ(X)",E4) -> µ(X)3 | BU4: =+CONCATENATE("µ(X)",F4) -> µ(X)4 | BV4: =+CONCATENATE("µ(X)",G4) -> µ(X)5 | BW4: =+CONCATENATE("µ(X)",H4) -> µ(X)6 | BX4: =+CONCATENATE("µ(X)",I4) -> µ(X)7 | BY4: =+CONCATENATE("µ(X)",J4) -> µ(X)8 | ... CF4: =+CONCATENATE("µ(X)",Q4) -> µ(X)15
A5: 0-4 | B5: 2669011.1 | C5: 82 | D5: 159 | E5: 14 | F5: 786 | G5: 32 | H5: 12 | I5: 5626 | J5: 114 | K5: 877 | L5: 35 | M5: 1552 | N5: 2468 | O5: 37 | P5: 21 | Q5: 29 | S5: =+$B$1 -> 1996 | T5: =+A5 -> 0-4 | U5: =+B5 -> 2669011.1 | V5: =+C5 -> 82 | W5: =+D5 -> 159 | X5: =+E5 -> 14 | Y5: =+F5 -> 786 | Z5: =+G5 -> 32 | AA5: =+H5 -> 12 | ... AJ5: =+Q5 -> 29 | AK5: =+SUM(V5:AJ5) -> 11844 | AL5: =+V5/$U5 -> 3.072299e-05 | AM5: =+W5/$U5 -> 5.9572627e-05 | AN5: =+X5/$U5 -> 5.2453885e-06 | AO5: =+Y5/$U5 -> 0.0002944911 | AP5: =+Z5/$U5 -> 1.1989459e-05 | AQ5: =+AA5/$U5 -> 4.4960473e-06 | AR5: =+AB5/$U5 -> 0.0021078968 | AS5: =+AC5/$U5 -> 4.2712449e-05 | ... AZ5: =+AJ5/$U5 -> 1.0865448e-05 | BA5: =+AK5/U5 -> 0.0044375987 | BB5: =+U5-(0.5*AK5) -> 2663089.1 | BC5: =+AL5/(1-(0.5*$BA5)) -> 3.079131e-05 | BD5: =+AM5/(1-(0.5*$BA5)) -> 5.97051e-05 | BE5: =+AN5/(1-(0.5*$BA5)) -> 5.2570529e-06 | BF5: =+AO5/(1-(0.5*$BA5)) -> 0.00029514597 | BG5: =+AP5/(1-(0.5*$BA5)) -> 1.2016121e-05 | BH5: =+AQ5/(1-(0.5*$BA5)) -> 4.5060453e-06 | BI5: =+AR5/(1-(0.5*$BA5)) -> 0.0021125842 | BJ5: =+AS5/(1-(0.5*$BA5)) -> 4.280743e-05 | ... BQ5: =+AZ5/(1-(0.5*$BA5)) -> 1.088961e-05 | BR5: =+V5/(2*$U5) -> 1.5361495e-05 | BS5: =+W5/(2*$U5) -> 2.9786313e-05 | BT5: =+X5/(2*$U5) -> 2.6226943e-06 | BU5: =+Y5/(2*$U5) -> 0.00014724555 | BV5: =+Z5/(2*$U5) -> 5.9947297e-06 | BW5: =+AA5/(2*$U5) -> 2.2480237e-06 | BX5: =+AB5/(2*$U5) -> 0.0010539484 | BY5: =+AC5/(2*$U5) -> 2.1356225e-05 | ... CF5: =+AJ5/(2*$U5) -> 5.4327238e-06
A6: 5-14 | B6: 5336689.3 | C6: 50 | D6: 266 | E6: 18 | F6: 659 | G6: 105 | H6: 16 | I6: 2 | J6: 15 | K6: 82 | L6: 18 | M6: 121 | N6: 79 | O6: 18 | P6: 2 | Q6: 34 | S6: =+$B$1 -> 1996 | T6: =+A6 -> 5-14 | U6: =+B6 -> 5336689.3 | V6: =+C6 -> 50 | W6: =+D6 -> 266 | X6: =+E6 -> 18 | Y6: =+F6 -> 659 | Z6: =+G6 -> 105 | AA6: =+H6 -> 16 | ... AJ6: =+Q6 -> 34 | AK6: =+SUM(V6:AJ6) -> 1485 | AL6: =+V6/$U6 -> 9.3691046e-06 | AM6: =+W6/$U6 -> 4.9843637e-05 | AN6: =+X6/$U6 -> 3.3728777e-06 | AO6: =+Y6/$U6 -> 0.0001234848 | AP6: =+Z6/$U6 -> 1.967512e-05 | AQ6: =+AA6/$U6 -> 2.9981135e-06 | AR6: =+AB6/$U6 -> 3.7476418e-07 | AS6: =+AC6/$U6 -> 2.8107314e-06 | ... AZ6: =+AJ6/$U6 -> 6.3709911e-06 | BA6: =+AK6/U6 -> 0.00027826241 | BB6: =+U6-(0.5*AK6) -> 5335946.8 | BC6: =+AL6/(1-(0.5*$BA6)) -> 9.3704083e-06 | BD6: =+AM6/(1-(0.5*$BA6)) -> 4.9850572e-05 | BE6: =+AN6/(1-(0.5*$BA6)) -> 3.373347e-06 | BF6: =+AO6/(1-(0.5*$BA6)) -> 0.00012350198 | BG6: =+AP6/(1-(0.5*$BA6)) -> 1.9677857e-05 | BH6: =+AQ6/(1-(0.5*$BA6)) -> 2.9985307e-06 | BI6: =+AR6/(1-(0.5*$BA6)) -> 3.7481633e-07 | BJ6: =+AS6/(1-(0.5*$BA6)) -> 2.8111225e-06 | ... BQ6: =+AZ6/(1-(0.5*$BA6)) -> 6.3718777e-06 | BR6: =+(V5+V6)/(2*$U6) -> 1.2367218e-05 | BS6: =+(W5+W6)/(2*$U6) -> 3.9818695e-05 | BT6: =+(X5+X6)/(2*$U6) -> 2.9981135e-06 | BU6: =+(Y5+Y6)/(2*$U6) -> 0.00013538356 | BV6: =+(Z5+Z6)/(2*$U6) -> 1.2835673e-05 | BW6: =+(AA5+AA6)/(2*$U6) -> 2.6233493e-06 | BX6: =+(AB5+AB6)/(2*$U6) -> 0.00052729321 | BY6: =+(AC5+AC6)/(2*$U6) -> 1.2086145e-05 | ... CF6: =+(AJ5+AJ6)/(2*$U6) -> 5.9025359e-06
A7: 15-24 | B7: 4328734.7 | C7: 101 | D7: 301 | E7: 64 | F7: 1352 | G7: 1694 | H7: 51 | I7: 0 | J7: 33 | K7: 90 | L7: 34 | M7: 66 | N7: 36 | O7: 71 | P7: 47 | Q7: 27 | S7: =+$B$1 -> 1996 | T7: =+A7 -> 15-24 | U7: =+B7 -> 4328734.7 | V7: =+C7 -> 101 | W7: =+D7 -> 301 | X7: =+E7 -> 64 | Y7: =+F7 -> 1352 | Z7: =+G7 -> 1694 | AA7: =+H7 -> 51 | ... AJ7: =+Q7 -> 27 | AK7: =+SUM(V7:AJ7) -> 3967 | AL7: =+V7/$U7 -> 2.3332453e-05 | AM7: =+W7/$U7 -> 6.953533e-05 | AN7: =+X7/$U7 -> 1.4784921e-05 | AO7: =+Y7/$U7 -> 0.00031233145 | AP7: =+Z7/$U7 -> 0.00039133837 | AQ7: =+AA7/$U7 -> 1.1781734e-05 | AR7: =+AB7/$U7 -> 0 | AS7: =+AC7/$U7 -> 7.6234748e-06 | ... AZ7: =+AJ7/$U7 -> 6.2373884e-06 | BA7: =+AK7/U7 -> 0.00091643407 | BB7: =+U7-(0.5*AK7) -> 4326751.2 | BC7: =+AL7/(1-(0.5*$BA7)) -> 2.3343149e-05 | BD7: =+AM7/(1-(0.5*$BA7)) -> 6.9567207e-05 | BE7: =+AN7/(1-(0.5*$BA7)) -> 1.4791699e-05 | BF7: =+AO7/(1-(0.5*$BA7)) -> 0.00031247463 | BG7: =+AP7/(1-(0.5*$BA7)) -> 0.00039151777 | BH7: =+AQ7/(1-(0.5*$BA7)) -> 1.1787135e-05 | BI7: =+AR7/(1-(0.5*$BA7)) -> 0 | BJ7: =+AS7/(1-(0.5*$BA7)) -> 7.6269696e-06 | ... BQ7: =+AZ7/(1-(0.5*$BA7)) -> 6.2402478e-06 | BR7: =+(V6+V7)/(2*$U7) -> 1.7441586e-05 | BS7: =+(W6+W7)/(2*$U7) -> 6.5492579e-05 | BT7: =+(X6+X7)/(2*$U7) -> 9.4715899e-06 | BU7: =+(Y6+Y7)/(2*$U7) -> 0.00023228497 | BV7: =+(Z6+Z7)/(2*$U7) -> 0.00020779744 | BW7: =+(AA6+AA7)/(2*$U7) -> 7.738982e-06 | BX7: =+(AB6+AB7)/(2*$U7) -> 2.3101439e-07 | BY7: =+(AC6+AC7)/(2*$U7) -> 5.5443453e-06 | ... CF7: =+(AJ6+AJ7)/(2*$U7) -> 7.0459388e-06
A8: 25-44 | B8: 6500086.9 | C8: 1265 | D8: 1734 | E8: 517 | F8: 2393 | G8: 1811 | H8: 272 | I8: 1 | J8: 99 | K8: 191 | L8: 267 | M8: 94 | N8: 65 | O8: 232 | P8: 719 | Q8: 111 | S8: =+$B$1 -> 1996 | T8: =+A8 -> 25-44 | U8: =+B8 -> 6500086.9 | V8: =+C8 -> 1265 | W8: =+D8 -> 1734 | X8: =+E8 -> 517 | Y8: =+F8 -> 2393 | Z8: =+G8 -> 1811 | AA8: =+H8 -> 272 | ... AJ8: =+Q8 -> 111 | AK8: =+SUM(V8:AJ8) -> 9771 | AL8: =+V8/$U8 -> 0.00019461278 | AM8: =+W8/$U8 -> 0.00026676566 | AN8: =+X8/$U8 -> 7.9537398e-05 | AO8: =+Y8/$U8 -> 0.00036814892 | AP8: =+Z8/$U8 -> 0.00027861166 | AQ8: =+AA8/$U8 -> 4.1845594e-05 | AR8: =+AB8/$U8 -> 1.538441e-07 | AS8: =+AC8/$U8 -> 1.5230566e-05 | ... AZ8: =+AJ8/$U8 -> 1.7076695e-05 | BA8: =+AK8/U8 -> 0.0015032107 | BB8: =+U8-(0.5*AK8) -> 6495201.4 | BC8: =+AL8/(1-(0.5*$BA8)) -> 0.00019475916 | BD8: =+AM8/(1-(0.5*$BA8)) -> 0.00026696632 | BE8: =+AN8/(1-(0.5*$BA8)) -> 7.9597223e-05 | BF8: =+AO8/(1-(0.5*$BA8)) -> 0.00036842583 | BG8: =+AP8/(1-(0.5*$BA8)) -> 0.00027882122 | BH8: =+AQ8/(1-(0.5*$BA8)) -> 4.1877069e-05 | BI8: =+AR8/(1-(0.5*$BA8)) -> 1.5395981e-07 | BJ8: =+AS8/(1-(0.5*$BA8)) -> 1.5242022e-05 | ... BQ8: =+AZ8/(1-(0.5*$BA8)) -> 1.7089539e-05 | BR8: =+(V7+V8)/(2*$U8) -> 0.00010507552 | BS8: =+(W7+W8)/(2*$U8) -> 0.00015653637 | BT8: =+(X7+X8)/(2*$U8) -> 4.469171e-05 | BU8: =+(Y7+Y8)/(2*$U8) -> 0.00028807307 | BV8: =+(Z7+Z8)/(2*$U8) -> 0.00026961178 | BW8: =+(AA7+AA8)/(2*$U8) -> 2.4845822e-05 | BX8: =+(AB7+AB8)/(2*$U8) -> 7.6922048e-08 | BY8: =+(AC7+AC8)/(2*$U8) -> 1.015371e-05 | ... CF8: =+(AJ7+AJ8)/(2*$U8) -> 1.0615243e-05
A9: 45-64 | B9: 2862216.5 | C9: 5170 | D9: 4424 | E9: 1783 | F9: 1078 | G9: 502 | H9: 1450 | I9: 0 | J9: 427 | K9: 247 | L9: 791 | M9: 38 | N9: 151 | O9: 387 | P9: 130 | Q9: 206 | S9: =+$B$1 -> 1996 | T9: =+A9 -> 45-64 | U9: =+B9 -> 2862216.5 | V9: =+C9 -> 5170 | W9: =+D9 -> 4424 | X9: =+E9 -> 1783 | Y9: =+F9 -> 1078 | Z9: =+G9 -> 502 | AA9: =+H9 -> 1450 | ... AJ9: =+Q9 -> 206 | AK9: =+SUM(V9:AJ9) -> 16784 | AL9: =+V9/$U9 -> 0.0018062924 | AM9: =+W9/$U9 -> 0.0015456553 | AN9: =+X9/$U9 -> 0.0006229438 | AO9: =+Y9/$U9 -> 0.00037663119 | AP9: =+Z9/$U9 -> 0.00017538855 | AQ9: =+AA9/$U9 -> 0.00050660039 | AR9: =+AB9/$U9 -> 0 | AS9: =+AC9/$U9 -> 0.00014918508 | ... AZ9: =+AJ9/$U9 -> 7.1972194e-05 | BA9: =+AK9/U9 -> 0.0058639869 | BB9: =+U9-(0.5*AK9) -> 2853824.5 | BC9: =+AL9/(1-(0.5*$BA9)) -> 0.0018116041 | BD9: =+AM9/(1-(0.5*$BA9)) -> 0.0015502004 | BE9: =+AN9/(1-(0.5*$BA9)) -> 0.00062477563 | BF9: =+AO9/(1-(0.5*$BA9)) -> 0.00037773872 | BG9: =+AP9/(1-(0.5*$BA9)) -> 0.0001759043 | BH9: =+AQ9/(1-(0.5*$BA9)) -> 0.00050809011 | BI9: =+AR9/(1-(0.5*$BA9)) -> 0 | BJ9: =+AS9/(1-(0.5*$BA9)) -> 0.00014962378 | ... BQ9: =+AZ9/(1-(0.5*$BA9)) -> 7.2183836e-05 | BR9: =+(V8+V9)/(2*$U9) -> 0.0011241288 | BS9: =+(W8+W9)/(2*$U9) -> 0.0010757397 | BT9: =+(X8+X9)/(2*$U9) -> 0.00040178652 | BU9: =+(Y8+Y9)/(2*$U9) -> 0.00060634827 | BV9: =+(Z8+Z9)/(2*$U9) -> 0.00040405749 | BW9: =+(AA8+AA9)/(2*$U9) -> 0.00030081582 | BX9: =+(AB8+AB9)/(2*$U9) -> 1.7468979e-07 | BY9: =+(AC8+AC9)/(2*$U9) -> 9.188683e-05 | ... CF9: =+(AJ8+AJ9)/(2*$U9) -> 5.5376664e-05
A10: 65-74 | B10: 710343.29 | C10: 5212 | D10: 3335 | E10: 1780 | F10: 380 | G10: 125 | H10: 1343 | I10: 0 | J10: 576 | K10: 226 | L10: 406 | M10: 24 | N10: 146 | O10: 319 | P10: 5 | Q10: 161 | S10: =+$B$1 -> 1996 | T10: =+A10 -> 65-74 | U10: =+B10 -> 710343.29 | V10: =+C10 -> 5212 | W10: =+D10 -> 3335 | X10: =+E10 -> 1780 | Y10: =+F10 -> 380 | Z10: =+G10 -> 125 | AA10: =+H10 -> 1343 | ... AJ10: =+Q10 -> 161 | AK10: =+SUM(V10:AJ10) -> 14038 | AL10: =+V10/$U10 -> 0.0073372975 | AM10: =+W10/$U10 -> 0.0046949131 | AN10: =+X10/$U10 -> 0.0025058307 | AO10: =+Y10/$U10 -> 0.00053495262 | AP10: =+Z10/$U10 -> 0.00017597126 | AQ10: =+AA10/$U10 -> 0.0018906352 | AR10: =+AB10/$U10 -> 0 | AS10: =+AC10/$U10 -> 0.00081087554 | ... AZ10: =+AJ10/$U10 -> 0.00022665098 | BA10: =+AK10/U10 -> 0.019762276 | BB10: =+U10-(0.5*AK10) -> 703324.29 | BC10: =+AL10/(1-(0.5*$BA10)) -> 0.0074105218 | BD10: =+AM10/(1-(0.5*$BA10)) -> 0.0047417671 | BE10: =+AN10/(1-(0.5*$BA10)) -> 0.0025308382 | BF10: =+AO10/(1-(0.5*$BA10)) -> 0.00054029131 | BG10: =+AP10/(1-(0.5*$BA10)) -> 0.0001777274 | BH10: =+AQ10/(1-(0.5*$BA10)) -> 0.0019095032 | BI10: =+AR10/(1-(0.5*$BA10)) -> 0 | BJ10: =+AS10/(1-(0.5*$BA10)) -> 0.00081896788 | ... BQ10: =+AZ10/(1-(0.5*$BA10)) -> 0.0002289129 | BR10: =+(V9+V10)/(2*$U10) -> 0.0073077343 | BS10: =+(W9+W10)/(2*$U10) -> 0.0054614439 | BT10: =+(X9+X10)/(2*$U10) -> 0.0025079423 | BU10: =+(Y9+Y10)/(2*$U10) -> 0.0010262644 | BV10: =+(Z9+Z10)/(2*$U10) -> 0.00044133591 | BW10: =+(AA9+AA10)/(2*$U10) -> 0.0019659509 | BX10: =+(AB9+AB10)/(2*$U10) -> 0 | BY10: =+(AC9+AC10)/(2*$U10) -> 0.00070599668 | ... CF10: =+(AJ9+AJ10)/(2*$U10) -> 0.0002583258
A11: 75+ | B11: 710343.29 | C11: 9429 | D11: 3401 | E11: 3442 | F11: 534 | G11: 68 | H11: 1306 | I11: 14 | J11: 1141 | K11: 974 | L11: 279 | M11: 22 | N11: 432 | O11: 397 | P11: 7 | Q11: 178 | S11: =+$B$1 -> 1996 | T11: =+A11 -> 75+ | U11: =+B11 -> 710343.29 | V11: =+C11 -> 9429 | W11: =+D11 -> 3401 | X11: =+E11 -> 3442 | Y11: =+F11 -> 534 | Z11: =+G11 -> 68 | AA11: =+H11 -> 1306 | ... AJ11: =+Q11 -> 178 | AK11: =+SUM(V11:AJ11) -> 21624 | AL11: =+V11/$U11 -> 0.013273864 | AM11: =+W11/$U11 -> 0.0047878259 | AN11: =+X11/$U11 -> 0.0048455445 | AO11: =+Y11/$U11 -> 0.0007517492 | AP11: =+Z11/$U11 -> 9.5728363e-05 | AQ11: =+AA11/$U11 -> 0.0018385477 | AR11: =+AB11/$U11 -> 1.9708781e-05 | AS11: =+AC11/$U11 -> 0.0016062656 | ... AZ11: =+AJ11/$U11 -> 0.00025058307 | BA11: =+AK11/U11 -> 0.030441619 | BB11: =+U11-(0.5*AK11) -> 699531.29 | BC11: =+AL11/(1-(0.5*$BA11)) -> 0.013479025 | BD11: =+AM11/(1-(0.5*$BA11)) -> 0.0048618269 | BE11: =+AN11/(1-(0.5*$BA11)) -> 0.0049204375 | BF11: =+AO11/(1-(0.5*$BA11)) -> 0.00076336829 | BG11: =+AP11/(1-(0.5*$BA11)) -> 9.7207947e-05 | BH11: =+AQ11/(1-(0.5*$BA11)) -> 0.0018669644 | BI11: =+AR11/(1-(0.5*$BA11)) -> 2.0013401e-05 | BJ11: =+AS11/(1-(0.5*$BA11)) -> 0.0016310922 | ... BQ11: =+AZ11/(1-(0.5*$BA11)) -> 0.0002544561 | BR11: =+(V10+V11)/(2*$U11) -> 0.010305581 | BS11: =+(W10+W11)/(2*$U11) -> 0.0047413695 | BT11: =+(X10+X11)/(2*$U11) -> 0.0036756876 | BU11: =+(Y10+Y11)/(2*$U11) -> 0.00064335091 | BV11: =+(Z10+Z11)/(2*$U11) -> 0.00013584981 | BW11: =+(AA10+AA11)/(2*$U11) -> 0.0018645914 | BX11: =+(AB10+AB11)/(2*$U11) -> 9.8543903e-06 | BY11: =+(AC10+AC11)/(2*$U11) -> 0.0012085706 | ... CF11: =+(AJ10+AJ11)/(2*$U11) -> 0.00023861702
T14: Leyenda
T15: Posicion | U15: Causa
T16: 1 | U16: Enfermedades del Corazón (I05-I09, I11, I13, I21-I51)
T17: 2 | U17: Cancer (C00-C97)
T18: 3 | U18: Enfermedad Cerebrovascular (I60-I69)
T19: 4 | U19: Accidentes de Todo Tipo (V01-X59)
T20: 5 | U20: Suicidios y Homicidios. (X60-Y09)
T21: 6 | U21: Diabetes (E10-E14)
T22: 7 | U22: Ciertas afecciones originadas en el período perinatal (P00-P96)
T23: 8 | U23: Enfermedades crónicas de las vías respiratorias inferiores (J40-J47)
T24: 9 | U24: Influenza y neumonía (J09-J18)
T25: 10 | U25: Enfermedades del hígado. (K70-K77)
T26: 11 | U26: Malformaciones congénitas, deformidades y anomalías cromosómicas (Q00-Q99)
T27: 12 | U27: Enfermedades infecciosas intestinales(A00-A09)
... T30: 15 | U30: Tumores benignos y de comportamiento incierto o desconocido (D10-D48)
A32: Año | B32: 1996
A34: Suma de Fallecimientos | C34: Posicion
A35: Grupo Etario | B35: Población | C35: 1 | D35: 10 | E35: 11 | F35: 12 | G35: 13 | H35: 2 | I35: 3 | J35: 4 | K35: 5 | L35: 6 | M35: 7 | N35: 8 | O35: 9 | P35: 14 | Q35: 15 | S35: Año | T35: Grupo Etario | U35: lx(T) | V35: =+CONCATENATE("dx","(",C35,")") -> dx(1) | W35: =+CONCATENATE("dx","(",D35,")") -> dx(10) | X35: =+CONCATENATE("dx","(",E35,")") -> dx(11) | Y35: =+CONCATENATE("dx","(",F35,")") -> dx(12) | Z35: =+CONCATENATE("dx","(",G35,")") -> dx(13) | AA35: =+CONCATENATE("dx","(",H35,")") -> dx(2) | AB35: =+CONCATENATE("dx","(",I35,")") -> dx(3) | AC35: =+CONCATENATE("dx","(",J35,")") -> dx(4) | ... AJ35: =+CONCATENATE("dx","(",Q35,")") -> dx(15) | AK35: dx(T) | AL35: =+CONCATENATE("qx","(",C35,")") -> qx(1) | AM35: =+CONCATENATE("qx","(",D35,")") -> qx(10) | AN35: =+CONCATENATE("qx","(",E35,")") -> qx(11) | AO35: =+CONCATENATE("qx","(",F35,")") -> qx(12) | AP35: =+CONCATENATE("qx","(",G35,")") -> qx(13) | AQ35: =+CONCATENATE("qx","(",H35,")") -> qx(2) | AR35: =+CONCATENATE("qx","(",I35,")") -> qx(3) | AS35: =+CONCATENATE("qx","(",J35,")") -> qx(4) | ... AZ35: =+CONCATENATE("qx","(",Q35,")") -> qx(15) | BA35: =+CONCATENATE("qx","(T)") -> qx(T) | BB35: Lx(T) | BC35: =+CONCATENATE("mx","(",C35,")") -> mx(1) | BD35: =+CONCATENATE("mx","(",D35,")") -> mx(10) | BE35: =+CONCATENATE("mx","(",E35,")") -> mx(11) | BF35: =+CONCATENATE("mx","(",F35,")") -> mx(12) | BG35: =+CONCATENATE("mx","(",G35,")") -> mx(13) | BH35: =+CONCATENATE("mx","(",H35,")") -> mx(2) | BI35: =+CONCATENATE("mx","(",I35,")") -> mx(3) | BJ35: =+CONCATENATE("mx","(",J35,")") -> mx(4) | ... BQ35: =+CONCATENATE("mx","(",Q35,")") -> mx(15) | BR35: =+CONCATENATE("µ(X)",C35) -> µ(X)1 | BS35: =+CONCATENATE("µ(X)",D35) -> µ(X)10 | BT35: =+CONCATENATE("µ(X)",E35) -> µ(X)11 | BU35: =+CONCATENATE("µ(X)",F35) -> µ(X)12 | BV35: =+CONCATENATE("µ(X)",G35) -> µ(X)13 | BW35: =+CONCATENATE("µ(X)",H35) -> µ(X)2 | BX35: =+CONCATENATE("µ(X)",I35) -> µ(X)3 | BY35: =+CONCATENATE("µ(X)",J35) -> µ(X)4 | ... CF35: =+CONCATENATE("µ(X)",Q35) -> µ(X)15
A36: 0-4 | B36: 2669011.1 | C36: 82 | D36: 35 | E36: 1552 | F36: 2468 | G36: 37 | H36: 159 | I36: 14 | J36: 786 | K36: 32 | L36: 12 | M36: 5626 | N36: 114 | O36: 877 | P36: 21 | Q36: 29 | S36: =+$B$32 -> 1996 | T36: =+A36 -> 0-4 | U36: =+B36 -> 2669011.1 | V36: =+C36 -> 82 | W36: =+D36 -> 35 | X36: =+E36 -> 1552 | Y36: =+F36 -> 2468 | Z36: =+G36 -> 37 | AA36: =+H36 -> 159 | ... AJ36: =+Q36 -> 29 | AK36: =+SUM(V36:AJ36) -> 11844 | AL36: =+V36/$U36 -> 3.072299e-05 | AM36: =+W36/$U36 -> 1.3113471e-05 | AN36: =+X36/$U36 -> 0.00058148878 | AO36: =+Y36/$U36 -> 0.00092468706 | AP36: =+Z36/$U36 -> 1.3862813e-05 | AQ36: =+AA36/$U36 -> 5.9572627e-05 | AR36: =+AB36/$U36 -> 5.2453885e-06 | AS36: =+AC36/$U36 -> 0.0002944911 | ... AZ36: =+AJ36/$U36 -> 1.0865448e-05 | BA36: =+AK36/U36 -> 0.0044375987 | BB36: =+U36-(0.5*AK36) -> 2663089.1 | BC36: =+AL36/(1-(0.5*$BA36)) -> 3.079131e-05 | BD36: =+AM36/(1-(0.5*$BA36)) -> 1.3142632e-05 | BE36: =+AN36/(1-(0.5*$BA36)) -> 0.00058278186 | BF36: =+AO36/(1-(0.5*$BA36)) -> 0.00092674332 | BG36: =+AP36/(1-(0.5*$BA36)) -> 1.389364e-05 | BH36: =+AQ36/(1-(0.5*$BA36)) -> 5.97051e-05 | BI36: =+AR36/(1-(0.5*$BA36)) -> 5.2570529e-06 | BJ36: =+AS36/(1-(0.5*$BA36)) -> 0.00029514597 | ... BQ36: =+AZ36/(1-(0.5*$BA36)) -> 1.088961e-05 | BR36: =+V36/(2*$U36) -> 1.5361495e-05 | BS36: =+W36/(2*$U36) -> 6.5567357e-06 | BT36: =+X36/(2*$U36) -> 0.00029074439 | BU36: =+Y36/(2*$U36) -> 0.00046234353 | BV36: =+Z36/(2*$U36) -> 6.9314063e-06 | BW36: =+AA36/(2*$U36) -> 2.9786313e-05 | BX36: =+AB36/(2*$U36) -> 2.6226943e-06 | BY36: =+AC36/(2*$U36) -> 0.00014724555 | ... CF36: =+AJ36/(2*$U36) -> 5.4327238e-06
A37: 5-14 | B37: 5336689.3 | C37: 50 | D37: 18 | E37: 121 | F37: 79 | G37: 18 | H37: 266 | I37: 18 | J37: 659 | K37: 105 | L37: 16 | M37: 2 | N37: 15 | O37: 82 | P37: 2 | Q37: 34 | S37: =+$B$32 -> 1996 | T37: =+A37 -> 5-14 | U37: =+B37 -> 5336689.3 | V37: =+C37 -> 50 | W37: =+D37 -> 18 | X37: =+E37 -> 121 | Y37: =+F37 -> 79 | Z37: =+G37 -> 18 | AA37: =+H37 -> 266 | ... AJ37: =+Q37 -> 34 | AK37: =+SUM(V37:AJ37) -> 1485 | AL37: =+V37/$U37 -> 9.3691046e-06 | AM37: =+W37/$U37 -> 3.3728777e-06 | AN37: =+X37/$U37 -> 2.2673233e-05 | AO37: =+Y37/$U37 -> 1.4803185e-05 | AP37: =+Z37/$U37 -> 3.3728777e-06 | AQ37: =+AA37/$U37 -> 4.9843637e-05 | AR37: =+AB37/$U37 -> 3.3728777e-06 | AS37: =+AC37/$U37 -> 0.0001234848 | ... AZ37: =+AJ37/$U37 -> 6.3709911e-06 | BA37: =+AK37/U37 -> 0.00027826241 | BB37: =+U37-(0.5*AK37) -> 5335946.8 | BC37: =+AL37/(1-(0.5*$BA37)) -> 9.3704083e-06 | BD37: =+AM37/(1-(0.5*$BA37)) -> 3.373347e-06 | BE37: =+AN37/(1-(0.5*$BA37)) -> 2.2676388e-05 | BF37: =+AO37/(1-(0.5*$BA37)) -> 1.4805245e-05 | BG37: =+AP37/(1-(0.5*$BA37)) -> 3.373347e-06 | BH37: =+AQ37/(1-(0.5*$BA37)) -> 4.9850572e-05 | BI37: =+AR37/(1-(0.5*$BA37)) -> 3.373347e-06 | BJ37: =+AS37/(1-(0.5*$BA37)) -> 0.00012350198 | ... BQ37: =+AZ37/(1-(0.5*$BA37)) -> 6.3718777e-06 | BR37: =+(V36+V37)/(2*$U37) -> 1.2367218e-05 | BS37: =+(W36+W37)/(2*$U37) -> 4.9656254e-06 | BT37: =+(X36+X37)/(2*$U37) -> 0.00015674512 | BU37: =+(Y36+Y37)/(2*$U37) -> 0.00023863109 | BV37: =+(Z36+Z37)/(2*$U37) -> 5.1530075e-06 | BW37: =+(AA36+AA37)/(2*$U37) -> 3.9818695e-05 | BX37: =+(AB36+AB37)/(2*$U37) -> 2.9981135e-06 | BY37: =+(AC36+AC37)/(2*$U37) -> 0.00013538356 | ... CF37: =+(AJ36+AJ37)/(2*$U37) -> 5.9025359e-06
A38: 15-24 | B38: 4328734.7 | C38: 101 | D38: 34 | E38: 66 | F38: 36 | G38: 71 | H38: 301 | I38: 64 | J38: 1352 | K38: 1694 | L38: 51 | M38: 0 | N38: 33 | O38: 90 | P38: 47 | Q38: 27 | S38: =+$B$32 -> 1996 | T38: =+A38 -> 15-24 | U38: =+B38 -> 4328734.7 | V38: =+C38 -> 101 | W38: =+D38 -> 34 | X38: =+E38 -> 66 | Y38: =+F38 -> 36 | Z38: =+G38 -> 71 | AA38: =+H38 -> 301 | ... AJ38: =+Q38 -> 27 | AK38: =+SUM(V38:AJ38) -> 3967 | AL38: =+V38/$U38 -> 2.3332453e-05 | AM38: =+W38/$U38 -> 7.8544892e-06 | AN38: =+X38/$U38 -> 1.524695e-05 | AO38: =+Y38/$U38 -> 8.3165179e-06 | AP38: =+Z38/$U38 -> 1.6402021e-05 | AQ38: =+AA38/$U38 -> 6.953533e-05 | AR38: =+AB38/$U38 -> 1.4784921e-05 | AS38: =+AC38/$U38 -> 0.00031233145 | ... AZ38: =+AJ38/$U38 -> 6.2373884e-06 | BA38: =+AK38/U38 -> 0.00091643407 | BB38: =+U38-(0.5*AK38) -> 4326751.2 | BC38: =+AL38/(1-(0.5*$BA38)) -> 2.3343149e-05 | BD38: =+AM38/(1-(0.5*$BA38)) -> 7.8580899e-06 | BE38: =+AN38/(1-(0.5*$BA38)) -> 1.5253939e-05 | BF38: =+AO38/(1-(0.5*$BA38)) -> 8.3203304e-06 | BG38: =+AP38/(1-(0.5*$BA38)) -> 1.6409541e-05 | BH38: =+AQ38/(1-(0.5*$BA38)) -> 6.9567207e-05 | BI38: =+AR38/(1-(0.5*$BA38)) -> 1.4791699e-05 | BJ38: =+AS38/(1-(0.5*$BA38)) -> 0.00031247463 | ... BQ38: =+AZ38/(1-(0.5*$BA38)) -> 6.2402478e-06 | BR38: =+(V37+V38)/(2*$U38) -> 1.7441586e-05 | BS38: =+(W37+W38)/(2*$U38) -> 6.0063741e-06 | BT38: =+(X37+X38)/(2*$U38) -> 2.1599845e-05 | BU38: =+(Y37+Y38)/(2*$U38) -> 1.3283327e-05 | BV38: =+(Z37+Z38)/(2*$U38) -> 1.028014e-05 | BW38: =+(AA37+AA38)/(2*$U38) -> 6.5492579e-05 | BX38: =+(AB37+AB38)/(2*$U38) -> 9.4715899e-06 | BY38: =+(AC37+AC38)/(2*$U38) -> 0.00023228497 | ... CF38: =+(AJ37+AJ38)/(2*$U38) -> 7.0459388e-06
A39: 25-44 | B39: 6500086.9 | C39: 1265 | D39: 267 | E39: 94 | F39: 65 | G39: 232 | H39: 1734 | I39: 517 | J39: 2393 | K39: 1811 | L39: 272 | M39: 1 | N39: 99 | O39: 191 | P39: 719 | Q39: 111 | S39: =+$B$32 -> 1996 | T39: =+A39 -> 25-44 | U39: =+B39 -> 6500086.9 | V39: =+C39 -> 1265 | W39: =+D39 -> 267 | X39: =+E39 -> 94 | Y39: =+F39 -> 65 | Z39: =+G39 -> 232 | AA39: =+H39 -> 1734 | ... AJ39: =+Q39 -> 111 | AK39: =+SUM(V39:AJ39) -> 9771 | AL39: =+V39/$U39 -> 0.00019461278 | AM39: =+W39/$U39 -> 4.1076374e-05 | AN39: =+X39/$U39 -> 1.4461345e-05 | AO39: =+Y39/$U39 -> 9.9998662e-06 | AP39: =+Z39/$U39 -> 3.569183e-05 | AQ39: =+AA39/$U39 -> 0.00026676566 | AR39: =+AB39/$U39 -> 7.9537398e-05 | AS39: =+AC39/$U39 -> 0.00036814892 | ... AZ39: =+AJ39/$U39 -> 1.7076695e-05 | BA39: =+AK39/U39 -> 0.0015032107 | BB39: =+U39-(0.5*AK39) -> 6495201.4 | BC39: =+AL39/(1-(0.5*$BA39)) -> 0.00019475916 | BD39: =+AM39/(1-(0.5*$BA39)) -> 4.110727e-05 | BE39: =+AN39/(1-(0.5*$BA39)) -> 1.4472222e-05 | BF39: =+AO39/(1-(0.5*$BA39)) -> 1.0007388e-05 | BG39: =+AP39/(1-(0.5*$BA39)) -> 3.5718677e-05 | BH39: =+AQ39/(1-(0.5*$BA39)) -> 0.00026696632 | BI39: =+AR39/(1-(0.5*$BA39)) -> 7.9597223e-05 | BJ39: =+AS39/(1-(0.5*$BA39)) -> 0.00036842583 | ... BQ39: =+AZ39/(1-(0.5*$BA39)) -> 1.7089539e-05 | BR39: =+(V38+V39)/(2*$U39) -> 0.00010507552 | BS39: =+(W38+W39)/(2*$U39) -> 2.3153536e-05 | BT39: =+(X38+X39)/(2*$U39) -> 1.2307528e-05 | BU39: =+(Y38+Y39)/(2*$U39) -> 7.7691269e-06 | BV39: =+(Z38+Z39)/(2*$U39) -> 2.3307381e-05 | BW39: =+(AA38+AA39)/(2*$U39) -> 0.00015653637 | BX39: =+(AB38+AB39)/(2*$U39) -> 4.469171e-05 | BY39: =+(AC38+AC39)/(2*$U39) -> 0.00028807307 | ... CF39: =+(AJ38+AJ39)/(2*$U39) -> 1.0615243e-05
A40: 45-64 | B40: 2862216.5 | C40: 5170 | D40: 791 | E40: 38 | F40: 151 | G40: 387 | H40: 4424 | I40: 1783 | J40: 1078 | K40: 502 | L40: 1450 | M40: 0 | N40: 427 | O40: 247 | P40: 130 | Q40: 206 | S40: =+$B$32 -> 1996 | T40: =+A40 -> 45-64 | U40: =+B40 -> 2862216.5 | V40: =+C40 -> 5170 | W40: =+D40 -> 791 | X40: =+E40 -> 38 | Y40: =+F40 -> 151 | Z40: =+G40 -> 387 | AA40: =+H40 -> 4424 | ... AJ40: =+Q40 -> 206 | AK40: =+SUM(V40:AJ40) -> 16784 | AL40: =+V40/$U40 -> 0.0018062924 | AM40: =+W40/$U40 -> 0.00027635925 | AN40: =+X40/$U40 -> 1.3276424e-05 | AO40: =+Y40/$U40 -> 5.2756317e-05 | AP40: =+Z40/$U40 -> 0.0001352099 | AQ40: =+AA40/$U40 -> 0.0015456553 | AR40: =+AB40/$U40 -> 0.0006229438 | AS40: =+AC40/$U40 -> 0.00037663119 | ... AZ40: =+AJ40/$U40 -> 7.1972194e-05 | BA40: =+AK40/U40 -> 0.0058639869 | BB40: =+U40-(0.5*AK40) -> 2853824.5 | BC40: =+AL40/(1-(0.5*$BA40)) -> 0.0018116041 | BD40: =+AM40/(1-(0.5*$BA40)) -> 0.00027717192 | BE40: =+AN40/(1-(0.5*$BA40)) -> 1.3315465e-05 | BF40: =+AO40/(1-(0.5*$BA40)) -> 5.2911453e-05 | BG40: =+AP40/(1-(0.5*$BA40)) -> 0.0001356075 | BH40: =+AQ40/(1-(0.5*$BA40)) -> 0.0015502004 | BI40: =+AR40/(1-(0.5*$BA40)) -> 0.00062477563 | BJ40: =+AS40/(1-(0.5*$BA40)) -> 0.00037773872 | ... BQ40: =+AZ40/(1-(0.5*$BA40)) -> 7.2183836e-05 | BR40: =+(V39+V40)/(2*$U40) -> 0.0011241288 | BS40: =+(W39+W40)/(2*$U40) -> 0.0001848218 | BT40: =+(X39+X40)/(2*$U40) -> 2.3059052e-05 | BU40: =+(Y39+Y40)/(2*$U40) -> 3.7732995e-05 | BV40: =+(Z39+Z40)/(2*$U40) -> 0.00010813298 | BW40: =+(AA39+AA40)/(2*$U40) -> 0.0010757397 | BX40: =+(AB39+AB40)/(2*$U40) -> 0.00040178652 | BY40: =+(AC39+AC40)/(2*$U40) -> 0.00060634827 | ... CF40: =+(AJ39+AJ40)/(2*$U40) -> 5.5376664e-05
A41: 65-74 | B41: 710343.29 | C41: 5212 | D41: 406 | E41: 24 | F41: 146 | G41: 319 | H41: 3335 | I41: 1780 | J41: 380 | K41: 125 | L41: 1343 | M41: 0 | N41: 576 | O41: 226 | P41: 5 | Q41: 161 | S41: =+$B$32 -> 1996 | T41: =+A41 -> 65-74 | U41: =+B41 -> 710343.29 | V41: =+C41 -> 5212 | W41: =+D41 -> 406 | X41: =+E41 -> 24 | Y41: =+F41 -> 146 | Z41: =+G41 -> 319 | AA41: =+H41 -> 3335 | ... AJ41: =+Q41 -> 161 | AK41: =+SUM(V41:AJ41) -> 14038 | AL41: =+V41/$U41 -> 0.0073372975 | AM41: =+W41/$U41 -> 0.00057155464 | AN41: =+X41/$U41 -> 3.3786481e-05 | AO41: =+Y41/$U41 -> 0.00020553443 | AP41: =+Z41/$U41 -> 0.00044907864 | AQ41: =+AA41/$U41 -> 0.0046949131 | AR41: =+AB41/$U41 -> 0.0025058307 | AS41: =+AC41/$U41 -> 0.00053495262 | ... AZ41: =+AJ41/$U41 -> 0.00022665098 | BA41: =+AK41/U41 -> 0.019762276 | BB41: =+U41-(0.5*AK41) -> 703324.29 | BC41: =+AL41/(1-(0.5*$BA41)) -> 0.0074105218 | BD41: =+AM41/(1-(0.5*$BA41)) -> 0.00057725861 | BE41: =+AN41/(1-(0.5*$BA41)) -> 3.4123662e-05 | BF41: =+AO41/(1-(0.5*$BA41)) -> 0.00020758561 | BG41: =+AP41/(1-(0.5*$BA41)) -> 0.00045356034 | BH41: =+AQ41/(1-(0.5*$BA41)) -> 0.0047417671 | BI41: =+AR41/(1-(0.5*$BA41)) -> 0.0025308382 | BJ41: =+AS41/(1-(0.5*$BA41)) -> 0.00054029131 | ... BQ41: =+AZ41/(1-(0.5*$BA41)) -> 0.0002289129 | BR41: =+(V40+V41)/(2*$U41) -> 0.0073077343 | BS41: =+(W40+W41)/(2*$U41) -> 0.00084255037 | BT41: =+(X40+X41)/(2*$U41) -> 4.3640871e-05 | BU41: =+(Y40+Y41)/(2*$U41) -> 0.00020905385 | BV41: =+(Z40+Z41)/(2*$U41) -> 0.00049694282 | BW41: =+(AA40+AA41)/(2*$U41) -> 0.0054614439 | BX41: =+(AB40+AB41)/(2*$U41) -> 0.0025079423 | BY41: =+(AC40+AC41)/(2*$U41) -> 0.0010262644 | ... CF41: =+(AJ40+AJ41)/(2*$U41) -> 0.0002583258
A42: 75+ | B42: 710343.29 | C42: 9429 | D42: 279 | E42: 22 | F42: 432 | G42: 397 | H42: 3401 | I42: 3442 | J42: 534 | K42: 68 | L42: 1306 | M42: 14 | N42: 1141 | O42: 974 | P42: 7 | Q42: 178 | S42: =+$B$32 -> 1996 | T42: =+A42 -> 75+ | U42: =+B42 -> 710343.29 | V42: =+C42 -> 9429 | W42: =+D42 -> 279 | X42: =+E42 -> 22 | Y42: =+F42 -> 432 | Z42: =+G42 -> 397 | AA42: =+H42 -> 3401 | ... AJ42: =+Q42 -> 178 | AK42: =+SUM(V42:AJ42) -> 21624 | AL42: =+V42/$U42 -> 0.013273864 | AM42: =+W42/$U42 -> 0.00039276784 | AN42: =+X42/$U42 -> 3.0970941e-05 | AO42: =+Y42/$U42 -> 0.00060815666 | AP42: =+Z42/$U42 -> 0.00055888471 | AQ42: =+AA42/$U42 -> 0.0047878259 | AR42: =+AB42/$U42 -> 0.0048455445 | AS42: =+AC42/$U42 -> 0.0007517492 | ... AZ42: =+AJ42/$U42 -> 0.00025058307 | BA42: =+AK42/U42 -> 0.030441619 | BB42: =+U42-(0.5*AK42) -> 699531.29 | BC42: =+AL42/(1-(0.5*$BA42)) -> 0.013479025 | BD42: =+AM42/(1-(0.5*$BA42)) -> 0.00039883849 | BE42: =+AN42/(1-(0.5*$BA42)) -> 3.144963e-05 | BF42: =+AO42/(1-(0.5*$BA42)) -> 0.00061755637 | BG42: =+AP42/(1-(0.5*$BA42)) -> 0.00056752286 | BH42: =+AQ42/(1-(0.5*$BA42)) -> 0.0048618269 | BI42: =+AR42/(1-(0.5*$BA42)) -> 0.0049204375 | BJ42: =+AS42/(1-(0.5*$BA42)) -> 0.00076336829 | ... BQ42: =+AZ42/(1-(0.5*$BA42)) -> 0.0002544561 | BR42: =+(V41+V42)/(2*$U42) -> 0.010305581 | BS42: =+(W41+W42)/(2*$U42) -> 0.00048216124 | BT42: =+(X41+X42)/(2*$U42) -> 3.2378711e-05 | BU42: =+(Y41+Y42)/(2*$U42) -> 0.00040684554 | BV42: =+(Z41+Z42)/(2*$U42) -> 0.00050398168 | BW42: =+(AA41+AA42)/(2*$U42) -> 0.0047413695 | BX42: =+(AB41+AB42)/(2*$U42) -> 0.0036756876 | BY42: =+(AC41+AC42)/(2*$U42) -> 0.00064335091 | ... CF42: =+(AJ41+AJ42)/(2*$U42) -> 0.00023861702
A45: Año | B45: 1996
A47: Suma de Fallecimientos | C47: Posicion
A48: Grupo Etario | B48: Población | C48: 1 | D48: 10 | E48: 11 | F48: 12 | G48: 13 | H48: 2 | I48: 3 | J48: 4 | K48: 5 | L48: 6 | M48: 7 | N48: 8 | O48: 9 | P48: 14 | Q48: 15 | S48: Año | T48: Grupo Etario | U48: lx(T) | V48: =+CONCATENATE("dx","(",C48,")") -> dx(1) | W48: =+CONCATENATE("dx","(",D48,")") -> dx(10) | X48: =+CONCATENATE("dx","(",E48,")") -> dx(11) | Y48: =+CONCATENATE("dx","(",F48,")") -> dx(12) | Z48: =+CONCATENATE("dx","(",G48,")") -> dx(13) | AA48: =+CONCATENATE("dx","(",H48,")") -> dx(2) | AB48: =+CONCATENATE("dx","(",I48,")") -> dx(3) | AC48: =+CONCATENATE("dx","(",J48,")") -> dx(4) | ... AJ48: =+CONCATENATE("dx","(",Q48,")") -> dx(15) | AK48: dx(T) | AL48: =+CONCATENATE("qx","(",C48,")") -> qx(1) | AM48: =+CONCATENATE("qx","(",D48,")") -> qx(10) | AN48: =+CONCATENATE("qx","(",E48,")") -> qx(11) | AO48: =+CONCATENATE("qx","(",F48,")") -> qx(12) | AP48: =+CONCATENATE("qx","(",G48,")") -> qx(13) | AQ48: =+CONCATENATE("qx","(",H48,")") -> qx(2) | AR48: =+CONCATENATE("qx","(",I48,")") -> qx(3) | AS48: =+CONCATENATE("qx","(",J48,")") -> qx(4) | ... AZ48: =+CONCATENATE("qx","(",Q48,")") -> qx(15) | BA48: =+CONCATENATE("qx","(T)") -> qx(T) | BB48: Lx(T) | BC48: =+CONCATENATE("mx","(",C48,")") -> mx(1) | BD48: =+CONCATENATE("mx","(",D48,")") -> mx(10) | BE48: =+CONCATENATE("mx","(",E48,")") -> mx(11) | BF48: =+CONCATENATE("mx","(",F48,")") -> mx(12) | BG48: =+CONCATENATE("mx","(",G48,")") -> mx(13) | BH48: =+CONCATENATE("mx","(",H48,")") -> mx(2) | BI48: =+CONCATENATE("mx","(",I48,")") -> mx(3) | BJ48: =+CONCATENATE("mx","(",J48,")") -> mx(4) | ... BQ48: =+CONCATENATE("mx","(",Q48,")") -> mx(15) | BR48: =+CONCATENATE("µ(X)",C48) -> µ(X)1 | BS48: =+CONCATENATE("µ(X)",D48) -> µ(X)10 | BT48: =+CONCATENATE("µ(X)",E48) -> µ(X)11 | BU48: =+CONCATENATE("µ(X)",F48) -> µ(X)12 | BV48: =+CONCATENATE("µ(X)",G48) -> µ(X)13 | BW48: =+CONCATENATE("µ(X)",H48) -> µ(X)2 | BX48: =+CONCATENATE("µ(X)",I48) -> µ(X)3 | BY48: =+CONCATENATE("µ(X)",J48) -> µ(X)4 | ... CF48: =+CONCATENATE("µ(X)",Q48) -> µ(X)15
A49: 0-4 | B49: 2669011.1 | C49: 82 | D49: 35 | E49: 1552 | F49: 2468 | G49: 37 | H49: 159 | I49: 14 | J49: 786 | K49: 32 | L49: 12 | M49: 5626 | N49: 114 | O49: 877 | P49: 21 | Q49: 29 | S49: =+$B$45 -> 1996 | T49: =+A49 -> 0-4 | U49: =+B49 -> 2669011.1 | V49: =+C49 -> 82 | W49: =+D49 -> 35 | X49: =+E49 -> 1552 | Y49: =+F49 -> 2468 | Z49: =+G49 -> 37 | AA49: =+H49 -> 159 | ... AJ49: =+Q49 -> 29 | AK49: =+SUM(V49:AJ49) -> 11844 | AL49: =+V49/$U49 -> 3.072299e-05 | AM49: =+W49/$U49 -> 1.3113471e-05 | AN49: =+X49/$U49 -> 0.00058148878 | AO49: =+Y49/$U49 -> 0.00092468706 | AP49: =+Z49/$U49 -> 1.3862813e-05 | AQ49: =+AA49/$U49 -> 5.9572627e-05 | AR49: =+AB49/$U49 -> 5.2453885e-06 | AS49: =+AC49/$U49 -> 0.0002944911 | ... AZ49: =+AJ49/$U49 -> 1.0865448e-05 | BA49: =+AK49/U49 -> 0.0044375987 | BB49: =+U49-(0.5*AK49) -> 2663089.1 | BC49: =+AL49/(1-(0.5*$BA49)) -> 3.079131e-05 | BD49: =+AM49/(1-(0.5*$BA49)) -> 1.3142632e-05 | BE49: =+AN49/(1-(0.5*$BA49)) -> 0.00058278186 | BF49: =+AO49/(1-(0.5*$BA49)) -> 0.00092674332 | BG49: =+AP49/(1-(0.5*$BA49)) -> 1.389364e-05 | BH49: =+AQ49/(1-(0.5*$BA49)) -> 5.97051e-05 | BI49: =+AR49/(1-(0.5*$BA49)) -> 5.2570529e-06 | BJ49: =+AS49/(1-(0.5*$BA49)) -> 0.00029514597 | ... BQ49: =+AZ49/(1-(0.5*$BA49)) -> 1.088961e-05 | BR49: =+V49/(2*$U49) -> 1.5361495e-05 | BS49: =+W49/(2*$U49) -> 6.5567357e-06 | BT49: =+X49/(2*$U49) -> 0.00029074439 | BU49: =+Y49/(2*$U49) -> 0.00046234353 | BV49: =+Z49/(2*$U49) -> 6.9314063e-06 | BW49: =+AA49/(2*$U49) -> 2.9786313e-05 | BX49: =+AB49/(2*$U49) -> 2.6226943e-06 | BY49: =+AC49/(2*$U49) -> 0.00014724555 | ... CF49: =+AJ49/(2*$U49) -> 5.4327238e-06
A50: 5-14 | B50: 5336689.3 | C50: 50 | D50: 18 | E50: 121 | F50: 79 | G50: 18 | H50: 266 | I50: 18 | J50: 659 | K50: 105 | L50: 16 | M50: 2 | N50: 15 | O50: 82 | P50: 2 | Q50: 34 | S50: =+$B$45 -> 1996 | T50: =+A50 -> 5-14 | U50: =+B50 -> 5336689.3 | V50: =+C50 -> 50 | W50: =+D50 -> 18 | X50: =+E50 -> 121 | Y50: =+F50 -> 79 | Z50: =+G50 -> 18 | AA50: =+H50 -> 266 | ... AJ50: =+Q50 -> 34 | AK50: =+SUM(V50:AJ50) -> 1485 | AL50: =+V50/$U50 -> 9.3691046e-06 | AM50: =+W50/$U50 -> 3.3728777e-06 | AN50: =+X50/$U50 -> 2.2673233e-05 | AO50: =+Y50/$U50 -> 1.4803185e-05 | AP50: =+Z50/$U50 -> 3.3728777e-06 | AQ50: =+AA50/$U50 -> 4.9843637e-05 | AR50: =+AB50/$U50 -> 3.3728777e-06 | AS50: =+AC50/$U50 -> 0.0001234848 | ... AZ50: =+AJ50/$U50 -> 6.3709911e-06 | BA50: =+AK50/U50 -> 0.00027826241 | BB50: =+U50-(0.5*AK50) -> 5335946.8 | BC50: =+AL50/(1-(0.5*$BA50)) -> 9.3704083e-06 | BD50: =+AM50/(1-(0.5*$BA50)) -> 3.373347e-06 | BE50: =+AN50/(1-(0.5*$BA50)) -> 2.2676388e-05 | BF50: =+AO50/(1-(0.5*$BA50)) -> 1.4805245e-05 | BG50: =+AP50/(1-(0.5*$BA50)) -> 3.373347e-06 | BH50: =+AQ50/(1-(0.5*$BA50)) -> 4.9850572e-05 | BI50: =+AR50/(1-(0.5*$BA50)) -> 3.373347e-06 | BJ50: =+AS50/(1-(0.5*$BA50)) -> 0.00012350198 | ... BQ50: =+AZ50/(1-(0.5*$BA50)) -> 6.3718777e-06 | BR50: =+(V49+V50)/(2*$U50) -> 1.2367218e-05 | BS50: =+(W49+W50)/(2*$U50) -> 4.9656254e-06 | BT50: =+(X49+X50)/(2*$U50) -> 0.00015674512 | BU50: =+(Y49+Y50)/(2*$U50) -> 0.00023863109 | BV50: =+(Z49+Z50)/(2*$U50) -> 5.1530075e-06 | BW50: =+(AA49+AA50)/(2*$U50) -> 3.9818695e-05 | BX50: =+(AB49+AB50)/(2*$U50) -> 2.9981135e-06 | BY50: =+(AC49+AC50)/(2*$U50) -> 0.00013538356 | ... CF50: =+(AJ49+AJ50)/(2*$U50) -> 5.9025359e-06
A51: 15-24 | B51: 4328734.7 | C51: 101 | D51: 34 | E51: 66 | F51: 36 | G51: 71 | H51: 301 | I51: 64 | J51: 1352 | K51: 1694 | L51: 51 | M51: 0 | N51: 33 | O51: 90 | P51: 47 | Q51: 27 | S51: =+$B$45 -> 1996 | T51: =+A51 -> 15-24 | U51: =+B51 -> 4328734.7 | V51: =+C51 -> 101 | W51: =+D51 -> 34 | X51: =+E51 -> 66 | Y51: =+F51 -> 36 | Z51: =+G51 -> 71 | AA51: =+H51 -> 301 | ... AJ51: =+Q51 -> 27 | AK51: =+SUM(V51:AJ51) -> 3967 | AL51: =+V51/$U51 -> 2.3332453e-05 | AM51: =+W51/$U51 -> 7.8544892e-06 | AN51: =+X51/$U51 -> 1.524695e-05 | AO51: =+Y51/$U51 -> 8.3165179e-06 | AP51: =+Z51/$U51 -> 1.6402021e-05 | AQ51: =+AA51/$U51 -> 6.953533e-05 | AR51: =+AB51/$U51 -> 1.4784921e-05 | AS51: =+AC51/$U51 -> 0.00031233145 | ... AZ51: =+AJ51/$U51 -> 6.2373884e-06 | BA51: =+AK51/U51 -> 0.00091643407 | BB51: =+U51-(0.5*AK51) -> 4326751.2 | BC51: =+AL51/(1-(0.5*$BA51)) -> 2.3343149e-05 | BD51: =+AM51/(1-(0.5*$BA51)) -> 7.8580899e-06 | BE51: =+AN51/(1-(0.5*$BA51)) -> 1.5253939e-05 | BF51: =+AO51/(1-(0.5*$BA51)) -> 8.3203304e-06 | BG51: =+AP51/(1-(0.5*$BA51)) -> 1.6409541e-05 | BH51: =+AQ51/(1-(0.5*$BA51)) -> 6.9567207e-05 | BI51: =+AR51/(1-(0.5*$BA51)) -> 1.4791699e-05 | BJ51: =+AS51/(1-(0.5*$BA51)) -> 0.00031247463 | ... BQ51: =+AZ51/(1-(0.5*$BA51)) -> 6.2402478e-06 | BR51: =+(V50+V51)/(2*$U51) -> 1.7441586e-05 | BS51: =+(W50+W51)/(2*$U51) -> 6.0063741e-06 | BT51: =+(X50+X51)/(2*$U51) -> 2.1599845e-05 | BU51: =+(Y50+Y51)/(2*$U51) -> 1.3283327e-05 | BV51: =+(Z50+Z51)/(2*$U51) -> 1.028014e-05 | BW51: =+(AA50+AA51)/(2*$U51) -> 6.5492579e-05 | BX51: =+(AB50+AB51)/(2*$U51) -> 9.4715899e-06 | BY51: =+(AC50+AC51)/(2*$U51) -> 0.00023228497 | ... CF51: =+(AJ50+AJ51)/(2*$U51) -> 7.0459388e-06
A52: 25-44 | B52: 6500086.9 | C52: 1265 | D52: 267 | E52: 94 | F52: 65 | G52: 232 | H52: 1734 | I52: 517 | J52: 2393 | K52: 1811 | L52: 272 | M52: 1 | N52: 99 | O52: 191 | P52: 719 | Q52: 111 | S52: =+$B$45 -> 1996 | T52: =+A52 -> 25-44 | U52: =+B52 -> 6500086.9 | V52: =+C52 -> 1265 | W52: =+D52 -> 267 | X52: =+E52 -> 94 | Y52: =+F52 -> 65 | Z52: =+G52 -> 232 | AA52: =+H52 -> 1734 | ... AJ52: =+Q52 -> 111 | AK52: =+SUM(V52:AJ52) -> 9771 | AL52: =+V52/$U52 -> 0.00019461278 | AM52: =+W52/$U52 -> 4.1076374e-05 | AN52: =+X52/$U52 -> 1.4461345e-05 | AO52: =+Y52/$U52 -> 9.9998662e-06 | AP52: =+Z52/$U52 -> 3.569183e-05 | AQ52: =+AA52/$U52 -> 0.00026676566 | AR52: =+AB52/$U52 -> 7.9537398e-05 | AS52: =+AC52/$U52 -> 0.00036814892 | ... AZ52: =+AJ52/$U52 -> 1.7076695e-05 | BA52: =+AK52/U52 -> 0.0015032107 | BB52: =+U52-(0.5*AK52) -> 6495201.4 | BC52: =+AL52/(1-(0.5*$BA52)) -> 0.00019475916 | BD52: =+AM52/(1-(0.5*$BA52)) -> 4.110727e-05 | BE52: =+AN52/(1-(0.5*$BA52)) -> 1.4472222e-05 | BF52: =+AO52/(1-(0.5*$BA52)) -> 1.0007388e-05 | BG52: =+AP52/(1-(0.5*$BA52)) -> 3.5718677e-05 | BH52: =+AQ52/(1-(0.5*$BA52)) -> 0.00026696632 | BI52: =+AR52/(1-(0.5*$BA52)) -> 7.9597223e-05 | BJ52: =+AS52/(1-(0.5*$BA52)) -> 0.00036842583 | ... BQ52: =+AZ52/(1-(0.5*$BA52)) -> 1.7089539e-05 | BR52: =+(V51+V52)/(2*$U52) -> 0.00010507552 | BS52: =+(W51+W52)/(2*$U52) -> 2.3153536e-05 | BT52: =+(X51+X52)/(2*$U52) -> 1.2307528e-05 | BU52: =+(Y51+Y52)/(2*$U52) -> 7.7691269e-06 | BV52: =+(Z51+Z52)/(2*$U52) -> 2.3307381e-05 | BW52: =+(AA51+AA52)/(2*$U52) -> 0.00015653637 | BX52: =+(AB51+AB52)/(2*$U52) -> 4.469171e-05 | BY52: =+(AC51+AC52)/(2*$U52) -> 0.00028807307 | ... CF52: =+(AJ51+AJ52)/(2*$U52) -> 1.0615243e-05
A53: 45-64 | B53: 2862216.5 | C53: 5170 | D53: 791 | E53: 38 | F53: 151 | G53: 387 | H53: 4424 | I53: 1783 | J53: 1078 | K53: 502 | L53: 1450 | M53: 0 | N53: 427 | O53: 247 | P53: 130 | Q53: 206 | S53: =+$B$45 -> 1996 | T53: =+A53 -> 45-64 | U53: =+B53 -> 2862216.5 | V53: =+C53 -> 5170 | W53: =+D53 -> 791 | X53: =+E53 -> 38 | Y53: =+F53 -> 151 | Z53: =+G53 -> 387 | AA53: =+H53 -> 4424 | ... AJ53: =+Q53 -> 206 | AK53: =+SUM(V53:AJ53) -> 16784 | AL53: =+V53/$U53 -> 0.0018062924 | AM53: =+W53/$U53 -> 0.00027635925 | AN53: =+X53/$U53 -> 1.3276424e-05 | AO53: =+Y53/$U53 -> 5.2756317e-05 | AP53: =+Z53/$U53 -> 0.0001352099 | AQ53: =+AA53/$U53 -> 0.0015456553 | AR53: =+AB53/$U53 -> 0.0006229438 | AS53: =+AC53/$U53 -> 0.00037663119 | ... AZ53: =+AJ53/$U53 -> 7.1972194e-05 | BA53: =+AK53/U53 -> 0.0058639869 | BB53: =+U53-(0.5*AK53) -> 2853824.5 | BC53: =+AL53/(1-(0.5*$BA53)) -> 0.0018116041 | BD53: =+AM53/(1-(0.5*$BA53)) -> 0.00027717192 | BE53: =+AN53/(1-(0.5*$BA53)) -> 1.3315465e-05 | BF53: =+AO53/(1-(0.5*$BA53)) -> 5.2911453e-05 | BG53: =+AP53/(1-(0.5*$BA53)) -> 0.0001356075 | BH53: =+AQ53/(1-(0.5*$BA53)) -> 0.0015502004 | BI53: =+AR53/(1-(0.5*$BA53)) -> 0.00062477563 | BJ53: =+AS53/(1-(0.5*$BA53)) -> 0.00037773872 | ... BQ53: =+AZ53/(1-(0.5*$BA53)) -> 7.2183836e-05 | BR53: =+(V52+V53)/(2*$U53) -> 0.0011241288 | BS53: =+(W52+W53)/(2*$U53) -> 0.0001848218 | BT53: =+(X52+X53)/(2*$U53) -> 2.3059052e-05 | BU53: =+(Y52+Y53)/(2*$U53) -> 3.7732995e-05 | BV53: =+(Z52+Z53)/(2*$U53) -> 0.00010813298 | BW53: =+(AA52+AA53)/(2*$U53) -> 0.0010757397 | BX53: =+(AB52+AB53)/(2*$U53) -> 0.00040178652 | BY53: =+(AC52+AC53)/(2*$U53) -> 0.00060634827 | ... CF53: =+(AJ52+AJ53)/(2*$U53) -> 5.5376664e-05
A54: 65-74 | B54: 710343.29 | C54: 5212 | D54: 406 | E54: 24 | F54: 146 | G54: 319 | H54: 3335 | I54: 1780 | J54: 380 | K54: 125 | L54: 1343 | M54: 0 | N54: 576 | O54: 226 | P54: 5 | Q54: 161 | S54: =+$B$45 -> 1996 | T54: =+A54 -> 65-74 | U54: =+B54 -> 710343.29 | V54: =+C54 -> 5212 | W54: =+D54 -> 406 | X54: =+E54 -> 24 | Y54: =+F54 -> 146 | Z54: =+G54 -> 319 | AA54: =+H54 -> 3335 | ... AJ54: =+Q54 -> 161 | AK54: =+SUM(V54:AJ54) -> 14038 | AL54: =+V54/$U54 -> 0.0073372975 | AM54: =+W54/$U54 -> 0.00057155464 | AN54: =+X54/$U54 -> 3.3786481e-05 | AO54: =+Y54/$U54 -> 0.00020553443 | AP54: =+Z54/$U54 -> 0.00044907864 | AQ54: =+AA54/$U54 -> 0.0046949131 | AR54: =+AB54/$U54 -> 0.0025058307 | AS54: =+AC54/$U54 -> 0.00053495262 | ... AZ54: =+AJ54/$U54 -> 0.00022665098 | BA54: =+AK54/U54 -> 0.019762276 | BB54: =+U54-(0.5*AK54) -> 703324.29 | BC54: =+AL54/(1-(0.5*$BA54)) -> 0.0074105218 | BD54: =+AM54/(1-(0.5*$BA54)) -> 0.00057725861 | BE54: =+AN54/(1-(0.5*$BA54)) -> 3.4123662e-05 | BF54: =+AO54/(1-(0.5*$BA54)) -> 0.00020758561 | BG54: =+AP54/(1-(0.5*$BA54)) -> 0.00045356034 | BH54: =+AQ54/(1-(0.5*$BA54)) -> 0.0047417671 | BI54: =+AR54/(1-(0.5*$BA54)) -> 0.0025308382 | BJ54: =+AS54/(1-(0.5*$BA54)) -> 0.00054029131 | ... BQ54: =+AZ54/(1-(0.5*$BA54)) -> 0.0002289129 | BR54: =+(V53+V54)/(2*$U54) -> 0.0073077343 | BS54: =+(W53+W54)/(2*$U54) -> 0.00084255037 | BT54: =+(X53+X54)/(2*$U54) -> 4.3640871e-05 | BU54: =+(Y53+Y54)/(2*$U54) -> 0.00020905385 | BV54: =+(Z53+Z54)/(2*$U54) -> 0.00049694282 | BW54: =+(AA53+AA54)/(2*$U54) -> 0.0054614439 | BX54: =+(AB53+AB54)/(2*$U54) -> 0.0025079423 | BY54: =+(AC53+AC54)/(2*$U54) -> 0.0010262644 | ... CF54: =+(AJ53+AJ54)/(2*$U54) -> 0.0002583258
A55: 75+ | B55: 710343.29 | C55: 9429 | D55: 279 | E55: 22 | F55: 432 | G55: 397 | H55: 3401 | I55: 3442 | J55: 534 | K55: 68 | L55: 1306 | M55: 14 | N55: 1141 | O55: 974 | P55: 7 | Q55: 178 | S55: =+$B$45 -> 1996 | T55: =+A55 -> 75+ | U55: =+B55 -> 710343.29 | V55: =+C55 -> 9429 | W55: =+D55 -> 279 | X55: =+E55 -> 22 | Y55: =+F55 -> 432 | Z55: =+G55 -> 397 | AA55: =+H55 -> 3401 | ... AJ55: =+Q55 -> 178 | AK55: =+SUM(V55:AJ55) -> 21624 | AL55: =+V55/$U55 -> 0.013273864 | AM55: =+W55/$U55 -> 0.00039276784 | AN55: =+X55/$U55 -> 3.0970941e-05 | AO55: =+Y55/$U55 -> 0.00060815666 | AP55: =+Z55/$U55 -> 0.00055888471 | AQ55: =+AA55/$U55 -> 0.0047878259 | AR55: =+AB55/$U55 -> 0.0048455445 | AS55: =+AC55/$U55 -> 0.0007517492 | ... AZ55: =+AJ55/$U55 -> 0.00025058307 | BA55: =+AK55/U55 -> 0.030441619 | BB55: =+U55-(0.5*AK55) -> 699531.29 | BC55: =+AL55/(1-(0.5*$BA55)) -> 0.013479025 | BD55: =+AM55/(1-(0.5*$BA55)) -> 0.00039883849 | BE55: =+AN55/(1-(0.5*$BA55)) -> 3.144963e-05 | BF55: =+AO55/(1-(0.5*$BA55)) -> 0.00061755637 | BG55: =+AP55/(1-(0.5*$BA55)) -> 0.00056752286 | BH55: =+AQ55/(1-(0.5*$BA55)) -> 0.0048618269 | BI55: =+AR55/(1-(0.5*$BA55)) -> 0.0049204375 | BJ55: =+AS55/(1-(0.5*$BA55)) -> 0.00076336829 | ... BQ55: =+AZ55/(1-(0.5*$BA55)) -> 0.0002544561 | BR55: =+(V54+V55)/(2*$U55) -> 0.010305581 | BS55: =+(W54+W55)/(2*$U55) -> 0.00048216124 | BT55: =+(X54+X55)/(2*$U55) -> 3.2378711e-05 | BU55: =+(Y54+Y55)/(2*$U55) -> 0.00040684554 | BV55: =+(Z54+Z55)/(2*$U55) -> 0.00050398168 | BW55: =+(AA54+AA55)/(2*$U55) -> 0.0047413695 | BX55: =+(AB54+AB55)/(2*$U55) -> 0.0036756876 | BY55: =+(AC54+AC55)/(2*$U55) -> 0.00064335091 | ... CF55: =+(AJ54+AJ55)/(2*$U55) -> 0.00023861702
A58: Año | B58: 1996
A60: Suma de Fallecimientos | C60: Posicion
A61: Grupo Etario | B61: Población | C61: 1 | D61: 10 | E61: 11 | F61: 12 | G61: 13 | H61: 2 | I61: 3 | J61: 4 | K61: 5 | L61: 6 | M61: 7 | N61: 8 | O61: 9 | P61: 14 | Q61: 15 | S61: Año | T61: Grupo Etario | U61: lx(T) | V61: =+CONCATENATE("dx","(",C61,")") -> dx(1) | W61: =+CONCATENATE("dx","(",D61,")") -> dx(10) | X61: =+CONCATENATE("dx","(",E61,")") -> dx(11) | Y61: =+CONCATENATE("dx","(",F61,")") -> dx(12) | Z61: =+CONCATENATE("dx","(",G61,")") -> dx(13) | AA61: =+CONCATENATE("dx","(",H61,")") -> dx(2) | AB61: =+CONCATENATE("dx","(",I61,")") -> dx(3) | AC61: =+CONCATENATE("dx","(",J61,")") -> dx(4) | ... AJ61: =+CONCATENATE("dx","(",Q61,")") -> dx(15) | AK61: dx(T) | AL61: =+CONCATENATE("qx","(",C61,")") -> qx(1) | AM61: =+CONCATENATE("qx","(",D61,")") -> qx(10) | AN61: =+CONCATENATE("qx","(",E61,")") -> qx(11) | AO61: =+CONCATENATE("qx","(",F61,")") -> qx(12) | AP61: =+CONCATENATE("qx","(",G61,")") -> qx(13) | AQ61: =+CONCATENATE("qx","(",H61,")") -> qx(2) | AR61: =+CONCATENATE("qx","(",I61,")") -> qx(3) | AS61: =+CONCATENATE("qx","(",J61,")") -> qx(4) | ... AZ61: =+CONCATENATE("qx","(",Q61,")") -> qx(15) | BA61: =+CONCATENATE("qx","(T)") -> qx(T) | BB61: Lx(T) | BC61: =+CONCATENATE("mx","(",C61,")") -> mx(1) | BD61: =+CONCATENATE("mx","(",D61,")") -> mx(10) | BE61: =+CONCATENATE("mx","(",E61,")") -> mx(11) | BF61: =+CONCATENATE("mx","(",F61,")") -> mx(12) | BG61: =+CONCATENATE("mx","(",G61,")") -> mx(13) | BH61: =+CONCATENATE("mx","(",H61,")") -> mx(2) | BI61: =+CONCATENATE("mx","(",I61,")") -> mx(3) | BJ61: =+CONCATENATE("mx","(",J61,")") -> mx(4) | ... BQ61: =+CONCATENATE("mx","(",Q61,")") -> mx(15) | BR61: =+CONCATENATE("µ(X)",C61) -> µ(X)1 | BS61: =+CONCATENATE("µ(X)",D61) -> µ(X)10 | BT61: =+CONCATENATE("µ(X)",E61) -> µ(X)11 | BU61: =+CONCATENATE("µ(X)",F61) -> µ(X)12 | BV61: =+CONCATENATE("µ(X)",G61) -> µ(X)13 | BW61: =+CONCATENATE("µ(X)",H61) -> µ(X)2 | BX61: =+CONCATENATE("µ(X)",I61) -> µ(X)3 | BY61: =+CONCATENATE("µ(X)",J61) -> µ(X)4 | ... CF61: =+CONCATENATE("µ(X)",Q61) -> µ(X)15
A62: 0-4 | B62: 2669011.1 | C62: 82 | D62: 35 | E62: 1552 | F62: 2468 | G62: 37 | H62: 159 | I62: 14 | J62: 786 | K62: 32 | L62: 12 | M62: 5626 | N62: 114 | O62: 877 | P62: 21 | Q62: 29 | S62: =+$B$58 -> 1996 | T62: =+A62 -> 0-4 | U62: =+B62 -> 2669011.1 | V62: =+C62 -> 82 | W62: =+D62 -> 35 | X62: =+E62 -> 1552 | Y62: =+F62 -> 2468 | Z62: =+G62 -> 37 | AA62: =+H62 -> 159 | ... AJ62: =+Q62 -> 29 | AK62: =+SUM(V62:AJ62) -> 11844 | AL62: =+V62/$U62 -> 3.072299e-05 | AM62: =+W62/$U62 -> 1.3113471e-05 | AN62: =+X62/$U62 -> 0.00058148878 | AO62: =+Y62/$U62 -> 0.00092468706 | AP62: =+Z62/$U62 -> 1.3862813e-05 | AQ62: =+AA62/$U62 -> 5.9572627e-05 | AR62: =+AB62/$U62 -> 5.2453885e-06 | AS62: =+AC62/$U62 -> 0.0002944911 | ... AZ62: =+AJ62/$U62 -> 1.0865448e-05 | BA62: =+AK62/U62 -> 0.0044375987 | BB62: =+U62-(0.5*AK62) -> 2663089.1 | BC62: =+AL62/(1-(0.5*$BA62)) -> 3.079131e-05 | BD62: =+AM62/(1-(0.5*$BA62)) -> 1.3142632e-05 | BE62: =+AN62/(1-(0.5*$BA62)) -> 0.00058278186 | BF62: =+AO62/(1-(0.5*$BA62)) -> 0.00092674332 | BG62: =+AP62/(1-(0.5*$BA62)) -> 1.389364e-05 | BH62: =+AQ62/(1-(0.5*$BA62)) -> 5.97051e-05 | BI62: =+AR62/(1-(0.5*$BA62)) -> 5.2570529e-06 | BJ62: =+AS62/(1-(0.5*$BA62)) -> 0.00029514597 | ... BQ62: =+AZ62/(1-(0.5*$BA62)) -> 1.088961e-05 | BR62: =+V62/(2*$U62) -> 1.5361495e-05 | BS62: =+W62/(2*$U62) -> 6.5567357e-06 | BT62: =+X62/(2*$U62) -> 0.00029074439 | BU62: =+Y62/(2*$U62) -> 0.00046234353 | BV62: =+Z62/(2*$U62) -> 6.9314063e-06 | BW62: =+AA62/(2*$U62) -> 2.9786313e-05 | BX62: =+AB62/(2*$U62) -> 2.6226943e-06 | BY62: =+AC62/(2*$U62) -> 0.00014724555 | ... CF62: =+AJ62/(2*$U62) -> 5.4327238e-06
A63: 5-14 | B63: 5336689.3 | C63: 50 | D63: 18 | E63: 121 | F63: 79 | G63: 18 | H63: 266 | I63: 18 | J63: 659 | K63: 105 | L63: 16 | M63: 2 | N63: 15 | O63: 82 | P63: 2 | Q63: 34 | S63: =+$B$58 -> 1996 | T63: =+A63 -> 5-14 | U63: =+B63 -> 5336689.3 | V63: =+C63 -> 50 | W63: =+D63 -> 18 | X63: =+E63 -> 121 | Y63: =+F63 -> 79 | Z63: =+G63 -> 18 | AA63: =+H63 -> 266 | ... AJ63: =+Q63 -> 34 | AK63: =+SUM(V63:AJ63) -> 1485 | AL63: =+V63/$U63 -> 9.3691046e-06 | AM63: =+W63/$U63 -> 3.3728777e-06 | AN63: =+X63/$U63 -> 2.2673233e-05 | AO63: =+Y63/$U63 -> 1.4803185e-05 | AP63: =+Z63/$U63 -> 3.3728777e-06 | AQ63: =+AA63/$U63 -> 4.9843637e-05 | AR63: =+AB63/$U63 -> 3.3728777e-06 | AS63: =+AC63/$U63 -> 0.0001234848 | ... AZ63: =+AJ63/$U63 -> 6.3709911e-06 | BA63: =+AK63/U63 -> 0.00027826241 | BB63: =+U63-(0.5*AK63) -> 5335946.8 | BC63: =+AL63/(1-(0.5*$BA63)) -> 9.3704083e-06 | BD63: =+AM63/(1-(0.5*$BA63)) -> 3.373347e-06 | BE63: =+AN63/(1-(0.5*$BA63)) -> 2.2676388e-05 | BF63: =+AO63/(1-(0.5*$BA63)) -> 1.4805245e-05 | BG63: =+AP63/(1-(0.5*$BA63)) -> 3.373347e-06 | BH63: =+AQ63/(1-(0.5*$BA63)) -> 4.9850572e-05 | BI63: =+AR63/(1-(0.5*$BA63)) -> 3.373347e-06 | BJ63: =+AS63/(1-(0.5*$BA63)) -> 0.00012350198 | ... BQ63: =+AZ63/(1-(0.5*$BA63)) -> 6.3718777e-06 | BR63: =+(V62+V63)/(2*$U63) -> 1.2367218e-05 | BS63: =+(W62+W63)/(2*$U63) -> 4.9656254e-06 | BT63: =+(X62+X63)/(2*$U63) -> 0.00015674512 | BU63: =+(Y62+Y63)/(2*$U63) -> 0.00023863109 | BV63: =+(Z62+Z63)/(2*$U63) -> 5.1530075e-06 | BW63: =+(AA62+AA63)/(2*$U63) -> 3.9818695e-05 | BX63: =+(AB62+AB63)/(2*$U63) -> 2.9981135e-06 | BY63: =+(AC62+AC63)/(2*$U63) -> 0.00013538356 | ... CF63: =+(AJ62+AJ63)/(2*$U63) -> 5.9025359e-06
A64: 15-24 | B64: 4328734.7 | C64: 101 | D64: 34 | E64: 66 | F64: 36 | G64: 71 | H64: 301 | I64: 64 | J64: 1352 | K64: 1694 | L64: 51 | M64: 0 | N64: 33 | O64: 90 | P64: 47 | Q64: 27 | S64: =+$B$58 -> 1996 | T64: =+A64 -> 15-24 | U64: =+B64 -> 4328734.7 | V64: =+C64 -> 101 | W64: =+D64 -> 34 | X64: =+E64 -> 66 | Y64: =+F64 -> 36 | Z64: =+G64 -> 71 | AA64: =+H64 -> 301 | ... AJ64: =+Q64 -> 27 | AK64: =+SUM(V64:AJ64) -> 3967 | AL64: =+V64/$U64 -> 2.3332453e-05 | AM64: =+W64/$U64 -> 7.8544892e-06 | AN64: =+X64/$U64 -> 1.524695e-05 | AO64: =+Y64/$U64 -> 8.3165179e-06 | AP64: =+Z64/$U64 -> 1.6402021e-05 | AQ64: =+AA64/$U64 -> 6.953533e-05 | AR64: =+AB64/$U64 -> 1.4784921e-05 | AS64: =+AC64/$U64 -> 0.00031233145 | ... AZ64: =+AJ64/$U64 -> 6.2373884e-06 | BA64: =+AK64/U64 -> 0.00091643407 | BB64: =+U64-(0.5*AK64) -> 4326751.2 | BC64: =+AL64/(1-(0.5*$BA64)) -> 2.3343149e-05 | BD64: =+AM64/(1-(0.5*$BA64)) -> 7.8580899e-06 | BE64: =+AN64/(1-(0.5*$BA64)) -> 1.5253939e-05 | BF64: =+AO64/(1-(0.5*$BA64)) -> 8.3203304e-06 | BG64: =+AP64/(1-(0.5*$BA64)) -> 1.6409541e-05 | BH64: =+AQ64/(1-(0.5*$BA64)) -> 6.9567207e-05 | BI64: =+AR64/(1-(0.5*$BA64)) -> 1.4791699e-05 | BJ64: =+AS64/(1-(0.5*$BA64)) -> 0.00031247463 | ... BQ64: =+AZ64/(1-(0.5*$BA64)) -> 6.2402478e-06 | BR64: =+(V63+V64)/(2*$U64) -> 1.7441586e-05 | BS64: =+(W63+W64)/(2*$U64) -> 6.0063741e-06 | BT64: =+(X63+X64)/(2*$U64) -> 2.1599845e-05 | BU64: =+(Y63+Y64)/(2*$U64) -> 1.3283327e-05 | BV64: =+(Z63+Z64)/(2*$U64) -> 1.028014e-05 | BW64: =+(AA63+AA64)/(2*$U64) -> 6.5492579e-05 | BX64: =+(AB63+AB64)/(2*$U64) -> 9.4715899e-06 | BY64: =+(AC63+AC64)/(2*$U64) -> 0.00023228497 | ... CF64: =+(AJ63+AJ64)/(2*$U64) -> 7.0459388e-06
A65: 25-44 | B65: 6500086.9 | C65: 1265 | D65: 267 | E65: 94 | F65: 65 | G65: 232 | H65: 1734 | I65: 517 | J65: 2393 | K65: 1811 | L65: 272 | M65: 1 | N65: 99 | O65: 191 | P65: 719 | Q65: 111 | S65: =+$B$58 -> 1996 | T65: =+A65 -> 25-44 | U65: =+B65 -> 6500086.9 | V65: =+C65 -> 1265 | W65: =+D65 -> 267 | X65: =+E65 -> 94 | Y65: =+F65 -> 65 | Z65: =+G65 -> 232 | AA65: =+H65 -> 1734 | ... AJ65: =+Q65 -> 111 | AK65: =+SUM(V65:AJ65) -> 9771 | AL65: =+V65/$U65 -> 0.00019461278 | AM65: =+W65/$U65 -> 4.1076374e-05 | AN65: =+X65/$U65 -> 1.4461345e-05 | AO65: =+Y65/$U65 -> 9.9998662e-06 | AP65: =+Z65/$U65 -> 3.569183e-05 | AQ65: =+AA65/$U65 -> 0.00026676566 | AR65: =+AB65/$U65 -> 7.9537398e-05 | AS65: =+AC65/$U65 -> 0.00036814892 | ... AZ65: =+AJ65/$U65 -> 1.7076695e-05 | BA65: =+AK65/U65 -> 0.0015032107 | BB65: =+U65-(0.5*AK65) -> 6495201.4 | BC65: =+AL65/(1-(0.5*$BA65)) -> 0.00019475916 | BD65: =+AM65/(1-(0.5*$BA65)) -> 4.110727e-05 | BE65: =+AN65/(1-(0.5*$BA65)) -> 1.4472222e-05 | BF65: =+AO65/(1-(0.5*$BA65)) -> 1.0007388e-05 | BG65: =+AP65/(1-(0.5*$BA65)) -> 3.5718677e-05 | BH65: =+AQ65/(1-(0.5*$BA65)) -> 0.00026696632 | BI65: =+AR65/(1-(0.5*$BA65)) -> 7.9597223e-05 | BJ65: =+AS65/(1-(0.5*$BA65)) -> 0.00036842583 | ... BQ65: =+AZ65/(1-(0.5*$BA65)) -> 1.7089539e-05 | BR65: =+(V64+V65)/(2*$U65) -> 0.00010507552 | BS65: =+(W64+W65)/(2*$U65) -> 2.3153536e-05 | BT65: =+(X64+X65)/(2*$U65) -> 1.2307528e-05 | BU65: =+(Y64+Y65)/(2*$U65) -> 7.7691269e-06 | BV65: =+(Z64+Z65)/(2*$U65) -> 2.3307381e-05 | BW65: =+(AA64+AA65)/(2*$U65) -> 0.00015653637 | BX65: =+(AB64+AB65)/(2*$U65) -> 4.469171e-05 | BY65: =+(AC64+AC65)/(2*$U65) -> 0.00028807307 | ... CF65: =+(AJ64+AJ65)/(2*$U65) -> 1.0615243e-05
A66: 45-64 | B66: 2862216.5 | C66: 5170 | D66: 791 | E66: 38 | F66: 151 | G66: 387 | H66: 4424 | I66: 1783 | J66: 1078 | K66: 502 | L66: 1450 | M66: 0 | N66: 427 | O66: 247 | P66: 130 | Q66: 206 | S66: =+$B$58 -> 1996 | T66: =+A66 -> 45-64 | U66: =+B66 -> 2862216.5 | V66: =+C66 -> 5170 | W66: =+D66 -> 791 | X66: =+E66 -> 38 | Y66: =+F66 -> 151 | Z66: =+G66 -> 387 | AA66: =+H66 -> 4424 | ... AJ66: =+Q66 -> 206 | AK66: =+SUM(V66:AJ66) -> 16784 | AL66: =+V66/$U66 -> 0.0018062924 | AM66: =+W66/$U66 -> 0.00027635925 | AN66: =+X66/$U66 -> 1.3276424e-05 | AO66: =+Y66/$U66 -> 5.2756317e-05 | AP66: =+Z66/$U66 -> 0.0001352099 | AQ66: =+AA66/$U66 -> 0.0015456553 | AR66: =+AB66/$U66 -> 0.0006229438 | AS66: =+AC66/$U66 -> 0.00037663119 | ... AZ66: =+AJ66/$U66 -> 7.1972194e-05 | BA66: =+AK66/U66 -> 0.0058639869 | BB66: =+U66-(0.5*AK66) -> 2853824.5 | BC66: =+AL66/(1-(0.5*$BA66)) -> 0.0018116041 | BD66: =+AM66/(1-(0.5*$BA66)) -> 0.00027717192 | BE66: =+AN66/(1-(0.5*$BA66)) -> 1.3315465e-05 | BF66: =+AO66/(1-(0.5*$BA66)) -> 5.2911453e-05 | BG66: =+AP66/(1-(0.5*$BA66)) -> 0.0001356075 | BH66: =+AQ66/(1-(0.5*$BA66)) -> 0.0015502004 | BI66: =+AR66/(1-(0.5*$BA66)) -> 0.00062477563 | BJ66: =+AS66/(1-(0.5*$BA66)) -> 0.00037773872 | ... BQ66: =+AZ66/(1-(0.5*$BA66)) -> 7.2183836e-05 | BR66: =+(V65+V66)/(2*$U66) -> 0.0011241288 | BS66: =+(W65+W66)/(2*$U66) -> 0.0001848218 | BT66: =+(X65+X66)/(2*$U66) -> 2.3059052e-05 | BU66: =+(Y65+Y66)/(2*$U66) -> 3.7732995e-05 | BV66: =+(Z65+Z66)/(2*$U66) -> 0.00010813298 | BW66: =+(AA65+AA66)/(2*$U66) -> 0.0010757397 | BX66: =+(AB65+AB66)/(2*$U66) -> 0.00040178652 | BY66: =+(AC65+AC66)/(2*$U66) -> 0.00060634827 | ... CF66: =+(AJ65+AJ66)/(2*$U66) -> 5.5376664e-05
A67: 65-74 | B67: 710343.29 | C67: 5212 | D67: 406 | E67: 24 | F67: 146 | G67: 319 | H67: 3335 | I67: 1780 | J67: 380 | K67: 125 | L67: 1343 | M67: 0 | N67: 576 | O67: 226 | P67: 5 | Q67: 161 | S67: =+$B$58 -> 1996 | T67: =+A67 -> 65-74 | U67: =+B67 -> 710343.29 | V67: =+C67 -> 5212 | W67: =+D67 -> 406 | X67: =+E67 -> 24 | Y67: =+F67 -> 146 | Z67: =+G67 -> 319 | AA67: =+H67 -> 3335 | ... AJ67: =+Q67 -> 161 | AK67: =+SUM(V67:AJ67) -> 14038 | AL67: =+V67/$U67 -> 0.0073372975 | AM67: =+W67/$U67 -> 0.00057155464 | AN67: =+X67/$U67 -> 3.3786481e-05 | AO67: =+Y67/$U67 -> 0.00020553443 | AP67: =+Z67/$U67 -> 0.00044907864 | AQ67: =+AA67/$U67 -> 0.0046949131 | AR67: =+AB67/$U67 -> 0.0025058307 | AS67: =+AC67/$U67 -> 0.00053495262 | ... AZ67: =+AJ67/$U67 -> 0.00022665098 | BA67: =+AK67/U67 -> 0.019762276 | BB67: =+U67-(0.5*AK67) -> 703324.29 | BC67: =+AL67/(1-(0.5*$BA67)) -> 0.0074105218 | BD67: =+AM67/(1-(0.5*$BA67)) -> 0.00057725861 | BE67: =+AN67/(1-(0.5*$BA67)) -> 3.4123662e-05 | BF67: =+AO67/(1-(0.5*$BA67)) -> 0.00020758561 | BG67: =+AP67/(1-(0.5*$BA67)) -> 0.00045356034 | BH67: =+AQ67/(1-(0.5*$BA67)) -> 0.0047417671 | BI67: =+AR67/(1-(0.5*$BA67)) -> 0.0025308382 | BJ67: =+AS67/(1-(0.5*$BA67)) -> 0.00054029131 | ... BQ67: =+AZ67/(1-(0.5*$BA67)) -> 0.0002289129 | BR67: =+(V66+V67)/(2*$U67) -> 0.0073077343 | BS67: =+(W66+W67)/(2*$U67) -> 0.00084255037 | BT67: =+(X66+X67)/(2*$U67) -> 4.3640871e-05 | BU67: =+(Y66+Y67)/(2*$U67) -> 0.00020905385 | BV67: =+(Z66+Z67)/(2*$U67) -> 0.00049694282 | BW67: =+(AA66+AA67)/(2*$U67) -> 0.0054614439 | BX67: =+(AB66+AB67)/(2*$U67) -> 0.0025079423 | BY67: =+(AC66+AC67)/(2*$U67) -> 0.0010262644 | ... CF67: =+(AJ66+AJ67)/(2*$U67) -> 0.0002583258
A68: 75+ | B68: 710343.29 | C68: 9429 | D68: 279 | E68: 22 | F68: 432 | G68: 397 | H68: 3401 | I68: 3442 | J68: 534 | K68: 68 | L68: 1306 | M68: 14 | N68: 1141 | O68: 974 | P68: 7 | Q68: 178 | S68: =+$B$58 -> 1996 | T68: =+A68 -> 75+ | U68: =+B68 -> 710343.29 | V68: =+C68 -> 9429 | W68: =+D68 -> 279 | X68: =+E68 -> 22 | Y68: =+F68 -> 432 | Z68: =+G68 -> 397 | AA68: =+H68 -> 3401 | ... AJ68: =+Q68 -> 178 | AK68: =+SUM(V68:AJ68) -> 21624 | AL68: =+V68/$U68 -> 0.013273864 | AM68: =+W68/$U68 -> 0.00039276784 | AN68: =+X68/$U68 -> 3.0970941e-05 | AO68: =+Y68/$U68 -> 0.00060815666 | AP68: =+Z68/$U68 -> 0.00055888471 | AQ68: =+AA68/$U68 -> 0.0047878259 | AR68: =+AB68/$U68 -> 0.0048455445 | AS68: =+AC68/$U68 -> 0.0007517492 | ... AZ68: =+AJ68/$U68 -> 0.00025058307 | BA68: =+AK68/U68 -> 0.030441619 | BB68: =+U68-(0.5*AK68) -> 699531.29 | BC68: =+AL68/(1-(0.5*$BA68)) -> 0.013479025 | BD68: =+AM68/(1-(0.5*$BA68)) -> 0.00039883849 | BE68: =+AN68/(1-(0.5*$BA68)) -> 3.144963e-05 | BF68: =+AO68/(1-(0.5*$BA68)) -> 0.00061755637 | BG68: =+AP68/(1-(0.5*$BA68)) -> 0.00056752286 | BH68: =+AQ68/(1-(0.5*$BA68)) -> 0.0048618269 | BI68: =+AR68/(1-(0.5*$BA68)) -> 0.0049204375 | BJ68: =+AS68/(1-(0.5*$BA68)) -> 0.00076336829 | ... BQ68: =+AZ68/(1-(0.5*$BA68)) -> 0.0002544561 | BR68: =+(V67+V68)/(2*$U68) -> 0.010305581 | BS68: =+(W67+W68)/(2*$U68) -> 0.00048216124 | BT68: =+(X67+X68)/(2*$U68) -> 3.2378711e-05 | BU68: =+(Y67+Y68)/(2*$U68) -> 0.00040684554 | BV68: =+(Z67+Z68)/(2*$U68) -> 0.00050398168 | BW68: =+(AA67+AA68)/(2*$U68) -> 0.0047413695 | BX68: =+(AB67+AB68)/(2*$U68) -> 0.0036756876 | BY68: =+(AC67+AC68)/(2*$U68) -> 0.00064335091 | ... CF68: =+(AJ67+AJ68)/(2*$U68) -> 0.00023861702
A71: Año | B71: 1996
A73: Suma de Fallecimientos | C73: Posicion
A74: Grupo Etario | B74: Población | C74: 1 | D74: 10 | E74: 11 | F74: 12 | G74: 13 | H74: 2 | I74: 3 | J74: 4 | K74: 5 | L74: 6 | M74: 7 | N74: 8 | O74: 9 | P74: 14 | Q74: 15 | S74: Año | T74: Grupo Etario | U74: lx(T) | V74: =+CONCATENATE("dx","(",C74,")") -> dx(1) | W74: =+CONCATENATE("dx","(",D74,")") -> dx(10) | X74: =+CONCATENATE("dx","(",E74,")") -> dx(11) | Y74: =+CONCATENATE("dx","(",F74,")") -> dx(12) | Z74: =+CONCATENATE("dx","(",G74,")") -> dx(13) | AA74: =+CONCATENATE("dx","(",H74,")") -> dx(2) | AB74: =+CONCATENATE("dx","(",I74,")") -> dx(3) | AC74: =+CONCATENATE("dx","(",J74,")") -> dx(4) | ... AJ74: =+CONCATENATE("dx","(",Q74,")") -> dx(15) | AK74: dx(T) | AL74: =+CONCATENATE("qx","(",C74,")") -> qx(1) | AM74: =+CONCATENATE("qx","(",D74,")") -> qx(10) | AN74: =+CONCATENATE("qx","(",E74,")") -> qx(11) | AO74: =+CONCATENATE("qx","(",F74,")") -> qx(12) | AP74: =+CONCATENATE("qx","(",G74,")") -> qx(13) | AQ74: =+CONCATENATE("qx","(",H74,")") -> qx(2) | AR74: =+CONCATENATE("qx","(",I74,")") -> qx(3) | AS74: =+CONCATENATE("qx","(",J74,")") -> qx(4) | ... AZ74: =+CONCATENATE("qx","(",Q74,")") -> qx(15) | BA74: =+CONCATENATE("qx","(T)") -> qx(T) | BB74: Lx(T) | BC74: =+CONCATENATE("mx","(",C74,")") -> mx(1) | BD74: =+CONCATENATE("mx","(",D74,")") -> mx(10) | BE74: =+CONCATENATE("mx","(",E74,")") -> mx(11) | BF74: =+CONCATENATE("mx","(",F74,")") -> mx(12) | BG74: =+CONCATENATE("mx","(",G74,")") -> mx(13) | BH74: =+CONCATENATE("mx","(",H74,")") -> mx(2) | BI74: =+CONCATENATE("mx","(",I74,")") -> mx(3) | BJ74: =+CONCATENATE("mx","(",J74,")") -> mx(4) | ... BQ74: =+CONCATENATE("mx","(",Q74,")") -> mx(15) | BR74: =+CONCATENATE("µ(X)",C74) -> µ(X)1 | BS74: =+CONCATENATE("µ(X)",D74) -> µ(X)10 | BT74: =+CONCATENATE("µ(X)",E74) -> µ(X)11 | BU74: =+CONCATENATE("µ(X)",F74) -> µ(X)12 | BV74: =+CONCATENATE("µ(X)",G74) -> µ(X)13 | BW74: =+CONCATENATE("µ(X)",H74) -> µ(X)2 | BX74: =+CONCATENATE("µ(X)",I74) -> µ(X)3 | BY74: =+CONCATENATE("µ(X)",J74) -> µ(X)4 | ... CF74: =+CONCATENATE("µ(X)",Q74) -> µ(X)15
A75: 0-4 | B75: 2669011.1 | C75: 82 | D75: 35 | E75: 1552 | F75: 2468 | G75: 37 | H75: 159 | I75: 14 | J75: 786 | K75: 32 | L75: 12 | M75: 5626 | N75: 114 | O75: 877 | P75: 21 | Q75: 29 | S75: =+$B$71 -> 1996 | T75: =+A75 -> 0-4 | U75: =+B75 -> 2669011.1 | V75: =+C75 -> 82 | W75: =+D75 -> 35 | X75: =+E75 -> 1552 | Y75: =+F75 -> 2468 | Z75: =+G75 -> 37 | AA75: =+H75 -> 159 | ... AJ75: =+Q75 -> 29 | AK75: =+SUM(V75:AJ75) -> 11844 | AL75: =+V75/$U75 -> 3.072299e-05 | AM75: =+W75/$U75 -> 1.3113471e-05 | AN75: =+X75/$U75 -> 0.00058148878 | AO75: =+Y75/$U75 -> 0.00092468706 | AP75: =+Z75/$U75 -> 1.3862813e-05 | AQ75: =+AA75/$U75 -> 5.9572627e-05 | AR75: =+AB75/$U75 -> 5.2453885e-06 | AS75: =+AC75/$U75 -> 0.0002944911 | ... AZ75: =+AJ75/$U75 -> 1.0865448e-05 | BA75: =+AK75/U75 -> 0.0044375987 | BB75: =+U75-(0.5*AK75) -> 2663089.1 | BC75: =+AL75/(1-(0.5*$BA75)) -> 3.079131e-05 | BD75: =+AM75/(1-(0.5*$BA75)) -> 1.3142632e-05 | BE75: =+AN75/(1-(0.5*$BA75)) -> 0.00058278186 | BF75: =+AO75/(1-(0.5*$BA75)) -> 0.00092674332 | BG75: =+AP75/(1-(0.5*$BA75)) -> 1.389364e-05 | BH75: =+AQ75/(1-(0.5*$BA75)) -> 5.97051e-05 | BI75: =+AR75/(1-(0.5*$BA75)) -> 5.2570529e-06 | BJ75: =+AS75/(1-(0.5*$BA75)) -> 0.00029514597 | ... BQ75: =+AZ75/(1-(0.5*$BA75)) -> 1.088961e-05 | BR75: =+V75/(2*$U75) -> 1.5361495e-05 | BS75: =+W75/(2*$U75) -> 6.5567357e-06 | BT75: =+X75/(2*$U75) -> 0.00029074439 | BU75: =+Y75/(2*$U75) -> 0.00046234353 | BV75: =+Z75/(2*$U75) -> 6.9314063e-06 | BW75: =+AA75/(2*$U75) -> 2.9786313e-05 | BX75: =+AB75/(2*$U75) -> 2.6226943e-06 | BY75: =+AC75/(2*$U75) -> 0.00014724555 | ... CF75: =+AJ75/(2*$U75) -> 5.4327238e-06
A76: 5-14 | B76: 5336689.3 | C76: 50 | D76: 18 | E76: 121 | F76: 79 | G76: 18 | H76: 266 | I76: 18 | J76: 659 | K76: 105 | L76: 16 | M76: 2 | N76: 15 | O76: 82 | P76: 2 | Q76: 34 | S76: =+$B$71 -> 1996 | T76: =+A76 -> 5-14 | U76: =+B76 -> 5336689.3 | V76: =+C76 -> 50 | W76: =+D76 -> 18 | X76: =+E76 -> 121 | Y76: =+F76 -> 79 | Z76: =+G76 -> 18 | AA76: =+H76 -> 266 | ... AJ76: =+Q76 -> 34 | AK76: =+SUM(V76:AJ76) -> 1485 | AL76: =+V76/$U76 -> 9.3691046e-06 | AM76: =+W76/$U76 -> 3.3728777e-06 | AN76: =+X76/$U76 -> 2.2673233e-05 | AO76: =+Y76/$U76 -> 1.4803185e-05 | AP76: =+Z76/$U76 -> 3.3728777e-06 | AQ76: =+AA76/$U76 -> 4.9843637e-05 | AR76: =+AB76/$U76 -> 3.3728777e-06 | AS76: =+AC76/$U76 -> 0.0001234848 | ... AZ76: =+AJ76/$U76 -> 6.3709911e-06 | BA76: =+AK76/U76 -> 0.00027826241 | BB76: =+U76-(0.5*AK76) -> 5335946.8 | BC76: =+AL76/(1-(0.5*$BA76)) -> 9.3704083e-06 | BD76: =+AM76/(1-(0.5*$BA76)) -> 3.373347e-06 | BE76: =+AN76/(1-(0.5*$BA76)) -> 2.2676388e-05 | BF76: =+AO76/(1-(0.5*$BA76)) -> 1.4805245e-05 | BG76: =+AP76/(1-(0.5*$BA76)) -> 3.373347e-06 | BH76: =+AQ76/(1-(0.5*$BA76)) -> 4.9850572e-05 | BI76: =+AR76/(1-(0.5*$BA76)) -> 3.373347e-06 | BJ76: =+AS76/(1-(0.5*$BA76)) -> 0.00012350198 | ... BQ76: =+AZ76/(1-(0.5*$BA76)) -> 6.3718777e-06 | BR76: =+(V75+V76)/(2*$U76) -> 1.2367218e-05 | BS76: =+(W75+W76)/(2*$U76) -> 4.9656254e-06 | BT76: =+(X75+X76)/(2*$U76) -> 0.00015674512 | BU76: =+(Y75+Y76)/(2*$U76) -> 0.00023863109 | BV76: =+(Z75+Z76)/(2*$U76) -> 5.1530075e-06 | BW76: =+(AA75+AA76)/(2*$U76) -> 3.9818695e-05 | BX76: =+(AB75+AB76)/(2*$U76) -> 2.9981135e-06 | BY76: =+(AC75+AC76)/(2*$U76) -> 0.00013538356 | ... CF76: =+(AJ75+AJ76)/(2*$U76) -> 5.9025359e-06
A77: 15-24 | B77: 4328734.7 | C77: 101 | D77: 34 | E77: 66 | F77: 36 | G77: 71 | H77: 301 | I77: 64 | J77: 1352 | K77: 1694 | L77: 51 | M77: 0 | N77: 33 | O77: 90 | P77: 47 | Q77: 27 | S77: =+$B$71 -> 1996 | T77: =+A77 -> 15-24 | U77: =+B77 -> 4328734.7 | V77: =+C77 -> 101 | W77: =+D77 -> 34 | X77: =+E77 -> 66 | Y77: =+F77 -> 36 | Z77: =+G77 -> 71 | AA77: =+H77 -> 301 | ... AJ77: =+Q77 -> 27 | AK77: =+SUM(V77:AJ77) -> 3967 | AL77: =+V77/$U77 -> 2.3332453e-05 | AM77: =+W77/$U77 -> 7.8544892e-06 | AN77: =+X77/$U77 -> 1.524695e-05 | AO77: =+Y77/$U77 -> 8.3165179e-06 | AP77: =+Z77/$U77 -> 1.6402021e-05 | AQ77: =+AA77/$U77 -> 6.953533e-05 | AR77: =+AB77/$U77 -> 1.4784921e-05 | AS77: =+AC77/$U77 -> 0.00031233145 | ... AZ77: =+AJ77/$U77 -> 6.2373884e-06 | BA77: =+AK77/U77 -> 0.00091643407 | BB77: =+U77-(0.5*AK77) -> 4326751.2 | BC77: =+AL77/(1-(0.5*$BA77)) -> 2.3343149e-05 | BD77: =+AM77/(1-(0.5*$BA77)) -> 7.8580899e-06 | BE77: =+AN77/(1-(0.5*$BA77)) -> 1.5253939e-05 | BF77: =+AO77/(1-(0.5*$BA77)) -> 8.3203304e-06 | BG77: =+AP77/(1-(0.5*$BA77)) -> 1.6409541e-05 | BH77: =+AQ77/(1-(0.5*$BA77)) -> 6.9567207e-05 | BI77: =+AR77/(1-(0.5*$BA77)) -> 1.4791699e-05 | BJ77: =+AS77/(1-(0.5*$BA77)) -> 0.00031247463 | ... BQ77: =+AZ77/(1-(0.5*$BA77)) -> 6.2402478e-06 | BR77: =+(V76+V77)/(2*$U77) -> 1.7441586e-05 | BS77: =+(W76+W77)/(2*$U77) -> 6.0063741e-06 | BT77: =+(X76+X77)/(2*$U77) -> 2.1599845e-05 | BU77: =+(Y76+Y77)/(2*$U77) -> 1.3283327e-05 | BV77: =+(Z76+Z77)/(2*$U77) -> 1.028014e-05 | BW77: =+(AA76+AA77)/(2*$U77) -> 6.5492579e-05 | BX77: =+(AB76+AB77)/(2*$U77) -> 9.4715899e-06 | BY77: =+(AC76+AC77)/(2*$U77) -> 0.00023228497 | ... CF77: =+(AJ76+AJ77)/(2*$U77) -> 7.0459388e-06
A78: 25-44 | B78: 6500086.9 | C78: 1265 | D78: 267 | E78: 94 | F78: 65 | G78: 232 | H78: 1734 | I78: 517 | J78: 2393 | K78: 1811 | L78: 272 | M78: 1 | N78: 99 | O78: 191 | P78: 719 | Q78: 111 | S78: =+$B$71 -> 1996 | T78: =+A78 -> 25-44 | U78: =+B78 -> 6500086.9 | V78: =+C78 -> 1265 | W78: =+D78 -> 267 | X78: =+E78 -> 94 | Y78: =+F78 -> 65 | Z78: =+G78 -> 232 | AA78: =+H78 -> 1734 | ... AJ78: =+Q78 -> 111 | AK78: =+SUM(V78:AJ78) -> 9771 | AL78: =+V78/$U78 -> 0.00019461278 | AM78: =+W78/$U78 -> 4.1076374e-05 | AN78: =+X78/$U78 -> 1.4461345e-05 | AO78: =+Y78/$U78 -> 9.9998662e-06 | AP78: =+Z78/$U78 -> 3.569183e-05 | AQ78: =+AA78/$U78 -> 0.00026676566 | AR78: =+AB78/$U78 -> 7.9537398e-05 | AS78: =+AC78/$U78 -> 0.00036814892 | ... AZ78: =+AJ78/$U78 -> 1.7076695e-05 | BA78: =+AK78/U78 -> 0.0015032107 | BB78: =+U78-(0.5*AK78) -> 6495201.4 | BC78: =+AL78/(1-(0.5*$BA78)) -> 0.00019475916 | BD78: =+AM78/(1-(0.5*$BA78)) -> 4.110727e-05 | BE78: =+AN78/(1-(0.5*$BA78)) -> 1.4472222e-05 | BF78: =+AO78/(1-(0.5*$BA78)) -> 1.0007388e-05 | BG78: =+AP78/(1-(0.5*$BA78)) -> 3.5718677e-05 | BH78: =+AQ78/(1-(0.5*$BA78)) -> 0.00026696632 | BI78: =+AR78/(1-(0.5*$BA78)) -> 7.9597223e-05 | BJ78: =+AS78/(1-(0.5*$BA78)) -> 0.00036842583 | ... BQ78: =+AZ78/(1-(0.5*$BA78)) -> 1.7089539e-05 | BR78: =+(V77+V78)/(2*$U78) -> 0.00010507552 | BS78: =+(W77+W78)/(2*$U78) -> 2.3153536e-05 | BT78: =+(X77+X78)/(2*$U78) -> 1.2307528e-05 | BU78: =+(Y77+Y78)/(2*$U78) -> 7.7691269e-06 | BV78: =+(Z77+Z78)/(2*$U78) -> 2.3307381e-05 | BW78: =+(AA77+AA78)/(2*$U78) -> 0.00015653637 | BX78: =+(AB77+AB78)/(2*$U78) -> 4.469171e-05 | BY78: =+(AC77+AC78)/(2*$U78) -> 0.00028807307 | ... CF78: =+(AJ77+AJ78)/(2*$U78) -> 1.0615243e-05
A79: 45-64 | B79: 2862216.5 | C79: 5170 | D79: 791 | E79: 38 | F79: 151 | G79: 387 | H79: 4424 | I79: 1783 | J79: 1078 | K79: 502 | L79: 1450 | M79: 0 | N79: 427 | O79: 247 | P79: 130 | Q79: 206 | S79: =+$B$71 -> 1996 | T79: =+A79 -> 45-64 | U79: =+B79 -> 2862216.5 | V79: =+C79 -> 5170 | W79: =+D79 -> 791 | X79: =+E79 -> 38 | Y79: =+F79 -> 151 | Z79: =+G79 -> 387 | AA79: =+H79 -> 4424 | ... AJ79: =+Q79 -> 206 | AK79: =+SUM(V79:AJ79) -> 16784 | AL79: =+V79/$U79 -> 0.0018062924 | AM79: =+W79/$U79 -> 0.00027635925 | AN79: =+X79/$U79 -> 1.3276424e-05 | AO79: =+Y79/$U79 -> 5.2756317e-05 | AP79: =+Z79/$U79 -> 0.0001352099 | AQ79: =+AA79/$U79 -> 0.0015456553 | AR79: =+AB79/$U79 -> 0.0006229438 | AS79: =+AC79/$U79 -> 0.00037663119 | ... AZ79: =+AJ79/$U79 -> 7.1972194e-05 | BA79: =+AK79/U79 -> 0.0058639869 | BB79: =+U79-(0.5*AK79) -> 2853824.5 | BC79: =+AL79/(1-(0.5*$BA79)) -> 0.0018116041 | BD79: =+AM79/(1-(0.5*$BA79)) -> 0.00027717192 | BE79: =+AN79/(1-(0.5*$BA79)) -> 1.3315465e-05 | BF79: =+AO79/(1-(0.5*$BA79)) -> 5.2911453e-05 | BG79: =+AP79/(1-(0.5*$BA79)) -> 0.0001356075 | BH79: =+AQ79/(1-(0.5*$BA79)) -> 0.0015502004 | BI79: =+AR79/(1-(0.5*$BA79)) -> 0.00062477563 | BJ79: =+AS79/(1-(0.5*$BA79)) -> 0.00037773872 | ... BQ79: =+AZ79/(1-(0.5*$BA79)) -> 7.2183836e-05 | BR79: =+(V78+V79)/(2*$U79) -> 0.0011241288 | BS79: =+(W78+W79)/(2*$U79) -> 0.0001848218 | BT79: =+(X78+X79)/(2*$U79) -> 2.3059052e-05 | BU79: =+(Y78+Y79)/(2*$U79) -> 3.7732995e-05 | BV79: =+(Z78+Z79)/(2*$U79) -> 0.00010813298 | BW79: =+(AA78+AA79)/(2*$U79) -> 0.0010757397 | BX79: =+(AB78+AB79)/(2*$U79) -> 0.00040178652 | BY79: =+(AC78+AC79)/(2*$U79) -> 0.00060634827 | ... CF79: =+(AJ78+AJ79)/(2*$U79) -> 5.5376664e-05
A80: 65-74 | B80: 710343.29 | C80: 5212 | D80: 406 | E80: 24 | F80: 146 | G80: 319 | H80: 3335 | I80: 1780 | J80: 380 | K80: 125 | L80: 1343 | M80: 0 | N80: 576 | O80: 226 | P80: 5 | Q80: 161 | S80: =+$B$71 -> 1996 | T80: =+A80 -> 65-74 | U80: =+B80 -> 710343.29 | V80: =+C80 -> 5212 | W80: =+D80 -> 406 | X80: =+E80 -> 24 | Y80: =+F80 -> 146 | Z80: =+G80 -> 319 | AA80: =+H80 -> 3335 | ... AJ80: =+Q80 -> 161 | AK80: =+SUM(V80:AJ80) -> 14038 | AL80: =+V80/$U80 -> 0.0073372975 | AM80: =+W80/$U80 -> 0.00057155464 | AN80: =+X80/$U80 -> 3.3786481e-05 | AO80: =+Y80/$U80 -> 0.00020553443 | AP80: =+Z80/$U80 -> 0.00044907864 | AQ80: =+AA80/$U80 -> 0.0046949131 | AR80: =+AB80/$U80 -> 0.0025058307 | AS80: =+AC80/$U80 -> 0.00053495262 | ... AZ80: =+AJ80/$U80 -> 0.00022665098 | BA80: =+AK80/U80 -> 0.019762276 | BB80: =+U80-(0.5*AK80) -> 703324.29 | BC80: =+AL80/(1-(0.5*$BA80)) -> 0.0074105218 | BD80: =+AM80/(1-(0.5*$BA80)) -> 0.00057725861 | BE80: =+AN80/(1-(0.5*$BA80)) -> 3.4123662e-05 | BF80: =+AO80/(1-(0.5*$BA80)) -> 0.00020758561 | BG80: =+AP80/(1-(0.5*$BA80)) -> 0.00045356034 | BH80: =+AQ80/(1-(0.5*$BA80)) -> 0.0047417671 | BI80: =+AR80/(1-(0.5*$BA80)) -> 0.0025308382 | BJ80: =+AS80/(1-(0.5*$BA80)) -> 0.00054029131 | ... BQ80: =+AZ80/(1-(0.5*$BA80)) -> 0.0002289129 | BR80: =+(V79+V80)/(2*$U80) -> 0.0073077343 | BS80: =+(W79+W80)/(2*$U80) -> 0.00084255037 | BT80: =+(X79+X80)/(2*$U80) -> 4.3640871e-05 | BU80: =+(Y79+Y80)/(2*$U80) -> 0.00020905385 | BV80: =+(Z79+Z80)/(2*$U80) -> 0.00049694282 | BW80: =+(AA79+AA80)/(2*$U80) -> 0.0054614439 | BX80: =+(AB79+AB80)/(2*$U80) -> 0.0025079423 | BY80: =+(AC79+AC80)/(2*$U80) -> 0.0010262644 | ... CF80: =+(AJ79+AJ80)/(2*$U80) -> 0.0002583258
A81: 75+ | B81: 710343.29 | C81: 9429 | D81: 279 | E81: 22 | F81: 432 | G81: 397 | H81: 3401 | I81: 3442 | J81: 534 | K81: 68 | L81: 1306 | M81: 14 | N81: 1141 | O81: 974 | P81: 7 | Q81: 178 | S81: =+$B$71 -> 1996 | T81: =+A81 -> 75+ | U81: =+B81 -> 710343.29 | V81: =+C81 -> 9429 | W81: =+D81 -> 279 | X81: =+E81 -> 22 | Y81: =+F81 -> 432 | Z81: =+G81 -> 397 | AA81: =+H81 -> 3401 | ... AJ81: =+Q81 -> 178 | AK81: =+SUM(V81:AJ81) -> 21624 | AL81: =+V81/$U81 -> 0.013273864 | AM81: =+W81/$U81 -> 0.00039276784 | AN81: =+X81/$U81 -> 3.0970941e-05 | AO81: =+Y81/$U81 -> 0.00060815666 | AP81: =+Z81/$U81 -> 0.00055888471 | AQ81: =+AA81/$U81 -> 0.0047878259 | AR81: =+AB81/$U81 -> 0.0048455445 | AS81: =+AC81/$U81 -> 0.0007517492 | ... AZ81: =+AJ81/$U81 -> 0.00025058307 | BA81: =+AK81/U81 -> 0.030441619 | BB81: =+U81-(0.5*AK81) -> 699531.29 | BC81: =+AL81/(1-(0.5*$BA81)) -> 0.013479025 | BD81: =+AM81/(1-(0.5*$BA81)) -> 0.00039883849 | BE81: =+AN81/(1-(0.5*$BA81)) -> 3.144963e-05 | BF81: =+AO81/(1-(0.5*$BA81)) -> 0.00061755637 | BG81: =+AP81/(1-(0.5*$BA81)) -> 0.00056752286 | BH81: =+AQ81/(1-(0.5*$BA81)) -> 0.0048618269 | BI81: =+AR81/(1-(0.5*$BA81)) -> 0.0049204375 | BJ81: =+AS81/(1-(0.5*$BA81)) -> 0.00076336829 | ... BQ81: =+AZ81/(1-(0.5*$BA81)) -> 0.0002544561 | BR81: =+(V80+V81)/(2*$U81) -> 0.010305581 | BS81: =+(W80+W81)/(2*$U81) -> 0.00048216124 | BT81: =+(X80+X81)/(2*$U81) -> 3.2378711e-05 | BU81: =+(Y80+Y81)/(2*$U81) -> 0.00040684554 | BV81: =+(Z80+Z81)/(2*$U81) -> 0.00050398168 | BW81: =+(AA80+AA81)/(2*$U81) -> 0.0047413695 | BX81: =+(AB80+AB81)/(2*$U81) -> 0.0036756876 | BY81: =+(AC80+AC81)/(2*$U81) -> 0.00064335091 | ... CF81: =+(AJ80+AJ81)/(2*$U81) -> 0.00023861702
A84: Año | B84: 1996
A86: Suma de Fallecimientos | C86: Posicion
A87: Grupo Etario | B87: Población | C87: 1 | D87: 10 | E87: 11 | F87: 12 | G87: 13 | H87: 2 | I87: 3 | J87: 4 | K87: 5 | L87: 6 | M87: 7 | N87: 8 | O87: 9 | P87: 14 | Q87: 15 | S87: Año | T87: Grupo Etario | U87: lx(T) | V87: =+CONCATENATE("dx","(",C87,")") -> dx(1) | W87: =+CONCATENATE("dx","(",D87,")") -> dx(10) | X87: =+CONCATENATE("dx","(",E87,")") -> dx(11) | Y87: =+CONCATENATE("dx","(",F87,")") -> dx(12) | Z87: =+CONCATENATE("dx","(",G87,")") -> dx(13) | AA87: =+CONCATENATE("dx","(",H87,")") -> dx(2) | AB87: =+CONCATENATE("dx","(",I87,")") -> dx(3) | AC87: =+CONCATENATE("dx","(",J87,")") -> dx(4) | ... AJ87: =+CONCATENATE("dx","(",Q87,")") -> dx(15) | AK87: dx(T) | AL87: =+CONCATENATE("qx","(",C87,")") -> qx(1) | AM87: =+CONCATENATE("qx","(",D87,")") -> qx(10) | AN87: =+CONCATENATE("qx","(",E87,")") -> qx(11) | AO87: =+CONCATENATE("qx","(",F87,")") -> qx(12) | AP87: =+CONCATENATE("qx","(",G87,")") -> qx(13) | AQ87: =+CONCATENATE("qx","(",H87,")") -> qx(2) | AR87: =+CONCATENATE("qx","(",I87,")") -> qx(3) | AS87: =+CONCATENATE("qx","(",J87,")") -> qx(4) | ... AZ87: =+CONCATENATE("qx","(",Q87,")") -> qx(15) | BA87: =+CONCATENATE("qx","(T)") -> qx(T) | BB87: Lx(T) | BC87: =+CONCATENATE("mx","(",C87,")") -> mx(1) | BD87: =+CONCATENATE("mx","(",D87,")") -> mx(10) | BE87: =+CONCATENATE("mx","(",E87,")") -> mx(11) | BF87: =+CONCATENATE("mx","(",F87,")") -> mx(12) | BG87: =+CONCATENATE("mx","(",G87,")") -> mx(13) | BH87: =+CONCATENATE("mx","(",H87,")") -> mx(2) | BI87: =+CONCATENATE("mx","(",I87,")") -> mx(3) | BJ87: =+CONCATENATE("mx","(",J87,")") -> mx(4) | ... BQ87: =+CONCATENATE("mx","(",Q87,")") -> mx(15) | BR87: =+CONCATENATE("µ(X)",C87) -> µ(X)1 | BS87: =+CONCATENATE("µ(X)",D87) -> µ(X)10 | BT87: =+CONCATENATE("µ(X)",E87) -> µ(X)11 | BU87: =+CONCATENATE("µ(X)",F87) -> µ(X)12 | BV87: =+CONCATENATE("µ(X)",G87) -> µ(X)13 | BW87: =+CONCATENATE("µ(X)",H87) -> µ(X)2 | BX87: =+CONCATENATE("µ(X)",I87) -> µ(X)3 | BY87: =+CONCATENATE("µ(X)",J87) -> µ(X)4 | ... CF87: =+CONCATENATE("µ(X)",Q87) -> µ(X)15
A88: 0-4 | B88: 2669011.1 | C88: 82 | D88: 35 | E88: 1552 | F88: 2468 | G88: 37 | H88: 159 | I88: 14 | J88: 786 | K88: 32 | L88: 12 | M88: 5626 | N88: 114 | O88: 877 | P88: 21 | Q88: 29 | S88: =+$B$84 -> 1996 | T88: =+A88 -> 0-4 | U88: =+B88 -> 2669011.1 | V88: =+C88 -> 82 | W88: =+D88 -> 35 | X88: =+E88 -> 1552 | Y88: =+F88 -> 2468 | Z88: =+G88 -> 37 | AA88: =+H88 -> 159 | ... AJ88: =+Q88 -> 29 | AK88: =+SUM(V88:AJ88) -> 11844 | AL88: =+V88/$U88 -> 3.072299e-05 | AM88: =+W88/$U88 -> 1.3113471e-05 | AN88: =+X88/$U88 -> 0.00058148878 | AO88: =+Y88/$U88 -> 0.00092468706 | AP88: =+Z88/$U88 -> 1.3862813e-05 | AQ88: =+AA88/$U88 -> 5.9572627e-05 | AR88: =+AB88/$U88 -> 5.2453885e-06 | AS88: =+AC88/$U88 -> 0.0002944911 | ... AZ88: =+AJ88/$U88 -> 1.0865448e-05 | BA88: =+AK88/U88 -> 0.0044375987 | BB88: =+U88-(0.5*AK88) -> 2663089.1 | BC88: =+AL88/(1-(0.5*$BA88)) -> 3.079131e-05 | BD88: =+AM88/(1-(0.5*$BA88)) -> 1.3142632e-05 | BE88: =+AN88/(1-(0.5*$BA88)) -> 0.00058278186 | BF88: =+AO88/(1-(0.5*$BA88)) -> 0.00092674332 | BG88: =+AP88/(1-(0.5*$BA88)) -> 1.389364e-05 | BH88: =+AQ88/(1-(0.5*$BA88)) -> 5.97051e-05 | BI88: =+AR88/(1-(0.5*$BA88)) -> 5.2570529e-06 | BJ88: =+AS88/(1-(0.5*$BA88)) -> 0.00029514597 | ... BQ88: =+AZ88/(1-(0.5*$BA88)) -> 1.088961e-05 | BR88: =+V88/(2*$U88) -> 1.5361495e-05 | BS88: =+W88/(2*$U88) -> 6.5567357e-06 | BT88: =+X88/(2*$U88) -> 0.00029074439 | BU88: =+Y88/(2*$U88) -> 0.00046234353 | BV88: =+Z88/(2*$U88) -> 6.9314063e-06 | BW88: =+AA88/(2*$U88) -> 2.9786313e-05 | BX88: =+AB88/(2*$U88) -> 2.6226943e-06 | BY88: =+AC88/(2*$U88) -> 0.00014724555 | ... CF88: =+AJ88/(2*$U88) -> 5.4327238e-06
A89: 5-14 | B89: 5336689.3 | C89: 50 | D89: 18 | E89: 121 | F89: 79 | G89: 18 | H89: 266 | I89: 18 | J89: 659 | K89: 105 | L89: 16 | M89: 2 | N89: 15 | O89: 82 | P89: 2 | Q89: 34 | S89: =+$B$84 -> 1996 | T89: =+A89 -> 5-14 | U89: =+B89 -> 5336689.3 | V89: =+C89 -> 50 | W89: =+D89 -> 18 | X89: =+E89 -> 121 | Y89: =+F89 -> 79 | Z89: =+G89 -> 18 | AA89: =+H89 -> 266 | ... AJ89: =+Q89 -> 34 | AK89: =+SUM(V89:AJ89) -> 1485 | AL89: =+V89/$U89 -> 9.3691046e-06 | AM89: =+W89/$U89 -> 3.3728777e-06 | AN89: =+X89/$U89 -> 2.2673233e-05 | AO89: =+Y89/$U89 -> 1.4803185e-05 | AP89: =+Z89/$U89 -> 3.3728777e-06 | AQ89: =+AA89/$U89 -> 4.9843637e-05 | AR89: =+AB89/$U89 -> 3.3728777e-06 | AS89: =+AC89/$U89 -> 0.0001234848 | ... AZ89: =+AJ89/$U89 -> 6.3709911e-06 | BA89: =+AK89/U89 -> 0.00027826241 | BB89: =+U89-(0.5*AK89) -> 5335946.8 | BC89: =+AL89/(1-(0.5*$BA89)) -> 9.3704083e-06 | BD89: =+AM89/(1-(0.5*$BA89)) -> 3.373347e-06 | BE89: =+AN89/(1-(0.5*$BA89)) -> 2.2676388e-05 | BF89: =+AO89/(1-(0.5*$BA89)) -> 1.4805245e-05 | BG89: =+AP89/(1-(0.5*$BA89)) -> 3.373347e-06 | BH89: =+AQ89/(1-(0.5*$BA89)) -> 4.9850572e-05 | BI89: =+AR89/(1-(0.5*$BA89)) -> 3.373347e-06 | BJ89: =+AS89/(1-(0.5*$BA89)) -> 0.00012350198 | ... BQ89: =+AZ89/(1-(0.5*$BA89)) -> 6.3718777e-06 | BR89: =+(V88+V89)/(2*$U89) -> 1.2367218e-05 | BS89: =+(W88+W89)/(2*$U89) -> 4.9656254e-06 | BT89: =+(X88+X89)/(2*$U89) -> 0.00015674512 | BU89: =+(Y88+Y89)/(2*$U89) -> 0.00023863109 | BV89: =+(Z88+Z89)/(2*$U89) -> 5.1530075e-06 | BW89: =+(AA88+AA89)/(2*$U89) -> 3.9818695e-05 | BX89: =+(AB88+AB89)/(2*$U89) -> 2.9981135e-06 | BY89: =+(AC88+AC89)/(2*$U89) -> 0.00013538356 | ... CF89: =+(AJ88+AJ89)/(2*$U89) -> 5.9025359e-06
A90: 15-24 | B90: 4328734.7 | C90: 101 | D90: 34 | E90: 66 | F90: 36 | G90: 71 | H90: 301 | I90: 64 | J90: 1352 | K90: 1694 | L90: 51 | M90: 0 | N90: 33 | O90: 90 | P90: 47 | Q90: 27 | S90: =+$B$84 -> 1996 | T90: =+A90 -> 15-24 | U90: =+B90 -> 4328734.7 | V90: =+C90 -> 101 | W90: =+D90 -> 34 | X90: =+E90 -> 66 | Y90: =+F90 -> 36 | Z90: =+G90 -> 71 | AA90: =+H90 -> 301 | ... AJ90: =+Q90 -> 27 | AK90: =+SUM(V90:AJ90) -> 3967 | AL90: =+V90/$U90 -> 2.3332453e-05 | AM90: =+W90/$U90 -> 7.8544892e-06 | AN90: =+X90/$U90 -> 1.524695e-05 | AO90: =+Y90/$U90 -> 8.3165179e-06 | AP90: =+Z90/$U90 -> 1.6402021e-05 | AQ90: =+AA90/$U90 -> 6.953533e-05 | AR90: =+AB90/$U90 -> 1.4784921e-05 | AS90: =+AC90/$U90 -> 0.00031233145 | ... AZ90: =+AJ90/$U90 -> 6.2373884e-06 | BA90: =+AK90/U90 -> 0.00091643407 | BB90: =+U90-(0.5*AK90) -> 4326751.2 | BC90: =+AL90/(1-(0.5*$BA90)) -> 2.3343149e-05 | BD90: =+AM90/(1-(0.5*$BA90)) -> 7.8580899e-06 | BE90: =+AN90/(1-(0.5*$BA90)) -> 1.5253939e-05 | BF90: =+AO90/(1-(0.5*$BA90)) -> 8.3203304e-06 | BG90: =+AP90/(1-(0.5*$BA90)) -> 1.6409541e-05 | BH90: =+AQ90/(1-(0.5*$BA90)) -> 6.9567207e-05 | BI90: =+AR90/(1-(0.5*$BA90)) -> 1.4791699e-05 | BJ90: =+AS90/(1-(0.5*$BA90)) -> 0.00031247463 | ... BQ90: =+AZ90/(1-(0.5*$BA90)) -> 6.2402478e-06 | BR90: =+(V89+V90)/(2*$U90) -> 1.7441586e-05 | BS90: =+(W89+W90)/(2*$U90) -> 6.0063741e-06 | BT90: =+(X89+X90)/(2*$U90) -> 2.1599845e-05 | BU90: =+(Y89+Y90)/(2*$U90) -> 1.3283327e-05 | BV90: =+(Z89+Z90)/(2*$U90) -> 1.028014e-05 | BW90: =+(AA89+AA90)/(2*$U90) -> 6.5492579e-05 | BX90: =+(AB89+AB90)/(2*$U90) -> 9.4715899e-06 | BY90: =+(AC89+AC90)/(2*$U90) -> 0.00023228497 | ... CF90: =+(AJ89+AJ90)/(2*$U90) -> 7.0459388e-06
A91: 25-44 | B91: 6500086.9 | C91: 1265 | D91: 267 | E91: 94 | F91: 65 | G91: 232 | H91: 1734 | I91: 517 | J91: 2393 | K91: 1811 | L91: 272 | M91: 1 | N91: 99 | O91: 191 | P91: 719 | Q91: 111 | S91: =+$B$84 -> 1996 | T91: =+A91 -> 25-44 | U91: =+B91 -> 6500086.9 | V91: =+C91 -> 1265 | W91: =+D91 -> 267 | X91: =+E91 -> 94 | Y91: =+F91 -> 65 | Z91: =+G91 -> 232 | AA91: =+H91 -> 1734 | ... AJ91: =+Q91 -> 111 | AK91: =+SUM(V91:AJ91) -> 9771 | AL91: =+V91/$U91 -> 0.00019461278 | AM91: =+W91/$U91 -> 4.1076374e-05 | AN91: =+X91/$U91 -> 1.4461345e-05 | AO91: =+Y91/$U91 -> 9.9998662e-06 | AP91: =+Z91/$U91 -> 3.569183e-05 | AQ91: =+AA91/$U91 -> 0.00026676566 | AR91: =+AB91/$U91 -> 7.9537398e-05 | AS91: =+AC91/$U91 -> 0.00036814892 | ... AZ91: =+AJ91/$U91 -> 1.7076695e-05 | BA91: =+AK91/U91 -> 0.0015032107 | BB91: =+U91-(0.5*AK91) -> 6495201.4 | BC91: =+AL91/(1-(0.5*$BA91)) -> 0.00019475916 | BD91: =+AM91/(1-(0.5*$BA91)) -> 4.110727e-05 | BE91: =+AN91/(1-(0.5*$BA91)) -> 1.4472222e-05 | BF91: =+AO91/(1-(0.5*$BA91)) -> 1.0007388e-05 | BG91: =+AP91/(1-(0.5*$BA91)) -> 3.5718677e-05 | BH91: =+AQ91/(1-(0.5*$BA91)) -> 0.00026696632 | BI91: =+AR91/(1-(0.5*$BA91)) -> 7.9597223e-05 | BJ91: =+AS91/(1-(0.5*$BA91)) -> 0.00036842583 | ... BQ91: =+AZ91/(1-(0.5*$BA91)) -> 1.7089539e-05 | BR91: =+(V90+V91)/(2*$U91) -> 0.00010507552 | BS91: =+(W90+W91)/(2*$U91) -> 2.3153536e-05 | BT91: =+(X90+X91)/(2*$U91) -> 1.2307528e-05 | BU91: =+(Y90+Y91)/(2*$U91) -> 7.7691269e-06 | BV91: =+(Z90+Z91)/(2*$U91) -> 2.3307381e-05 | BW91: =+(AA90+AA91)/(2*$U91) -> 0.00015653637 | BX91: =+(AB90+AB91)/(2*$U91) -> 4.469171e-05 | BY91: =+(AC90+AC91)/(2*$U91) -> 0.00028807307 | ... CF91: =+(AJ90+AJ91)/(2*$U91) -> 1.0615243e-05
A92: 45-64 | B92: 2862216.5 | C92: 5170 | D92: 791 | E92: 38 | F92: 151 | G92: 387 | H92: 4424 | I92: 1783 | J92: 1078 | K92: 502 | L92: 1450 | M92: 0 | N92: 427 | O92: 247 | P92: 130 | Q92: 206 | S92: =+$B$84 -> 1996 | T92: =+A92 -> 45-64 | U92: =+B92 -> 2862216.5 | V92: =+C92 -> 5170 | W92: =+D92 -> 791 | X92: =+E92 -> 38 | Y92: =+F92 -> 151 | Z92: =+G92 -> 387 | AA92: =+H92 -> 4424 | ... AJ92: =+Q92 -> 206 | AK92: =+SUM(V92:AJ92) -> 16784 | AL92: =+V92/$U92 -> 0.0018062924 | AM92: =+W92/$U92 -> 0.00027635925 | AN92: =+X92/$U92 -> 1.3276424e-05 | AO92: =+Y92/$U92 -> 5.2756317e-05 | AP92: =+Z92/$U92 -> 0.0001352099 | AQ92: =+AA92/$U92 -> 0.0015456553 | AR92: =+AB92/$U92 -> 0.0006229438 | AS92: =+AC92/$U92 -> 0.00037663119 | ... AZ92: =+AJ92/$U92 -> 7.1972194e-05 | BA92: =+AK92/U92 -> 0.0058639869 | BB92: =+U92-(0.5*AK92) -> 2853824.5 | BC92: =+AL92/(1-(0.5*$BA92)) -> 0.0018116041 | BD92: =+AM92/(1-(0.5*$BA92)) -> 0.00027717192 | BE92: =+AN92/(1-(0.5*$BA92)) -> 1.3315465e-05 | BF92: =+AO92/(1-(0.5*$BA92)) -> 5.2911453e-05 | BG92: =+AP92/(1-(0.5*$BA92)) -> 0.0001356075 | BH92: =+AQ92/(1-(0.5*$BA92)) -> 0.0015502004 | BI92: =+AR92/(1-(0.5*$BA92)) -> 0.00062477563 | BJ92: =+AS92/(1-(0.5*$BA92)) -> 0.00037773872 | ... BQ92: =+AZ92/(1-(0.5*$BA92)) -> 7.2183836e-05 | BR92: =+(V91+V92)/(2*$U92) -> 0.0011241288 | BS92: =+(W91+W92)/(2*$U92) -> 0.0001848218 | BT92: =+(X91+X92)/(2*$U92) -> 2.3059052e-05 | BU92: =+(Y91+Y92)/(2*$U92) -> 3.7732995e-05 | BV92: =+(Z91+Z92)/(2*$U92) -> 0.00010813298 | BW92: =+(AA91+AA92)/(2*$U92) -> 0.0010757397 | BX92: =+(AB91+AB92)/(2*$U92) -> 0.00040178652 | BY92: =+(AC91+AC92)/(2*$U92) -> 0.00060634827 | ... CF92: =+(AJ91+AJ92)/(2*$U92) -> 5.5376664e-05
A93: 65-74 | B93: 710343.29 | C93: 5212 | D93: 406 | E93: 24 | F93: 146 | G93: 319 | H93: 3335 | I93: 1780 | J93: 380 | K93: 125 | L93: 1343 | M93: 0 | N93: 576 | O93: 226 | P93: 5 | Q93: 161 | S93: =+$B$84 -> 1996 | T93: =+A93 -> 65-74 | U93: =+B93 -> 710343.29 | V93: =+C93 -> 5212 | W93: =+D93 -> 406 | X93: =+E93 -> 24 | Y93: =+F93 -> 146 | Z93: =+G93 -> 319 | AA93: =+H93 -> 3335 | ... AJ93: =+Q93 -> 161 | AK93: =+SUM(V93:AJ93) -> 14038 | AL93: =+V93/$U93 -> 0.0073372975 | AM93: =+W93/$U93 -> 0.00057155464 | AN93: =+X93/$U93 -> 3.3786481e-05 | AO93: =+Y93/$U93 -> 0.00020553443 | AP93: =+Z93/$U93 -> 0.00044907864 | AQ93: =+AA93/$U93 -> 0.0046949131 | AR93: =+AB93/$U93 -> 0.0025058307 | AS93: =+AC93/$U93 -> 0.00053495262 | ... AZ93: =+AJ93/$U93 -> 0.00022665098 | BA93: =+AK93/U93 -> 0.019762276 | BB93: =+U93-(0.5*AK93) -> 703324.29 | BC93: =+AL93/(1-(0.5*$BA93)) -> 0.0074105218 | BD93: =+AM93/(1-(0.5*$BA93)) -> 0.00057725861 | BE93: =+AN93/(1-(0.5*$BA93)) -> 3.4123662e-05 | BF93: =+AO93/(1-(0.5*$BA93)) -> 0.00020758561 | BG93: =+AP93/(1-(0.5*$BA93)) -> 0.00045356034 | BH93: =+AQ93/(1-(0.5*$BA93)) -> 0.0047417671 | BI93: =+AR93/(1-(0.5*$BA93)) -> 0.0025308382 | BJ93: =+AS93/(1-(0.5*$BA93)) -> 0.00054029131 | ... BQ93: =+AZ93/(1-(0.5*$BA93)) -> 0.0002289129 | BR93: =+(V92+V93)/(2*$U93) -> 0.0073077343 | BS93: =+(W92+W93)/(2*$U93) -> 0.00084255037 | BT93: =+(X92+X93)/(2*$U93) -> 4.3640871e-05 | BU93: =+(Y92+Y93)/(2*$U93) -> 0.00020905385 | BV93: =+(Z92+Z93)/(2*$U93) -> 0.00049694282 | BW93: =+(AA92+AA93)/(2*$U93) -> 0.0054614439 | BX93: =+(AB92+AB93)/(2*$U93) -> 0.0025079423 | BY93: =+(AC92+AC93)/(2*$U93) -> 0.0010262644 | ... CF93: =+(AJ92+AJ93)/(2*$U93) -> 0.0002583258
A94: 75+ | B94: 710343.29 | C94: 9429 | D94: 279 | E94: 22 | F94: 432 | G94: 397 | H94: 3401 | I94: 3442 | J94: 534 | K94: 68 | L94: 1306 | M94: 14 | N94: 1141 | O94: 974 | P94: 7 | Q94: 178 | S94: =+$B$84 -> 1996 | T94: =+A94 -> 75+ | U94: =+B94 -> 710343.29 | V94: =+C94 -> 9429 | W94: =+D94 -> 279 | X94: =+E94 -> 22 | Y94: =+F94 -> 432 | Z94: =+G94 -> 397 | AA94: =+H94 -> 3401 | ... AJ94: =+Q94 -> 178 | AK94: =+SUM(V94:AJ94) -> 21624 | AL94: =+V94/$U94 -> 0.013273864 | AM94: =+W94/$U94 -> 0.00039276784 | AN94: =+X94/$U94 -> 3.0970941e-05 | AO94: =+Y94/$U94 -> 0.00060815666 | AP94: =+Z94/$U94 -> 0.00055888471 | AQ94: =+AA94/$U94 -> 0.0047878259 | AR94: =+AB94/$U94 -> 0.0048455445 | AS94: =+AC94/$U94 -> 0.0007517492 | ... AZ94: =+AJ94/$U94 -> 0.00025058307 | BA94: =+AK94/U94 -> 0.030441619 | BB94: =+U94-(0.5*AK94) -> 699531.29 | BC94: =+AL94/(1-(0.5*$BA94)) -> 0.013479025 | BD94: =+AM94/(1-(0.5*$BA94)) -> 0.00039883849 | BE94: =+AN94/(1-(0.5*$BA94)) -> 3.144963e-05 | BF94: =+AO94/(1-(0.5*$BA94)) -> 0.00061755637 | BG94: =+AP94/(1-(0.5*$BA94)) -> 0.00056752286 | BH94: =+AQ94/(1-(0.5*$BA94)) -> 0.0048618269 | BI94: =+AR94/(1-(0.5*$BA94)) -> 0.0049204375 | BJ94: =+AS94/(1-(0.5*$BA94)) -> 0.00076336829 | ... BQ94: =+AZ94/(1-(0.5*$BA94)) -> 0.0002544561 | BR94: =+(V93+V94)/(2*$U94) -> 0.010305581 | BS94: =+(W93+W94)/(2*$U94) -> 0.00048216124 | BT94: =+(X93+X94)/(2*$U94) -> 3.2378711e-05 | BU94: =+(Y93+Y94)/(2*$U94) -> 0.00040684554 | BV94: =+(Z93+Z94)/(2*$U94) -> 0.00050398168 | BW94: =+(AA93+AA94)/(2*$U94) -> 0.0047413695 | BX94: =+(AB93+AB94)/(2*$U94) -> 0.0036756876 | BY94: =+(AC93+AC94)/(2*$U94) -> 0.00064335091 | ... CF94: =+(AJ93+AJ94)/(2*$U94) -> 0.00023861702
A97: Año | B97: 1996
A99: Suma de Fallecimientos | C99: Posicion
A100: Grupo Etario | B100: Población | C100: 1 | D100: 10 | E100: 11 | F100: 12 | G100: 13 | H100: 2 | I100: 3 | J100: 4 | K100: 5 | L100: 6 | M100: 7 | N100: 8 | O100: 9 | P100: 14 | Q100: 15 | S100: Año | T100: Grupo Etario | U100: lx(T) | V100: =+CONCATENATE("dx","(",C100,")") -> dx(1) | W100: =+CONCATENATE("dx","(",D100,")") -> dx(10) | X100: =+CONCATENATE("dx","(",E100,")") -> dx(11) | Y100: =+CONCATENATE("dx","(",F100,")") -> dx(12) | Z100: =+CONCATENATE("dx","(",G100,")") -> dx(13) | AA100: =+CONCATENATE("dx","(",H100,")") -> dx(2) | AB100: =+CONCATENATE("dx","(",I100,")") -> dx(3) | AC100: =+CONCATENATE("dx","(",J100,")") -> dx(4) | ... AJ100: =+CONCATENATE("dx","(",Q100,")") -> dx(15) | AK100: dx(T) | AL100: =+CONCATENATE("qx","(",C100,")") -> qx(1) | AM100: =+CONCATENATE("qx","(",D100,")") -> qx(10) | AN100: =+CONCATENATE("qx","(",E100,")") -> qx(11) | AO100: =+CONCATENATE("qx","(",F100,")") -> qx(12) | AP100: =+CONCATENATE("qx","(",G100,")") -> qx(13) | AQ100: =+CONCATENATE("qx","(",H100,")") -> qx(2) | AR100: =+CONCATENATE("qx","(",I100,")") -> qx(3) | AS100: =+CONCATENATE("qx","(",J100,")") -> qx(4) | ... AZ100: =+CONCATENATE("qx","(",Q100,")") -> qx(15) | BA100: =+CONCATENATE("qx","(T)") -> qx(T) | BB100: Lx(T) | BC100: =+CONCATENATE("mx","(",C100,")") -> mx(1) | BD100: =+CONCATENATE("mx","(",D100,")") -> mx(10) | BE100: =+CONCATENATE("mx","(",E100,")") -> mx(11) | BF100: =+CONCATENATE("mx","(",F100,")") -> mx(12) | BG100: =+CONCATENATE("mx","(",G100,")") -> mx(13) | BH100: =+CONCATENATE("mx","(",H100,")") -> mx(2) | BI100: =+CONCATENATE("mx","(",I100,")") -> mx(3) | BJ100: =+CONCATENATE("mx","(",J100,")") -> mx(4) | ... BQ100: =+CONCATENATE("mx","(",Q100,")") -> mx(15) | BR100: =+CONCATENATE("µ(X)",C100) -> µ(X)1 | BS100: =+CONCATENATE("µ(X)",D100) -> µ(X)10 | BT100: =+CONCATENATE("µ(X)",E100) -> µ(X)11 | BU100: =+CONCATENATE("µ(X)",F100) -> µ(X)12 | BV100: =+CONCATENATE("µ(X)",G100) -> µ(X)13 | BW100: =+CONCATENATE("µ(X)",H100) -> µ(X)2 | BX100: =+CONCATENATE("µ(X)",I100) -> µ(X)3 | BY100: =+CONCATENATE("µ(X)",J100) -> µ(X)4 | ... CF100: =+CONCATENATE("µ(X)",Q100) -> µ(X)15
A101: 0-4 | B101: 2669011.1 | C101: 82 | D101: 35 | E101: 1552 | F101: 2468 | G101: 37 | H101: 159 | I101: 14 | J101: 786 | K101: 32 | L101: 12 | M101: 5626 | N101: 114 | O101: 877 | P101: 21 | Q101: 29 | S101: =+$B$97 -> 1996 | T101: =+A101 -> 0-4 | U101: =+B101 -> 2669011.1 | V101: =+C101 -> 82 | W101: =+D101 -> 35 | X101: =+E101 -> 1552 | Y101: =+F101 -> 2468 | Z101: =+G101 -> 37 | AA101: =+H101 -> 159 | ... AJ101: =+Q101 -> 29 | AK101: =+SUM(V101:AJ101) -> 11844 | AL101: =+V101/$U101 -> 3.072299e-05 | AM101: =+W101/$U101 -> 1.3113471e-05 | AN101: =+X101/$U101 -> 0.00058148878 | AO101: =+Y101/$U101 -> 0.00092468706 | AP101: =+Z101/$U101 -> 1.3862813e-05 | AQ101: =+AA101/$U101 -> 5.9572627e-05 | AR101: =+AB101/$U101 -> 5.2453885e-06 | AS101: =+AC101/$U101 -> 0.0002944911 | ... AZ101: =+AJ101/$U101 -> 1.0865448e-05 | BA101: =+AK101/U101 -> 0.0044375987 | BB101: =+U101-(0.5*AK101) -> 2663089.1 | BC101: =+AL101/(1-(0.5*$BA101)) -> 3.079131e-05 | BD101: =+AM101/(1-(0.5*$BA101)) -> 1.3142632e-05 | BE101: =+AN101/(1-(0.5*$BA101)) -> 0.00058278186 | BF101: =+AO101/(1-(0.5*$BA101)) -> 0.00092674332 | BG101: =+AP101/(1-(0.5*$BA101)) -> 1.389364e-05 | BH101: =+AQ101/(1-(0.5*$BA101)) -> 5.97051e-05 | BI101: =+AR101/(1-(0.5*$BA101)) -> 5.2570529e-06 | BJ101: =+AS101/(1-(0.5*$BA101)) -> 0.00029514597 | ... BQ101: =+AZ101/(1-(0.5*$BA101)) -> 1.088961e-05 | BR101: =+V101/(2*$U101) -> 1.5361495e-05 | BS101: =+W101/(2*$U101) -> 6.5567357e-06 | BT101: =+X101/(2*$U101) -> 0.00029074439 | BU101: =+Y101/(2*$U101) -> 0.00046234353 | BV101: =+Z101/(2*$U101) -> 6.9314063e-06 | BW101: =+AA101/(2*$U101) -> 2.9786313e-05 | BX101: =+AB101/(2*$U101) -> 2.6226943e-06 | BY101: =+AC101/(2*$U101) -> 0.00014724555 | ... CF101: =+AJ101/(2*$U101) -> 5.4327238e-06
A102: 5-14 | B102: 5336689.3 | C102: 50 | D102: 18 | E102: 121 | F102: 79 | G102: 18 | H102: 266 | I102: 18 | J102: 659 | K102: 105 | L102: 16 | M102: 2 | N102: 15 | O102: 82 | P102: 2 | Q102: 34 | S102: =+$B$97 -> 1996 | T102: =+A102 -> 5-14 | U102: =+B102 -> 5336689.3 | V102: =+C102 -> 50 | W102: =+D102 -> 18 | X102: =+E102 -> 121 | Y102: =+F102 -> 79 | Z102: =+G102 -> 18 | AA102: =+H102 -> 266 | ... AJ102: =+Q102 -> 34 | AK102: =+SUM(V102:AJ102) -> 1485 | AL102: =+V102/$U102 -> 9.3691046e-06 | AM102: =+W102/$U102 -> 3.3728777e-06 | AN102: =+X102/$U102 -> 2.2673233e-05 | AO102: =+Y102/$U102 -> 1.4803185e-05 | AP102: =+Z102/$U102 -> 3.3728777e-06 | AQ102: =+AA102/$U102 -> 4.9843637e-05 | AR102: =+AB102/$U102 -> 3.3728777e-06 | AS102: =+AC102/$U102 -> 0.0001234848 | ... AZ102: =+AJ102/$U102 -> 6.3709911e-06 | BA102: =+AK102/U102 -> 0.00027826241 | BB102: =+U102-(0.5*AK102) -> 5335946.8 | BC102: =+AL102/(1-(0.5*$BA102)) -> 9.3704083e-06 | BD102: =+AM102/(1-(0.5*$BA102)) -> 3.373347e-06 | BE102: =+AN102/(1-(0.5*$BA102)) -> 2.2676388e-05 | BF102: =+AO102/(1-(0.5*$BA102)) -> 1.4805245e-05 | BG102: =+AP102/(1-(0.5*$BA102)) -> 3.373347e-06 | BH102: =+AQ102/(1-(0.5*$BA102)) -> 4.9850572e-05 | BI102: =+AR102/(1-(0.5*$BA102)) -> 3.373347e-06 | BJ102: =+AS102/(1-(0.5*$BA102)) -> 0.00012350198 | ... BQ102: =+AZ102/(1-(0.5*$BA102)) -> 6.3718777e-06 | BR102: =+(V101+V102)/(2*$U102) -> 1.2367218e-05 | BS102: =+(W101+W102)/(2*$U102) -> 4.9656254e-06 | BT102: =+(X101+X102)/(2*$U102) -> 0.00015674512 | BU102: =+(Y101+Y102)/(2*$U102) -> 0.00023863109 | BV102: =+(Z101+Z102)/(2*$U102) -> 5.1530075e-06 | BW102: =+(AA101+AA102)/(2*$U102) -> 3.9818695e-05 | BX102: =+(AB101+AB102)/(2*$U102) -> 2.9981135e-06 | BY102: =+(AC101+AC102)/(2*$U102) -> 0.00013538356 | ... CF102: =+(AJ101+AJ102)/(2*$U102) -> 5.9025359e-06
A103: 15-24 | B103: 4328734.7 | C103: 101 | D103: 34 | E103: 66 | F103: 36 | G103: 71 | H103: 301 | I103: 64 | J103: 1352 | K103: 1694 | L103: 51 | M103: 0 | N103: 33 | O103: 90 | P103: 47 | Q103: 27 | S103: =+$B$97 -> 1996 | T103: =+A103 -> 15-24 | U103: =+B103 -> 4328734.7 | V103: =+C103 -> 101 | W103: =+D103 -> 34 | X103: =+E103 -> 66 | Y103: =+F103 -> 36 | Z103: =+G103 -> 71 | AA103: =+H103 -> 301 | ... AJ103: =+Q103 -> 27 | AK103: =+SUM(V103:AJ103) -> 3967 | AL103: =+V103/$U103 -> 2.3332453e-05 | AM103: =+W103/$U103 -> 7.8544892e-06 | AN103: =+X103/$U103 -> 1.524695e-05 | AO103: =+Y103/$U103 -> 8.3165179e-06 | AP103: =+Z103/$U103 -> 1.6402021e-05 | AQ103: =+AA103/$U103 -> 6.953533e-05 | AR103: =+AB103/$U103 -> 1.4784921e-05 | AS103: =+AC103/$U103 -> 0.00031233145 | ... AZ103: =+AJ103/$U103 -> 6.2373884e-06 | BA103: =+AK103/U103 -> 0.00091643407 | BB103: =+U103-(0.5*AK103) -> 4326751.2 | BC103: =+AL103/(1-(0.5*$BA103)) -> 2.3343149e-05 | BD103: =+AM103/(1-(0.5*$BA103)) -> 7.8580899e-06 | BE103: =+AN103/(1-(0.5*$BA103)) -> 1.5253939e-05 | BF103: =+AO103/(1-(0.5*$BA103)) -> 8.3203304e-06 | BG103: =+AP103/(1-(0.5*$BA103)) -> 1.6409541e-05 | BH103: =+AQ103/(1-(0.5*$BA103)) -> 6.9567207e-05 | BI103: =+AR103/(1-(0.5*$BA103)) -> 1.4791699e-05 | BJ103: =+AS103/(1-(0.5*$BA103)) -> 0.00031247463 | ... BQ103: =+AZ103/(1-(0.5*$BA103)) -> 6.2402478e-06 | BR103: =+(V102+V103)/(2*$U103) -> 1.7441586e-05 | BS103: =+(W102+W103)/(2*$U103) -> 6.0063741e-06 | BT103: =+(X102+X103)/(2*$U103) -> 2.1599845e-05 | BU103: =+(Y102+Y103)/(2*$U103) -> 1.3283327e-05 | BV103: =+(Z102+Z103)/(2*$U103) -> 1.028014e-05 | BW103: =+(AA102+AA103)/(2*$U103) -> 6.5492579e-05 | BX103: =+(AB102+AB103)/(2*$U103) -> 9.4715899e-06 | BY103: =+(AC102+AC103)/(2*$U103) -> 0.00023228497 | ... CF103: =+(AJ102+AJ103)/(2*$U103) -> 7.0459388e-06
A104: 25-44 | B104: 6500086.9 | C104: 1265 | D104: 267 | E104: 94 | F104: 65 | G104: 232 | H104: 1734 | I104: 517 | J104: 2393 | K104: 1811 | L104: 272 | M104: 1 | N104: 99 | O104: 191 | P104: 719 | Q104: 111 | S104: =+$B$97 -> 1996 | T104: =+A104 -> 25-44 | U104: =+B104 -> 6500086.9 | V104: =+C104 -> 1265 | W104: =+D104 -> 267 | X104: =+E104 -> 94 | Y104: =+F104 -> 65 | Z104: =+G104 -> 232 | AA104: =+H104 -> 1734 | ... AJ104: =+Q104 -> 111 | AK104: =+SUM(V104:AJ104) -> 9771 | AL104: =+V104/$U104 -> 0.00019461278 | AM104: =+W104/$U104 -> 4.1076374e-05 | AN104: =+X104/$U104 -> 1.4461345e-05 | AO104: =+Y104/$U104 -> 9.9998662e-06 | AP104: =+Z104/$U104 -> 3.569183e-05 | AQ104: =+AA104/$U104 -> 0.00026676566 | AR104: =+AB104/$U104 -> 7.9537398e-05 | AS104: =+AC104/$U104 -> 0.00036814892 | ... AZ104: =+AJ104/$U104 -> 1.7076695e-05 | BA104: =+AK104/U104 -> 0.0015032107 | BB104: =+U104-(0.5*AK104) -> 6495201.4 | BC104: =+AL104/(1-(0.5*$BA104)) -> 0.00019475916 | BD104: =+AM104/(1-(0.5*$BA104)) -> 4.110727e-05 | BE104: =+AN104/(1-(0.5*$BA104)) -> 1.4472222e-05 | BF104: =+AO104/(1-(0.5*$BA104)) -> 1.0007388e-05 | BG104: =+AP104/(1-(0.5*$BA104)) -> 3.5718677e-05 | BH104: =+AQ104/(1-(0.5*$BA104)) -> 0.00026696632 | BI104: =+AR104/(1-(0.5*$BA104)) -> 7.9597223e-05 | BJ104: =+AS104/(1-(0.5*$BA104)) -> 0.00036842583 | ... BQ104: =+AZ104/(1-(0.5*$BA104)) -> 1.7089539e-05 | BR104: =+(V103+V104)/(2*$U104) -> 0.00010507552 | BS104: =+(W103+W104)/(2*$U104) -> 2.3153536e-05 | BT104: =+(X103+X104)/(2*$U104) -> 1.2307528e-05 | BU104: =+(Y103+Y104)/(2*$U104) -> 7.7691269e-06 | BV104: =+(Z103+Z104)/(2*$U104) -> 2.3307381e-05 | BW104: =+(AA103+AA104)/(2*$U104) -> 0.00015653637 | BX104: =+(AB103+AB104)/(2*$U104) -> 4.469171e-05 | BY104: =+(AC103+AC104)/(2*$U104) -> 0.00028807307 | ... CF104: =+(AJ103+AJ104)/(2*$U104) -> 1.0615243e-05
A105: 45-64 | B105: 2862216.5 | C105: 5170 | D105: 791 | E105: 38 | F105: 151 | G105: 387 | H105: 4424 | I105: 1783 | J105: 1078 | K105: 502 | L105: 1450 | M105: 0 | N105: 427 | O105: 247 | P105: 130 | Q105: 206 | S105: =+$B$97 -> 1996 | T105: =+A105 -> 45-64 | U105: =+B105 -> 2862216.5 | V105: =+C105 -> 5170 | W105: =+D105 -> 791 | X105: =+E105 -> 38 | Y105: =+F105 -> 151 | Z105: =+G105 -> 387 | AA105: =+H105 -> 4424 | ... AJ105: =+Q105 -> 206 | AK105: =+SUM(V105:AJ105) -> 16784 | AL105: =+V105/$U105 -> 0.0018062924 | AM105: =+W105/$U105 -> 0.00027635925 | AN105: =+X105/$U105 -> 1.3276424e-05 | AO105: =+Y105/$U105 -> 5.2756317e-05 | AP105: =+Z105/$U105 -> 0.0001352099 | AQ105: =+AA105/$U105 -> 0.0015456553 | AR105: =+AB105/$U105 -> 0.0006229438 | AS105: =+AC105/$U105 -> 0.00037663119 | ... AZ105: =+AJ105/$U105 -> 7.1972194e-05 | BA105: =+AK105/U105 -> 0.0058639869 | BB105: =+U105-(0.5*AK105) -> 2853824.5 | BC105: =+AL105/(1-(0.5*$BA105)) -> 0.0018116041 | BD105: =+AM105/(1-(0.5*$BA105)) -> 0.00027717192 | BE105: =+AN105/(1-(0.5*$BA105)) -> 1.3315465e-05 | BF105: =+AO105/(1-(0.5*$BA105)) -> 5.2911453e-05 | BG105: =+AP105/(1-(0.5*$BA105)) -> 0.0001356075 | BH105: =+AQ105/(1-(0.5*$BA105)) -> 0.0015502004 | BI105: =+AR105/(1-(0.5*$BA105)) -> 0.00062477563 | BJ105: =+AS105/(1-(0.5*$BA105)) -> 0.00037773872 | ... BQ105: =+AZ105/(1-(0.5*$BA105)) -> 7.2183836e-05 | BR105: =+(V104+V105)/(2*$U105) -> 0.0011241288 | BS105: =+(W104+W105)/(2*$U105) -> 0.0001848218 | BT105: =+(X104+X105)/(2*$U105) -> 2.3059052e-05 | BU105: =+(Y104+Y105)/(2*$U105) -> 3.7732995e-05 | BV105: =+(Z104+Z105)/(2*$U105) -> 0.00010813298 | BW105: =+(AA104+AA105)/(2*$U105) -> 0.0010757397 | BX105: =+(AB104+AB105)/(2*$U105) -> 0.00040178652 | BY105: =+(AC104+AC105)/(2*$U105) -> 0.00060634827 | ... CF105: =+(AJ104+AJ105)/(2*$U105) -> 5.5376664e-05
A106: 65-74 | B106: 710343.29 | C106: 5212 | D106: 406 | E106: 24 | F106: 146 | G106: 319 | H106: 3335 | I106: 1780 | J106: 380 | K106: 125 | L106: 1343 | M106: 0 | N106: 576 | O106: 226 | P106: 5 | Q106: 161 | S106: =+$B$97 -> 1996 | T106: =+A106 -> 65-74 | U106: =+B106 -> 710343.29 | V106: =+C106 -> 5212 | W106: =+D106 -> 406 | X106: =+E106 -> 24 | Y106: =+F106 -> 146 | Z106: =+G106 -> 319 | AA106: =+H106 -> 3335 | ... AJ106: =+Q106 -> 161 | AK106: =+SUM(V106:AJ106) -> 14038 | AL106: =+V106/$U106 -> 0.0073372975 | AM106: =+W106/$U106 -> 0.00057155464 | AN106: =+X106/$U106 -> 3.3786481e-05 | AO106: =+Y106/$U106 -> 0.00020553443 | AP106: =+Z106/$U106 -> 0.00044907864 | AQ106: =+AA106/$U106 -> 0.0046949131 | AR106: =+AB106/$U106 -> 0.0025058307 | AS106: =+AC106/$U106 -> 0.00053495262 | ... AZ106: =+AJ106/$U106 -> 0.00022665098 | BA106: =+AK106/U106 -> 0.019762276 | BB106: =+U106-(0.5*AK106) -> 703324.29 | BC106: =+AL106/(1-(0.5*$BA106)) -> 0.0074105218 | BD106: =+AM106/(1-(0.5*$BA106)) -> 0.00057725861 | BE106: =+AN106/(1-(0.5*$BA106)) -> 3.4123662e-05 | BF106: =+AO106/(1-(0.5*$BA106)) -> 0.00020758561 | BG106: =+AP106/(1-(0.5*$BA106)) -> 0.00045356034 | BH106: =+AQ106/(1-(0.5*$BA106)) -> 0.0047417671 | BI106: =+AR106/(1-(0.5*$BA106)) -> 0.0025308382 | BJ106: =+AS106/(1-(0.5*$BA106)) -> 0.00054029131 | ... BQ106: =+AZ106/(1-(0.5*$BA106)) -> 0.0002289129 | BR106: =+(V105+V106)/(2*$U106) -> 0.0073077343 | BS106: =+(W105+W106)/(2*$U106) -> 0.00084255037 | BT106: =+(X105+X106)/(2*$U106) -> 4.3640871e-05 | BU106: =+(Y105+Y106)/(2*$U106) -> 0.00020905385 | BV106: =+(Z105+Z106)/(2*$U106) -> 0.00049694282 | BW106: =+(AA105+AA106)/(2*$U106) -> 0.0054614439 | BX106: =+(AB105+AB106)/(2*$U106) -> 0.0025079423 | BY106: =+(AC105+AC106)/(2*$U106) -> 0.0010262644 | ... CF106: =+(AJ105+AJ106)/(2*$U106) -> 0.0002583258
A107: 75+ | B107: 710343.29 | C107: 9429 | D107: 279 | E107: 22 | F107: 432 | G107: 397 | H107: 3401 | I107: 3442 | J107: 534 | K107: 68 | L107: 1306 | M107: 14 | N107: 1141 | O107: 974 | P107: 7 | Q107: 178 | S107: =+$B$97 -> 1996 | T107: =+A107 -> 75+ | U107: =+B107 -> 710343.29 | V107: =+C107 -> 9429 | W107: =+D107 -> 279 | X107: =+E107 -> 22 | Y107: =+F107 -> 432 | Z107: =+G107 -> 397 | AA107: =+H107 -> 3401 | ... AJ107: =+Q107 -> 178 | AK107: =+SUM(V107:AJ107) -> 21624 | AL107: =+V107/$U107 -> 0.013273864 | AM107: =+W107/$U107 -> 0.00039276784 | AN107: =+X107/$U107 -> 3.0970941e-05 | AO107: =+Y107/$U107 -> 0.00060815666 | AP107: =+Z107/$U107 -> 0.00055888471 | AQ107: =+AA107/$U107 -> 0.0047878259 | AR107: =+AB107/$U107 -> 0.0048455445 | AS107: =+AC107/$U107 -> 0.0007517492 | ... AZ107: =+AJ107/$U107 -> 0.00025058307 | BA107: =+AK107/U107 -> 0.030441619 | BB107: =+U107-(0.5*AK107) -> 699531.29 | BC107: =+AL107/(1-(0.5*$BA107)) -> 0.013479025 | BD107: =+AM107/(1-(0.5*$BA107)) -> 0.00039883849 | BE107: =+AN107/(1-(0.5*$BA107)) -> 3.144963e-05 | BF107: =+AO107/(1-(0.5*$BA107)) -> 0.00061755637 | BG107: =+AP107/(1-(0.5*$BA107)) -> 0.00056752286 | BH107: =+AQ107/(1-(0.5*$BA107)) -> 0.0048618269 | BI107: =+AR107/(1-(0.5*$BA107)) -> 0.0049204375 | BJ107: =+AS107/(1-(0.5*$BA107)) -> 0.00076336829 | ... BQ107: =+AZ107/(1-(0.5*$BA107)) -> 0.0002544561 | BR107: =+(V106+V107)/(2*$U107) -> 0.010305581 | BS107: =+(W106+W107)/(2*$U107) -> 0.00048216124 | BT107: =+(X106+X107)/(2*$U107) -> 3.2378711e-05 | BU107: =+(Y106+Y107)/(2*$U107) -> 0.00040684554 | BV107: =+(Z106+Z107)/(2*$U107) -> 0.00050398168 | BW107: =+(AA106+AA107)/(2*$U107) -> 0.0047413695 | BX107: =+(AB106+AB107)/(2*$U107) -> 0.0036756876 | BY107: =+(AC106+AC107)/(2*$U107) -> 0.00064335091 | ... CF107: =+(AJ106+AJ107)/(2*$U107) -> 0.00023861702
A110: Año | B110: 1996
A112: Suma de Fallecimientos | C112: Posicion
A113: Grupo Etario | B113: Población | C113: 1 | D113: 10 | E113: 11 | F113: 12 | G113: 13 | H113: 2 | I113: 3 | J113: 4 | K113: 5 | L113: 6 | M113: 7 | N113: 8 | O113: 9 | P113: 14 | Q113: 15 | S113: Año | T113: Grupo Etario | U113: lx(T) | V113: =+CONCATENATE("dx","(",C113,")") -> dx(1) | W113: =+CONCATENATE("dx","(",D113,")") -> dx(10) | X113: =+CONCATENATE("dx","(",E113,")") -> dx(11) | Y113: =+CONCATENATE("dx","(",F113,")") -> dx(12) | Z113: =+CONCATENATE("dx","(",G113,")") -> dx(13) | AA113: =+CONCATENATE("dx","(",H113,")") -> dx(2) | AB113: =+CONCATENATE("dx","(",I113,")") -> dx(3) | AC113: =+CONCATENATE("dx","(",J113,")") -> dx(4) | ... AJ113: =+CONCATENATE("dx","(",Q113,")") -> dx(15) | AK113: dx(T) | AL113: =+CONCATENATE("qx","(",C113,")") -> qx(1) | AM113: =+CONCATENATE("qx","(",D113,")") -> qx(10) | AN113: =+CONCATENATE("qx","(",E113,")") -> qx(11) | AO113: =+CONCATENATE("qx","(",F113,")") -> qx(12) | AP113: =+CONCATENATE("qx","(",G113,")") -> qx(13) | AQ113: =+CONCATENATE("qx","(",H113,")") -> qx(2) | AR113: =+CONCATENATE("qx","(",I113,")") -> qx(3) | AS113: =+CONCATENATE("qx","(",J113,")") -> qx(4) | ... AZ113: =+CONCATENATE("qx","(",Q113,")") -> qx(15) | BA113: =+CONCATENATE("qx","(T)") -> qx(T) | BB113: Lx(T) | BC113: =+CONCATENATE("mx","(",C113,")") -> mx(1) | BD113: =+CONCATENATE("mx","(",D113,")") -> mx(10) | BE113: =+CONCATENATE("mx","(",E113,")") -> mx(11) | BF113: =+CONCATENATE("mx","(",F113,")") -> mx(12) | BG113: =+CONCATENATE("mx","(",G113,")") -> mx(13) | BH113: =+CONCATENATE("mx","(",H113,")") -> mx(2) | BI113: =+CONCATENATE("mx","(",I113,")") -> mx(3) | BJ113: =+CONCATENATE("mx","(",J113,")") -> mx(4) | ... BQ113: =+CONCATENATE("mx","(",Q113,")") -> mx(15) | BR113: =+CONCATENATE("µ(X)",C113) -> µ(X)1 | BS113: =+CONCATENATE("µ(X)",D113) -> µ(X)10 | BT113: =+CONCATENATE("µ(X)",E113) -> µ(X)11 | BU113: =+CONCATENATE("µ(X)",F113) -> µ(X)12 | BV113: =+CONCATENATE("µ(X)",G113) -> µ(X)13 | BW113: =+CONCATENATE("µ(X)",H113) -> µ(X)2 | BX113: =+CONCATENATE("µ(X)",I113) -> µ(X)3 | BY113: =+CONCATENATE("µ(X)",J113) -> µ(X)4 | ... CF113: =+CONCATENATE("µ(X)",Q113) -> µ(X)15
A114: 0-4 | B114: 2669011.1 | C114: 82 | D114: 35 | E114: 1552 | F114: 2468 | G114: 37 | H114: 159 | I114: 14 | J114: 786 | K114: 32 | L114: 12 | M114: 5626 | N114: 114 | O114: 877 | P114: 21 | Q114: 29 | S114: =+$B$110 -> 1996 | T114: =+A114 -> 0-4 | U114: =+B114 -> 2669011.1 | V114: =+C114 -> 82 | W114: =+D114 -> 35 | X114: =+E114 -> 1552 | Y114: =+F114 -> 2468 | Z114: =+G114 -> 37 | AA114: =+H114 -> 159 | ... AJ114: =+Q114 -> 29 | AK114: =+SUM(V114:AJ114) -> 11844 | AL114: =+V114/$U114 -> 3.072299e-05 | AM114: =+W114/$U114 -> 1.3113471e-05 | AN114: =+X114/$U114 -> 0.00058148878 | AO114: =+Y114/$U114 -> 0.00092468706 | AP114: =+Z114/$U114 -> 1.3862813e-05 | AQ114: =+AA114/$U114 -> 5.9572627e-05 | AR114: =+AB114/$U114 -> 5.2453885e-06 | AS114: =+AC114/$U114 -> 0.0002944911 | ... AZ114: =+AJ114/$U114 -> 1.0865448e-05 | BA114: =+AK114/U114 -> 0.0044375987 | BB114: =+U114-(0.5*AK114) -> 2663089.1 | BC114: =+AL114/(1-(0.5*$BA114)) -> 3.079131e-05 | BD114: =+AM114/(1-(0.5*$BA114)) -> 1.3142632e-05 | BE114: =+AN114/(1-(0.5*$BA114)) -> 0.00058278186 | BF114: =+AO114/(1-(0.5*$BA114)) -> 0.00092674332 | BG114: =+AP114/(1-(0.5*$BA114)) -> 1.389364e-05 | BH114: =+AQ114/(1-(0.5*$BA114)) -> 5.97051e-05 | BI114: =+AR114/(1-(0.5*$BA114)) -> 5.2570529e-06 | BJ114: =+AS114/(1-(0.5*$BA114)) -> 0.00029514597 | ... BQ114: =+AZ114/(1-(0.5*$BA114)) -> 1.088961e-05 | BR114: =+V114/(2*$U114) -> 1.5361495e-05 | BS114: =+W114/(2*$U114) -> 6.5567357e-06 | BT114: =+X114/(2*$U114) -> 0.00029074439 | BU114: =+Y114/(2*$U114) -> 0.00046234353 | BV114: =+Z114/(2*$U114) -> 6.9314063e-06 | BW114: =+AA114/(2*$U114) -> 2.9786313e-05 | BX114: =+AB114/(2*$U114) -> 2.6226943e-06 | BY114: =+AC114/(2*$U114) -> 0.00014724555 | ... CF114: =+AJ114/(2*$U114) -> 5.4327238e-06
A115: 5-14 | B115: 5336689.3 | C115: 50 | D115: 18 | E115: 121 | F115: 79 | G115: 18 | H115: 266 | I115: 18 | J115: 659 | K115: 105 | L115: 16 | M115: 2 | N115: 15 | O115: 82 | P115: 2 | Q115: 34 | S115: =+$B$110 -> 1996 | T115: =+A115 -> 5-14 | U115: =+B115 -> 5336689.3 | V115: =+C115 -> 50 | W115: =+D115 -> 18 | X115: =+E115 -> 121 | Y115: =+F115 -> 79 | Z115: =+G115 -> 18 | AA115: =+H115 -> 266 | ... AJ115: =+Q115 -> 34 | AK115: =+SUM(V115:AJ115) -> 1485 | AL115: =+V115/$U115 -> 9.3691046e-06 | AM115: =+W115/$U115 -> 3.3728777e-06 | AN115: =+X115/$U115 -> 2.2673233e-05 | AO115: =+Y115/$U115 -> 1.4803185e-05 | AP115: =+Z115/$U115 -> 3.3728777e-06 | AQ115: =+AA115/$U115 -> 4.9843637e-05 | AR115: =+AB115/$U115 -> 3.3728777e-06 | AS115: =+AC115/$U115 -> 0.0001234848 | ... AZ115: =+AJ115/$U115 -> 6.3709911e-06 | BA115: =+AK115/U115 -> 0.00027826241 | BB115: =+U115-(0.5*AK115) -> 5335946.8 | BC115: =+AL115/(1-(0.5*$BA115)) -> 9.3704083e-06 | BD115: =+AM115/(1-(0.5*$BA115)) -> 3.373347e-06 | BE115: =+AN115/(1-(0.5*$BA115)) -> 2.2676388e-05 | BF115: =+AO115/(1-(0.5*$BA115)) -> 1.4805245e-05 | BG115: =+AP115/(1-(0.5*$BA115)) -> 3.373347e-06 | BH115: =+AQ115/(1-(0.5*$BA115)) -> 4.9850572e-05 | BI115: =+AR115/(1-(0.5*$BA115)) -> 3.373347e-06 | BJ115: =+AS115/(1-(0.5*$BA115)) -> 0.00012350198 | ... BQ115: =+AZ115/(1-(0.5*$BA115)) -> 6.3718777e-06 | BR115: =+(V114+V115)/(2*$U115) -> 1.2367218e-05 | BS115: =+(W114+W115)/(2*$U115) -> 4.9656254e-06 | BT115: =+(X114+X115)/(2*$U115) -> 0.00015674512 | BU115: =+(Y114+Y115)/(2*$U115) -> 0.00023863109 | BV115: =+(Z114+Z115)/(2*$U115) -> 5.1530075e-06 | BW115: =+(AA114+AA115)/(2*$U115) -> 3.9818695e-05 | BX115: =+(AB114+AB115)/(2*$U115) -> 2.9981135e-06 | BY115: =+(AC114+AC115)/(2*$U115) -> 0.00013538356 | ... CF115: =+(AJ114+AJ115)/(2*$U115) -> 5.9025359e-06
A116: 15-24 | B116: 4328734.7 | C116: 101 | D116: 34 | E116: 66 | F116: 36 | G116: 71 | H116: 301 | I116: 64 | J116: 1352 | K116: 1694 | L116: 51 | M116: 0 | N116: 33 | O116: 90 | P116: 47 | Q116: 27 | S116: =+$B$110 -> 1996 | T116: =+A116 -> 15-24 | U116: =+B116 -> 4328734.7 | V116: =+C116 -> 101 | W116: =+D116 -> 34 | X116: =+E116 -> 66 | Y116: =+F116 -> 36 | Z116: =+G116 -> 71 | AA116: =+H116 -> 301 | ... AJ116: =+Q116 -> 27 | AK116: =+SUM(V116:AJ116) -> 3967 | AL116: =+V116/$U116 -> 2.3332453e-05 | AM116: =+W116/$U116 -> 7.8544892e-06 | AN116: =+X116/$U116 -> 1.524695e-05 | AO116: =+Y116/$U116 -> 8.3165179e-06 | AP116: =+Z116/$U116 -> 1.6402021e-05 | AQ116: =+AA116/$U116 -> 6.953533e-05 | AR116: =+AB116/$U116 -> 1.4784921e-05 | AS116: =+AC116/$U116 -> 0.00031233145 | ... AZ116: =+AJ116/$U116 -> 6.2373884e-06 | BA116: =+AK116/U116 -> 0.00091643407 | BB116: =+U116-(0.5*AK116) -> 4326751.2 | BC116: =+AL116/(1-(0.5*$BA116)) -> 2.3343149e-05 | BD116: =+AM116/(1-(0.5*$BA116)) -> 7.8580899e-06 | BE116: =+AN116/(1-(0.5*$BA116)) -> 1.5253939e-05 | BF116: =+AO116/(1-(0.5*$BA116)) -> 8.3203304e-06 | BG116: =+AP116/(1-(0.5*$BA116)) -> 1.6409541e-05 | BH116: =+AQ116/(1-(0.5*$BA116)) -> 6.9567207e-05 | BI116: =+AR116/(1-(0.5*$BA116)) -> 1.4791699e-05 | BJ116: =+AS116/(1-(0.5*$BA116)) -> 0.00031247463 | ... BQ116: =+AZ116/(1-(0.5*$BA116)) -> 6.2402478e-06 | BR116: =+(V115+V116)/(2*$U116) -> 1.7441586e-05 | BS116: =+(W115+W116)/(2*$U116) -> 6.0063741e-06 | BT116: =+(X115+X116)/(2*$U116) -> 2.1599845e-05 | BU116: =+(Y115+Y116)/(2*$U116) -> 1.3283327e-05 | BV116: =+(Z115+Z116)/(2*$U116) -> 1.028014e-05 | BW116: =+(AA115+AA116)/(2*$U116) -> 6.5492579e-05 | BX116: =+(AB115+AB116)/(2*$U116) -> 9.4715899e-06 | BY116: =+(AC115+AC116)/(2*$U116) -> 0.00023228497 | ... CF116: =+(AJ115+AJ116)/(2*$U116) -> 7.0459388e-06
A117: 25-44 | B117: 6500086.9 | C117: 1265 | D117: 267 | E117: 94 | F117: 65 | G117: 232 | H117: 1734 | I117: 517 | J117: 2393 | K117: 1811 | L117: 272 | M117: 1 | N117: 99 | O117: 191 | P117: 719 | Q117: 111 | S117: =+$B$110 -> 1996 | T117: =+A117 -> 25-44 | U117: =+B117 -> 6500086.9 | V117: =+C117 -> 1265 | W117: =+D117 -> 267 | X117: =+E117 -> 94 | Y117: =+F117 -> 65 | Z117: =+G117 -> 232 | AA117: =+H117 -> 1734 | ... AJ117: =+Q117 -> 111 | AK117: =+SUM(V117:AJ117) -> 9771 | AL117: =+V117/$U117 -> 0.00019461278 | AM117: =+W117/$U117 -> 4.1076374e-05 | AN117: =+X117/$U117 -> 1.4461345e-05 | AO117: =+Y117/$U117 -> 9.9998662e-06 | AP117: =+Z117/$U117 -> 3.569183e-05 | AQ117: =+AA117/$U117 -> 0.00026676566 | AR117: =+AB117/$U117 -> 7.9537398e-05 | AS117: =+AC117/$U117 -> 0.00036814892 | ... AZ117: =+AJ117/$U117 -> 1.7076695e-05 | BA117: =+AK117/U117 -> 0.0015032107 | BB117: =+U117-(0.5*AK117) -> 6495201.4 | BC117: =+AL117/(1-(0.5*$BA117)) -> 0.00019475916 | BD117: =+AM117/(1-(0.5*$BA117)) -> 4.110727e-05 | BE117: =+AN117/(1-(0.5*$BA117)) -> 1.4472222e-05 | BF117: =+AO117/(1-(0.5*$BA117)) -> 1.0007388e-05 | BG117: =+AP117/(1-(0.5*$BA117)) -> 3.5718677e-05 | BH117: =+AQ117/(1-(0.5*$BA117)) -> 0.00026696632 | BI117: =+AR117/(1-(0.5*$BA117)) -> 7.9597223e-05 | BJ117: =+AS117/(1-(0.5*$BA117)) -> 0.00036842583 | ... BQ117: =+AZ117/(1-(0.5*$BA117)) -> 1.7089539e-05 | BR117: =+(V116+V117)/(2*$U117) -> 0.00010507552 | BS117: =+(W116+W117)/(2*$U117) -> 2.3153536e-05 | BT117: =+(X116+X117)/(2*$U117) -> 1.2307528e-05 | BU117: =+(Y116+Y117)/(2*$U117) -> 7.7691269e-06 | BV117: =+(Z116+Z117)/(2*$U117) -> 2.3307381e-05 | BW117: =+(AA116+AA117)/(2*$U117) -> 0.00015653637 | BX117: =+(AB116+AB117)/(2*$U117) -> 4.469171e-05 | BY117: =+(AC116+AC117)/(2*$U117) -> 0.00028807307 | ... CF117: =+(AJ116+AJ117)/(2*$U117) -> 1.0615243e-05
A118: 45-64 | B118: 2862216.5 | C118: 5170 | D118: 791 | E118: 38 | F118: 151 | G118: 387 | H118: 4424 | I118: 1783 | J118: 1078 | K118: 502 | L118: 1450 | M118: 0 | N118: 427 | O118: 247 | P118: 130 | Q118: 206 | S118: =+$B$110 -> 1996 | T118: =+A118 -> 45-64 | U118: =+B118 -> 2862216.5 | V118: =+C118 -> 5170 | W118: =+D118 -> 791 | X118: =+E118 -> 38 | Y118: =+F118 -> 151 | Z118: =+G118 -> 387 | AA118: =+H118 -> 4424 | ... AJ118: =+Q118 -> 206 | AK118: =+SUM(V118:AJ118) -> 16784 | AL118: =+V118/$U118 -> 0.0018062924 | AM118: =+W118/$U118 -> 0.00027635925 | AN118: =+X118/$U118 -> 1.3276424e-05 | AO118: =+Y118/$U118 -> 5.2756317e-05 | AP118: =+Z118/$U118 -> 0.0001352099 | AQ118: =+AA118/$U118 -> 0.0015456553 | AR118: =+AB118/$U118 -> 0.0006229438 | AS118: =+AC118/$U118 -> 0.00037663119 | ... AZ118: =+AJ118/$U118 -> 7.1972194e-05 | BA118: =+AK118/U118 -> 0.0058639869 | BB118: =+U118-(0.5*AK118) -> 2853824.5 | BC118: =+AL118/(1-(0.5*$BA118)) -> 0.0018116041 | BD118: =+AM118/(1-(0.5*$BA118)) -> 0.00027717192 | BE118: =+AN118/(1-(0.5*$BA118)) -> 1.3315465e-05 | BF118: =+AO118/(1-(0.5*$BA118)) -> 5.2911453e-05 | BG118: =+AP118/(1-(0.5*$BA118)) -> 0.0001356075 | BH118: =+AQ118/(1-(0.5*$BA118)) -> 0.0015502004 | BI118: =+AR118/(1-(0.5*$BA118)) -> 0.00062477563 | BJ118: =+AS118/(1-(0.5*$BA118)) -> 0.00037773872 | ... BQ118: =+AZ118/(1-(0.5*$BA118)) -> 7.2183836e-05 | BR118: =+(V117+V118)/(2*$U118) -> 0.0011241288 | BS118: =+(W117+W118)/(2*$U118) -> 0.0001848218 | BT118: =+(X117+X118)/(2*$U118) -> 2.3059052e-05 | BU118: =+(Y117+Y118)/(2*$U118) -> 3.7732995e-05 | BV118: =+(Z117+Z118)/(2*$U118) -> 0.00010813298 | BW118: =+(AA117+AA118)/(2*$U118) -> 0.0010757397 | BX118: =+(AB117+AB118)/(2*$U118) -> 0.00040178652 | BY118: =+(AC117+AC118)/(2*$U118) -> 0.00060634827 | ... CF118: =+(AJ117+AJ118)/(2*$U118) -> 5.5376664e-05
A119: 65-74 | B119: 710343.29 | C119: 5212 | D119: 406 | E119: 24 | F119: 146 | G119: 319 | H119: 3335 | I119: 1780 | J119: 380 | K119: 125 | L119: 1343 | M119: 0 | N119: 576 | O119: 226 | P119: 5 | Q119: 161 | S119: =+$B$110 -> 1996 | T119: =+A119 -> 65-74 | U119: =+B119 -> 710343.29 | V119: =+C119 -> 5212 | W119: =+D119 -> 406 | X119: =+E119 -> 24 | Y119: =+F119 -> 146 | Z119: =+G119 -> 319 | AA119: =+H119 -> 3335 | ... AJ119: =+Q119 -> 161 | AK119: =+SUM(V119:AJ119) -> 14038 | AL119: =+V119/$U119 -> 0.0073372975 | AM119: =+W119/$U119 -> 0.00057155464 | AN119: =+X119/$U119 -> 3.3786481e-05 | AO119: =+Y119/$U119 -> 0.00020553443 | AP119: =+Z119/$U119 -> 0.00044907864 | AQ119: =+AA119/$U119 -> 0.0046949131 | AR119: =+AB119/$U119 -> 0.0025058307 | AS119: =+AC119/$U119 -> 0.00053495262 | ... AZ119: =+AJ119/$U119 -> 0.00022665098 | BA119: =+AK119/U119 -> 0.019762276 | BB119: =+U119-(0.5*AK119) -> 703324.29 | BC119: =+AL119/(1-(0.5*$BA119)) -> 0.0074105218 | BD119: =+AM119/(1-(0.5*$BA119)) -> 0.00057725861 | BE119: =+AN119/(1-(0.5*$BA119)) -> 3.4123662e-05 | BF119: =+AO119/(1-(0.5*$BA119)) -> 0.00020758561 | BG119: =+AP119/(1-(0.5*$BA119)) -> 0.00045356034 | BH119: =+AQ119/(1-(0.5*$BA119)) -> 0.0047417671 | BI119: =+AR119/(1-(0.5*$BA119)) -> 0.0025308382 | BJ119: =+AS119/(1-(0.5*$BA119)) -> 0.00054029131 | ... BQ119: =+AZ119/(1-(0.5*$BA119)) -> 0.0002289129 | BR119: =+(V118+V119)/(2*$U119) -> 0.0073077343 | BS119: =+(W118+W119)/(2*$U119) -> 0.00084255037 | BT119: =+(X118+X119)/(2*$U119) -> 4.3640871e-05 | BU119: =+(Y118+Y119)/(2*$U119) -> 0.00020905385 | BV119: =+(Z118+Z119)/(2*$U119) -> 0.00049694282 | BW119: =+(AA118+AA119)/(2*$U119) -> 0.0054614439 | BX119: =+(AB118+AB119)/(2*$U119) -> 0.0025079423 | BY119: =+(AC118+AC119)/(2*$U119) -> 0.0010262644 | ... CF119: =+(AJ118+AJ119)/(2*$U119) -> 0.0002583258
A120: 75+ | B120: 710343.29 | C120: 9429 | D120: 279 | E120: 22 | F120: 432 | G120: 397 | H120: 3401 | I120: 3442 | J120: 534 | K120: 68 | L120: 1306 | M120: 14 | N120: 1141 | O120: 974 | P120: 7 | Q120: 178 | S120: =+$B$110 -> 1996 | T120: =+A120 -> 75+ | U120: =+B120 -> 710343.29 | V120: =+C120 -> 9429 | W120: =+D120 -> 279 | X120: =+E120 -> 22 | Y120: =+F120 -> 432 | Z120: =+G120 -> 397 | AA120: =+H120 -> 3401 | ... AJ120: =+Q120 -> 178 | AK120: =+SUM(V120:AJ120) -> 21624 | AL120: =+V120/$U120 -> 0.013273864 | AM120: =+W120/$U120 -> 0.00039276784 | AN120: =+X120/$U120 -> 3.0970941e-05 | AO120: =+Y120/$U120 -> 0.00060815666 | AP120: =+Z120/$U120 -> 0.00055888471 | AQ120: =+AA120/$U120 -> 0.0047878259 | AR120: =+AB120/$U120 -> 0.0048455445 | AS120: =+AC120/$U120 -> 0.0007517492 | ... AZ120: =+AJ120/$U120 -> 0.00025058307 | BA120: =+AK120/U120 -> 0.030441619 | BB120: =+U120-(0.5*AK120) -> 699531.29 | BC120: =+AL120/(1-(0.5*$BA120)) -> 0.013479025 | BD120: =+AM120/(1-(0.5*$BA120)) -> 0.00039883849 | BE120: =+AN120/(1-(0.5*$BA120)) -> 3.144963e-05 | BF120: =+AO120/(1-(0.5*$BA120)) -> 0.00061755637 | BG120: =+AP120/(1-(0.5*$BA120)) -> 0.00056752286 | BH120: =+AQ120/(1-(0.5*$BA120)) -> 0.0048618269 | BI120: =+AR120/(1-(0.5*$BA120)) -> 0.0049204375 | BJ120: =+AS120/(1-(0.5*$BA120)) -> 0.00076336829 | ... BQ120: =+AZ120/(1-(0.5*$BA120)) -> 0.0002544561 | BR120: =+(V119+V120)/(2*$U120) -> 0.010305581 | BS120: =+(W119+W120)/(2*$U120) -> 0.00048216124 | BT120: =+(X119+X120)/(2*$U120) -> 3.2378711e-05 | BU120: =+(Y119+Y120)/(2*$U120) -> 0.00040684554 | BV120: =+(Z119+Z120)/(2*$U120) -> 0.00050398168 | BW120: =+(AA119+AA120)/(2*$U120) -> 0.0047413695 | BX120: =+(AB119+AB120)/(2*$U120) -> 0.0036756876 | BY120: =+(AC119+AC120)/(2*$U120) -> 0.00064335091 | ... CF120: =+(AJ119+AJ120)/(2*$U120) -> 0.00023861702
A123: Año | B123: 1996
A125: Suma de Fallecimientos | C125: Posicion
A126: Grupo Etario | B126: Población | C126: 1 | D126: 10 | E126: 11 | F126: 12 | G126: 13 | H126: 2 | I126: 3 | J126: 4 | K126: 5 | L126: 6 | M126: 7 | N126: 8 | O126: 9 | P126: 14 | Q126: 15 | S126: Año | T126: Grupo Etario | U126: lx(T) | V126: =+CONCATENATE("dx","(",C126,")") -> dx(1) | W126: =+CONCATENATE("dx","(",D126,")") -> dx(10) | X126: =+CONCATENATE("dx","(",E126,")") -> dx(11) | Y126: =+CONCATENATE("dx","(",F126,")") -> dx(12) | Z126: =+CONCATENATE("dx","(",G126,")") -> dx(13) | AA126: =+CONCATENATE("dx","(",H126,")") -> dx(2) | AB126: =+CONCATENATE("dx","(",I126,")") -> dx(3) | AC126: =+CONCATENATE("dx","(",J126,")") -> dx(4) | ... AJ126: =+CONCATENATE("dx","(",Q126,")") -> dx(15) | AK126: dx(T) | AL126: =+CONCATENATE("qx","(",C126,")") -> qx(1) | AM126: =+CONCATENATE("qx","(",D126,")") -> qx(10) | AN126: =+CONCATENATE("qx","(",E126,")") -> qx(11) | AO126: =+CONCATENATE("qx","(",F126,")") -> qx(12) | AP126: =+CONCATENATE("qx","(",G126,")") -> qx(13) | AQ126: =+CONCATENATE("qx","(",H126,")") -> qx(2) | AR126: =+CONCATENATE("qx","(",I126,")") -> qx(3) | AS126: =+CONCATENATE("qx","(",J126,")") -> qx(4) | ... AZ126: =+CONCATENATE("qx","(",Q126,")") -> qx(15) | BA126: =+CONCATENATE("qx","(T)") -> qx(T) | BB126: Lx(T) | BC126: =+CONCATENATE("mx","(",C126,")") -> mx(1) | BD126: =+CONCATENATE("mx","(",D126,")") -> mx(10) | BE126: =+CONCATENATE("mx","(",E126,")") -> mx(11) | BF126: =+CONCATENATE("mx","(",F126,")") -> mx(12) | BG126: =+CONCATENATE("mx","(",G126,")") -> mx(13) | BH126: =+CONCATENATE("mx","(",H126,")") -> mx(2) | BI126: =+CONCATENATE("mx","(",I126,")") -> mx(3) | BJ126: =+CONCATENATE("mx","(",J126,")") -> mx(4) | ... BQ126: =+CONCATENATE("mx","(",Q126,")") -> mx(15) | BR126: =+CONCATENATE("µ(X)",C126) -> µ(X)1 | BS126: =+CONCATENATE("µ(X)",D126) -> µ(X)10 | BT126: =+CONCATENATE("µ(X)",E126) -> µ(X)11 | BU126: =+CONCATENATE("µ(X)",F126) -> µ(X)12 | BV126: =+CONCATENATE("µ(X)",G126) -> µ(X)13 | BW126: =+CONCATENATE("µ(X)",H126) -> µ(X)2 | BX126: =+CONCATENATE("µ(X)",I126) -> µ(X)3 | BY126: =+CONCATENATE("µ(X)",J126) -> µ(X)4 | ... CF126: =+CONCATENATE("µ(X)",Q126) -> µ(X)15
A127: 0-4 | B127: 2669011.1 | C127: 82 | D127: 35 | E127: 1552 | F127: 2468 | G127: 37 | H127: 159 | I127: 14 | J127: 786 | K127: 32 | L127: 12 | M127: 5626 | N127: 114 | O127: 877 | P127: 21 | Q127: 29 | S127: =+$B$123 -> 1996 | T127: =+A127 -> 0-4 | U127: =+B127 -> 2669011.1 | V127: =+C127 -> 82 | W127: =+D127 -> 35 | X127: =+E127 -> 1552 | Y127: =+F127 -> 2468 | Z127: =+G127 -> 37 | AA127: =+H127 -> 159 | ... AJ127: =+Q127 -> 29 | AK127: =+SUM(V127:AJ127) -> 11844 | AL127: =+V127/$U127 -> 3.072299e-05 | AM127: =+W127/$U127 -> 1.3113471e-05 | AN127: =+X127/$U127 -> 0.00058148878 | AO127: =+Y127/$U127 -> 0.00092468706 | AP127: =+Z127/$U127 -> 1.3862813e-05 | AQ127: =+AA127/$U127 -> 5.9572627e-05 | AR127: =+AB127/$U127 -> 5.2453885e-06 | AS127: =+AC127/$U127 -> 0.0002944911 | ... AZ127: =+AJ127/$U127 -> 1.0865448e-05 | BA127: =+AK127/U127 -> 0.0044375987 | BB127: =+U127-(0.5*AK127) -> 2663089.1 | BC127: =+AL127/(1-(0.5*$BA127)) -> 3.079131e-05 | BD127: =+AM127/(1-(0.5*$BA127)) -> 1.3142632e-05 | BE127: =+AN127/(1-(0.5*$BA127)) -> 0.00058278186 | BF127: =+AO127/(1-(0.5*$BA127)) -> 0.00092674332 | BG127: =+AP127/(1-(0.5*$BA127)) -> 1.389364e-05 | BH127: =+AQ127/(1-(0.5*$BA127)) -> 5.97051e-05 | BI127: =+AR127/(1-(0.5*$BA127)) -> 5.2570529e-06 | BJ127: =+AS127/(1-(0.5*$BA127)) -> 0.00029514597 | ... BQ127: =+AZ127/(1-(0.5*$BA127)) -> 1.088961e-05 | BR127: =+V127/(2*$U127) -> 1.5361495e-05 | BS127: =+W127/(2*$U127) -> 6.5567357e-06 | BT127: =+X127/(2*$U127) -> 0.00029074439 | BU127: =+Y127/(2*$U127) -> 0.00046234353 | BV127: =+Z127/(2*$U127) -> 6.9314063e-06 | BW127: =+AA127/(2*$U127) -> 2.9786313e-05 | BX127: =+AB127/(2*$U127) -> 2.6226943e-06 | BY127: =+AC127/(2*$U127) -> 0.00014724555 | ... CF127: =+AJ127/(2*$U127) -> 5.4327238e-06
...

Sheet BD_Mujeres
A1: key | B1: Año | C1: Grupo Etario | D1: Sexo | E1: Posicion | F1: Enfermedad | G1: Fallecimientos | H1: Población
A2: =+CONCATENATE(B2,C2) -> 19960-4 | B2: 1996 | C2: 0-4 | D2: F | E2: 1 | F2: Enfermedades del Corazón (I05-I09, I11, I13, I21-I51) | G2: 38 | H2: 1308550.8
A3: =+CONCATENATE(B3,C3) -> 199615-24 | B3: 1996 | C3: 15-24 | D3: F | E3: 1 | F3: Enfermedades del Corazón (I05-I09, I11, I13, I21-I51) | G3: 40 | H3: 2136825.7
A4: =+CONCATENATE(B4,C4) -> 199625-44 | B4: 1996 | C4: 25-44 | D4: F | E4: 1 | F4: Enfermedades del Corazón (I05-I09, I11, I13, I21-I51) | G4: 467 | H4: 3245545.3
A5: =+CONCATENATE(B5,C5) -> 199645-64 | B5: 1996 | C5: 45-64 | D5: F | E5: 1 | F5: Enfermedades del Corazón (I05-I09, I11, I13, I21-I51) | G5: 1724 | H5: 1448878
A6: =+CONCATENATE(B6,C6) -> 19965-14 | B6: 1996 | C6: 5-14 | D6: F | E6: 1 | F6: Enfermedades del Corazón (I05-I09, I11, I13, I21-I51) | G6: 24 | H6: 2617766.7
A7: =+CONCATENATE(B7,C7) -> 199665-74 | B7: 1996 | C7: 65-74 | D7: F | E7: 1 | F7: Enfermedades del Corazón (I05-I09, I11, I13, I21-I51) | G7: 2053 | H7: 373487.34
A8: =+CONCATENATE(B8,C8) -> 199675+ | B8: 1996 | C8: 75+ | D8: F | E8: 1 | F8: Enfermedades del Corazón (I05-I09, I11, I13, I21-I51) | G8: 5003 | H8: 186458.59
A9: =+CONCATENATE(B9,C9) -> 19970-4 | B9: 1997 | C9: 0-4 | D9: F | E9: 1 | F9: Enfermedades del Corazón (I05-I09, I11, I13, I21-I51) | G9: 28 | H9: 1317732.9
A10: =+CONCATENATE(B10,C10) -> 199715-24 | B10: 1997 | C10: 15-24 | D10: F | E10: 1 | F10: Enfermedades del Corazón (I05-I09, I11, I13, I21-I51) | G10: 78 | H10: 2190257.4
A11: =+CONCATENATE(B11,C11) -> 199725-44 | B11: 1997 | C11: 25-44 | D11: F | E11: 1 | F11: Enfermedades del Corazón (I05-I09, I11, I13, I21-I51) | G11: 441 | H11: 3319789
A12: =+CONCATENATE(B12,C12) -> 199745-64 | B12: 1997 | C12: 45-64 | D12: F | E12: 1 | F12: Enfermedades del Corazón (I05-I09, I11, I13, I21-I51) | G12: 1786 | H12: 1494497.8
A13: =+CONCATENATE(B13,C13) -> 19975-14 | B13: 1997 | C13: 5-14 | D13: F | E13: 1 | F13: Enfermedades del Corazón (I05-I09, I11, I13, I21-I51) | G13: 24 | H13: 2625110
... A134: =+CONCATENATE(B134,C134) -> 201475+ | B134: 2014 | C134: 75+ | D134: F | E134: 1 | F134: Enfermedades del Corazón (I05-I09, I11, I13, I21-I51) | G134: 9094 | H134: 425486
A135: =+CONCATENATE(B135,C135) -> 19960-4 | B135: 1996 | C135: 0-4 | D135: F | E135: 2 | F135: Cancer (C00-C97) | G135: 62 | H135: 1308550.8
A136: =+CONCATENATE(B136,C136) -> 199615-24 | B136: 1996 | C136: 15-24 | D136: F | E136: 2 | F136: Cancer (C00-C97) | G136: 130 | H136: 2136825.7
A137: =+CONCATENATE(B137,C137) -> 199625-44 | B137: 1996 | C137: 25-44 | D137: F | E137: 2 | F137: Cancer (C00-C97) | G137: 1119 | H137: 3245545.3
A138: =+CONCATENATE(B138,C138) -> 199645-64 | B138: 1996 | C138: 45-64 | D138: F | E138: 2 | F138: Cancer (C00-C97) | G138: 2420 | H138: 1448878
A139: =+CONCATENATE(B139,C139) -> 19965-14 | B139: 1996 | C139: 5-14 | D139: F | E139: 2 | F139: Cancer (C00-C97) | G139: 114 | H139: 2617766.7
A140: =+CONCATENATE(B140,C140) -> 199665-74 | B140: 1996 | C140: 65-74 | D140: F | E140: 2 | F140: Cancer (C00-C97) | G140: 1478 | H140: 373487.34
A141: =+CONCATENATE(B141,C141) -> 199675+ | B141: 1996 | C141: 75+ | D141: F | E141: 2 | F141: Cancer (C00-C97) | G141: 1582 | H141: 186458.59
A142: =+CONCATENATE(B142,C142) -> 19970-4 | B142: 1997 | C142: 0-4 | D142: F | E142: 2 | F142: Cancer (C00-C97) | G142: 60 | H142: 1317732.9
A143: =+CONCATENATE(B143,C143) -> 199715-24 | B143: 1997 | C143: 15-24 | D143: F | E143: 2 | F143: Cancer (C00-C97) | G143: 120 | H143: 2190257.4
A144: =+CONCATENATE(B144,C144) -> 199725-44 | B144: 1997 | C144: 25-44 | D144: F | E144: 2 | F144: Cancer (C00-C97) | G144: 1160 | H144: 3319789
A145: =+CONCATENATE(B145,C145) -> 199745-64 | B145: 1997 | C145: 45-64 | D145: F | E145: 2 | F145: Cancer (C00-C97) | G145: 2488 | H145: 1494497.8
A146: =+CONCATENATE(B146,C146) -> 19975-14 | B146: 1997 | C146: 5-14 | D146: F | E146: 2 | F146: Cancer (C00-C97) | G146: 102 | H146: 2625110
... A1198: =+CONCATENATE(B1198,C1198) -> 201475+ | B1198: 2014 | C1198: 75+ | D1198: F | E1198: 9 | F1198: Malformaciones congénitas, deformidades y anomalías cromosómicas (Q00-Q99) | G1198: 6 | H1198: 425486
A1199: =+CONCATENATE(B1199,C1199) -> 19960-4 | B1199: 1996 | C1199: 0-4 | D1199: F | E1199: 10 | F1199: Enfermedades infecciosas intestinales(A00-A09) | G1199: 1081 | H1199: 1308550.8
A1200: =+CONCATENATE(B1200,C1200) -> 199615-24 | B1200: 1996 | C1200: 15-24 | D1200: F | E1200: 10 | F1200: Enfermedades infecciosas intestinales(A00-A09) | G1200: 13 | H1200: 2136825.7
A1201: =+CONCATENATE(B1201,C1201) -> 199625-44 | B1201: 1996 | C1201: 25-44 | D1201: F | E1201: 10 | F1201: Enfermedades infecciosas intestinales(A00-A09) | G1201: 29 | H1201: 3245545.3
A1202: =+CONCATENATE(B1202,C1202) -> 199645-64 | B1202: 1996 | C1202: 45-64 | D1202: F | E1202: 10 | F1202: Enfermedades infecciosas intestinales(A00-A09) | G1202: 75 | H1202: 1448878
A1203: =+CONCATENATE(B1203,C1203) -> 19965-14 | B1203: 1996 | C1203: 5-14 | D1203: F | E1203: 10 | F1203: Enfermedades infecciosas intestinales(A00-A09) | G1203: 38 | H1203: 2617766.7
A1204: =+CONCATENATE(B1204,C1204) -> 199665-74 | B1204: 1996 | C1204: 65-74 | D1204: F | E1204: 10 | F1204: Enfermedades infecciosas intestinales(A00-A09) | G1204: 63 | H1204: 373487.34
A1205: =+CONCATENATE(B1205,C1205) -> 199675+ | B1205: 1996 | C1205: 75+ | D1205: F | E1205: 10 | F1205: Enfermedades infecciosas intestinales(A00-A09) | G1205: 226 | H1205: 186458.59
A1206: =+CONCATENATE(B1206,C1206) -> 19970-4 | B1206: 1997 | C1206: 0-4 | D1206: F | E1206: 10 | F1206: Enfermedades infecciosas intestinales(A00-A09) | G1206: 785 | H1206: 1317732.9
A1207: =+CONCATENATE(B1207,C1207) -> 199715-24 | B1207: 1997 | C1207: 15-24 | D1207: F | E1207: 10 | F1207: Enfermedades infecciosas intestinales(A00-A09) | G1207: 15 | H1207: 2190257.4
A1208: =+CONCATENATE(B1208,C1208) -> 199725-44 | B1208: 1997 | C1208: 25-44 | D1208: F | E1208: 10 | F1208: Enfermedades infecciosas intestinales(A00-A09) | G1208: 36 | H1208: 3319789
A1209: =+CONCATENATE(B1209,C1209) -> 199745-64 | B1209: 1997 | C1209: 45-64 | D1209: F | E1209: 10 | F1209: Enfermedades infecciosas intestinales(A00-A09) | G1209: 55 | H1209: 1494497.8
A1210: =+CONCATENATE(B1210,C1210) -> 19975-14 | B1210: 1997 | C1210: 5-14 | D1210: F | E1210: 10 | F1210: Enfermedades infecciosas intestinales(A00-A09) | G1210: 18 | H1210: 2625110
... A1730: =+CONCATENATE(B1730,C1730) -> 201475+ | B1730: 2014 | C1730: 75+ | D1730: F | E1730: 13 | F1730: Otras enfermedades Hipertensivas (I10-I12) | G1730: 815 | H1730: 425486
A1731: =+CONCATENATE(B1731,C1731) -> 19960-4 | B1731: 1996 | C1731: 0-4 | D1731: F | E1731: 14 | F1731: Suicidios y Homicidios. (X60-Y09) | G1731: 11 | H1731: 1308550.8
A1732: =+CONCATENATE(B1732,C1732) -> 199615-24 | B1732: 1996 | C1732: 15-24 | D1732: F | E1732: 14 | F1732: Suicidios y Homicidios. (X60-Y09) | G1732: 137 | H1732: 2136825.7
A1733: =+CONCATENATE(B1733,C1733) -> 199625-44 | B1733: 1996 | C1733: 25-44 | D1733: F | E1733: 14 | F1733: Suicidios y Homicidios. (X60-Y09) | G1733: 151 | H1733: 3245545.3
A1734: =+CONCATENATE(B1734,C1734) -> 199645-64 | B1734: 1996 | C1734: 45-64 | D1734: F | E1734: 14 | F1734: Suicidios y Homicidios. (X60-Y09) | G1734: 45 | H1734: 1448878
A1735: =+CONCATENATE(B1735,C1735) -> 19965-14 | B1735: 1996 | C1735: 5-14 | D1735: F | E1735: 14 | F1735: Suicidios y Homicidios. (X60-Y09) | G1735: 27 | H1735: 2617766.7
A1736: =+CONCATENATE(B1736,C1736) -> 199665-74 | B1736: 1996 | C1736: 65-74 | D1736: F | E1736: 14 | F1736: Suicidios y Homicidios. (X60-Y09) | G1736: 16 | H1736: 373487.34
A1737: =+CONCATENATE(B1737,C1737) -> 199675+ | B1737: 1996 | C1737: 75+ | D1737: F | E1737: 14 | F1737: Suicidios y Homicidios. (X60-Y09) | G1737: 12 | H1737: 186458.59
A1738: =+CONCATENATE(B1738,C1738) -> 19970-4 | B1738: 1997 | C1738: 0-4 | D1738: F | E1738: 14 | F1738: Suicidios y Homicidios. (X60-Y09) | G1738: 19 | H1738: 1317732.9
A1739: =+CONCATENATE(B1739,C1739) -> 199715-24 | B1739: 1997 | C1739: 15-24 | D1739: F | E1739: 14 | F1739: Suicidios y Homicidios. (X60-Y09) | G1739: 140 | H1739: 2190257.4
A1740: =+CONCATENATE(B1740,C1740) -> 199725-44 | B1740: 1997 | C1740: 25-44 | D1740: F | E1740: 14 | F1740: Suicidios y Homicidios. (X60-Y09) | G1740: 148 | H1740: 3319789
A1741: =+CONCATENATE(B1741,C1741) -> 199745-64 | B1741: 1997 | C1741: 45-64 | D1741: F | E1741: 14 | F1741: Suicidios y Homicidios. (X60-Y09) | G1741: 59 | H1741: 1494497.8
A1742: =+CONCATENATE(B1742,C1742) -> 19975-14 | B1742: 1997 | C1742: 5-14 | D1742: F | E1742: 14 | F1742: Suicidios y Homicidios. (X60-Y09) | G1742: 34 | H1742: 2625110
... A1996: =+CONCATENATE(B1996,C1996) -> 201475+ | B1996: 2014 | C1996: 75+ | D1996: F | E1996: 15 | F1996: Enfermedades del hígado. (K70-K77) | G1996: 197 | H1996: 425486

Sheet BD_Total
A1: key | B1: Año | C1: Grupo Etario | D1: Sexo | E1: Posicion | F1: Enfermedad | G1: Fallecimientos | H1: Población
A2: 19960-4 | B2: 1996 | C2: 0-4 | D2: T | E2: 1 | F2: Enfermedades del Corazón (I05-I09, I11, I13, I21-I51) | G2: 82 | H2: 2669011.1
A3: 19965-14 | B3: 1996 | C3: 5-14 | D3: T | E3: 1 | F3: Enfermedades del Corazón (I05-I09, I11, I13, I21-I51) | G3: 50 | H3: 5336689.3
A4: 199615-24 | B4: 1996 | C4: 15-24 | D4: T | E4: 1 | F4: Enfermedades del Corazón (I05-I09, I11, I13, I21-I51) | G4: 101 | H4: 4328734.7
A5: 199625-44 | B5: 1996 | C5: 25-44 | D5: T | E5: 1 | F5: Enfermedades del Corazón (I05-I09, I11, I13, I21-I51) | G5: 1265 | H5: 6500086.9
A6: 199645-64 | B6: 1996 | C6: 45-64 | D6: T | E6: 1 | F6: Enfermedades del Corazón (I05-I09, I11, I13, I21-I51) | G6: 5170 | H6: 2862216.5
A7: 199665-74 | B7: 1996 | C7: 65-74 | D7: T | E7: 1 | F7: Enfermedades del Corazón (I05-I09, I11, I13, I21-I51) | G7: 5212 | H7: 710343.29
A8: 199675+ | B8: 1996 | C8: 75+ | D8: T | E8: 1 | F8: Enfermedades del Corazón (I05-I09, I11, I13, I21-I51) | G8: 9429 | H8: 710343.29
A9: 19970-4 | B9: 1997 | C9: 0-4 | D9: T | E9: 1 | F9: Enfermedades del Corazón (I05-I09, I11, I13, I21-I51) | G9: 61 | H9: 2689637
A10: 19975-14 | B10: 1997 | C10: 5-14 | D10: T | E10: 1 | F10: Enfermedades del Corazón (I05-I09, I11, I13, I21-I51) | G10: 52 | H10: 5352218.2
A11: 199715-24 | B11: 1997 | C11: 15-24 | D11: T | E11: 1 | F11: Enfermedades del Corazón (I05-I09, I11, I13, I21-I51) | G11: 170 | H11: 4441903.2
A12: 199725-44 | B12: 1997 | C12: 25-44 | D12: T | E12: 1 | F12: Enfermedades del Corazón (I05-I09, I11, I13, I21-I51) | G12: 1242 | H12: 6652917
A13: 199745-64 | B13: 1997 | C13: 45-64 | D13: T | E13: 1 | F13: Enfermedades del Corazón (I05-I09, I11, I13, I21-I51) | G13: 5061 | H13: 2950439.9
... A1996: 201475+ | B1996: 2014 | C1996: 75+ | D1996: T | E1996: 15 | F1996: Tumores benignos y de comportamiento incierto o desconocido (D10-D48) | G1996: 711 | H1996: 1194627

Sheet Pobl_TOTAL
B1: Año | C1: Grupo Etario | D1: Población Total
A2: =+CONCATENATE(B2,C2) -> 19960-4 | B2: 1996 | C2: 0-4 | D2: 2669011.1
A3: =+CONCATENATE(B3,C3) -> 19965-14 | B3: 1996 | C3: 5-14 | D3: 5336689.3
A4: =+CONCATENATE(B4,C4) -> 199615-24 | B4: 1996 | C4: 15-24 | D4: 4328734.7
A5: =+CONCATENATE(B5,C5) -> 199625-44 | B5: 1996 | C5: 25-44 | D5: 6500086.9
A6: =+CONCATENATE(B6,C6) -> 199645-64 | B6: 1996 | C6: 45-64 | D6: 2862216.5
A7: =+CONCATENATE(B7,C7) -> 199665-74 | B7: 1996 | C7: 65-74 | D7: 710343.29
A8: =+CONCATENATE(B8,C8) -> 199675+ | B8: 1996 | C8: 75+ | D8: 710343.29
A9: =+CONCATENATE(B9,C9) -> 19970-4 | B9: 1997 | C9: 0-4 | D9: 2689637
A10: =+CONCATENATE(B10,C10) -> 19975-14 | B10: 1997 | C10: 5-14 | D10: 5352218.2
A11: =+CONCATENATE(B11,C11) -> 199715-24 | B11: 1997 | C11: 15-24 | D11: 4441903.2
A12: =+CONCATENATE(B12,C12) -> 199725-44 | B12: 1997 | C12: 25-44 | D12: 6652917
A13: =+CONCATENATE(B13,C13) -> 199745-64 | B13: 1997 | C13: 45-64 | D13: 2950439.9
... A134: =+CONCATENATE(B134,C134) -> 201475+ | B134: 2014 | C134: 75+ | D134: 1194627

Sheet Pobl_Fem
B1: Año | C1: Grupo Etario | D1: Población
A2: =+CONCATENATE(B2,C2) -> 19960-4 | B2: 1996 | C2: 0-4 | D2: 1308550.8
A3: =+CONCATENATE(B3,C3) -> 19965-14 | B3: 1996 | C3: 5-14 | D3: 2617766.7
A4: =+CONCATENATE(B4,C4) -> 199615-24 | B4: 1996 | C4: 15-24 | D4: 2136825.7
A5: =+CONCATENATE(B5,C5) -> 199625-44 | B5: 1996 | C5: 25-44 | D5: 3245545.3
A6: =+CONCATENATE(B6,C6) -> 199645-64 | B6: 1996 | C6: 45-64 | D6: 1448878
A7: =+CONCATENATE(B7,C7) -> 199665-74 | B7: 1996 | C7: 65-74 | D7: 373487.34
A8: =+CONCATENATE(B8,C8) -> 199675+ | B8: 1996 | C8: 75+ | D8: 186458.59
A9: =+CONCATENATE(B9,C9) -> 19970-4 | B9: 1997 | C9: 0-4 | D9: 1317732.9
A10: =+CONCATENATE(B10,C10) -> 19975-14 | B10: 1997 | C10: 5-14 | D10: 2625110
A11: =+CONCATENATE(B11,C11) -> 199715-24 | B11: 1997 | C11: 15-24 | D11: 2190257.4
A12: =+CONCATENATE(B12,C12) -> 199725-44 | B12: 1997 | C12: 25-44 | D12: 3319789
A13: =+CONCATENATE(B13,C13) -> 199745-64 | B13: 1997 | C13: 45-64 | D13: 1494497.8
... A134: =+CONCATENATE(B134,C134) -> 201475+ | B134: 2014 | C134: 75+ | D134: 425486

Sheet Poblacion_Estudio
A1: Año | B1: Grupo Etario | C1: Población Total | D1: Población Femenina
A2: 1996 | B2: 0-4 | C2: 2669011.1 | D2: 1308550.8
A3: 1997 | B3: 0-4 | C3: 2689637 | D3: 1317732.9 | F3: Suma de Población Femenina | G3: Etiquetas de columna
A4: 1998 | B4: 0-4 | C4: 2707580.5 | D4: 1325697.9 | F4: Etiquetas de fila | G4: 75+ | H4: Total general | J4: Año | K4: Poblacion Femenina | L4: Poblacion Total | O4: =+G4 -> 75+
A5: 1999 | B5: 0-4 | C5: 2723058.5 | D5: 1332529 | F5: 1996 | G5: 373487.34 | H5: 373487.34 | J5: 1996 | K5: =+G5 -> 373487.34
A6: 2000 | B6: 0-4 | C6: 2736288 | D6: 1338309 | F6: 1997 | G6: 377918.6 | H6: 377918.6 | J6: 1997 | K6: =+G6 -> 377918.6
A7: 2001 | B7: 0-4 | C7: 2747486 | D7: 1343121 | F7: 1998 | G7: 383636.8 | H7: 383636.8 | J7: 1998 | K7: =+G7 -> 383636.8
A8: 2002 | B8: 0-4 | C8: 2756879 | D8: 1347045 | F8: 1999 | G8: 390568.93 | H8: 390568.93 | J8: 1999 | K8: =+G8 -> 390568.93
A9: 2003 | B9: 0-4 | C9: 2764684 | D9: 1350164 | F9: 2000 | G9: 398642 | H9: 398642 | J9: 2000 | K9: =+G9 -> 398642
A10: 2004 | B10: 0-4 | C10: 2770821 | D10: 1352508 | F10: 2001 | G10: 407783 | H10: 407783 | J10: 2001 | K10: =+G10 -> 407783
A11: 2005 | B11: 0-4 | C11: 2774961 | D11: 1353852 | F11: 2002 | G11: 417907 | H11: 417907 | J11: 2002 | K11: =+G11 -> 417907
A12: 2006 | B12: 0-4 | C12: 2777568 | D12: 1354432 | F12: 2003 | G12: 428941 | H12: 428941 | J12: 2003 | K12: =+G12 -> 428941
A13: 2007 | B13: 0-4 | C13: 2778731 | D13: 1354234 | F13: 2004 | G13: 441018 | H13: 441018 | J13: 2004 | K13: =+G13 -> 441018
A14: 2008 | B14: 0-4 | C14: 2778239 | D14: 1353145 | F14: 2005 | G14: 454245 | H14: 454245 | J14: 2005 | K14: =+G14 -> 454245
A15: 2009 | B15: 0-4 | C15: 2775920 | D15: 1351158 | F15: 2006 | G15: 468680 | H15: 468680 | J15: 2006 | K15: =+G15 -> 468680
A16: 2010 | B16: 0-4 | C16: 2771760 | D16: 1348289 | F16: 2007 | G16: 484321 | H16: 484321 | J16: 2007 | K16: =+G16 -> 484321
... A59: 1998 | B59: 5-14 | C59: 5360232.6 | D59: 2628255.5 | F59: 2050 | G59: 1985266 | H59: 1985266 | J59: 2050 | K59: =+G59 -> 1985266
A60: 1999 | B60: 5-14 | C60: 5362927.5 | D60: 2628380.2 | F60: Total general | G60: 57011937 | H60: 57011937
A61: 2000 | B61: 5-14 | C61: 5362498 | D61: 2626661
A62: 2001 | B62: 5-14 | C62: 5361139 | D62: 2624275
A63: 2002 | B63: 5-14 | C63: 5361107 | D63: 2622422
A64: 2003 | B64: 5-14 | C64: 5364597 | D64: 2622279
A65: 2004 | B65: 5-14 | C65: 5372677 | D65: 2624530
A66: 2005 | B66: 5-14 | C66: 5386812 | D66: 2629864
A67: 2006 | B67: 5-14 | C67: 5407717 | D67: 2638747
A68: 2007 | B68: 5-14 | C68: 5427910 | D68: 2647233
A69: 2008 | B69: 5-14 | C69: 5448390 | D69: 2655740
A70: 2009 | B70: 5-14 | C70: 5469822 | D70: 2664671
A71: 2010 | B71: 5-14 | C71: 5492408 | D71: 2674173
A72: 2011 | B72: 5-14 | C72: 5516288 | D72: 2684312
... A386: 2050 | B386: 75+ | C386: 3804544 | D386: 1985266

Sheet Analisis de la Mortalidad
C1: Mujeres | D1: Total
A2: Año | B2: Grupo Etario | C2: qx(T)_Mujeres | D2: qx(T) _ Total
A3: =+TDM_Mujeres!E7 -> 1996 | B3: =+TDM_Mujeres!F7 -> 0-4 | C3: =+TDM_Mujeres!I7 -> 0.0038913278 | D3: =+TDM_Total!I7 -> 0.0044375987
A4: =+TDM_Mujeres!E8 -> 1996 | B4: =+TDM_Mujeres!F8 -> 5-14 | C4: =+TDM_Mujeres!I8 -> 0.00021736085 | D4: =+TDM_Total!I8 -> 0.00027826241
A5: =+TDM_Mujeres!E9 -> 1996 | B5: =+TDM_Mujeres!F9 -> 15-24 | C5: =+TDM_Mujeres!I9 -> 0.00036970727 | D5: =+TDM_Total!I9 -> 0.00091643407
A6: =+TDM_Mujeres!E10 -> 1996 | B6: =+TDM_Mujeres!F10 -> 25-44 | C6: =+TDM_Mujeres!I10 -> 0.00088798638 | D6: =+TDM_Total!I10 -> 0.0015032107
A7: =+TDM_Mujeres!E11 -> 1996 | B7: =+TDM_Mujeres!F11 -> 45-64 | C7: =+TDM_Mujeres!I11 -> 0.0046042525 | D7: =+TDM_Total!I11 -> 0.0058639869
A8: =+TDM_Mujeres!E12 -> 1996 | B8: =+TDM_Mujeres!F12 -> 65-74 | C8: =+TDM_Mujeres!I12 -> 0.016070156 | D8: =+TDM_Total!I12 -> 0.019762276
A9: =+TDM_Mujeres!E13 -> 1996 | B9: =+TDM_Mujeres!F13 -> 75+ | C9: =+TDM_Mujeres!I13 -> 0.061970866 | D9: =+TDM_Total!I13 -> 0.030441619
