Workbook
Name \a: #REF!
Name \a: #REF!
Name \a: #REF!
Name \a: #REF!
Name \a: #REF!
Name \a: #REF!
Name \a: #REF!
Name \a: #REF!
Name \a: #REF!
Name \a: #REF!
Name \b: [1]CEN90PU8!$IN$96
Name \c: [1]CEN90PU8!$IH$96
Name \d: [1]CE90PU26!$IS$97
Name \e: [1]CE90PU26!$IV$8192
Name \f: [1]CE90PU25!$IS$100
Name \g: [1]CE90PU25!$IC$248
Name \h: [1]CE90PU25!$IL$105
Name \i: [1]CE90PU25!$C$113
Name \j: [1]CE90PU25!$F$113
Name \k: [1]CE90PU25!$M$100
Name \u: [1]CEN90PU8!$IH$264
Name \w: [1]CE90PU26!$IV$8192
Name \x: [1]CE90PU25!$C$101
Name \y: [1]CE90PU25!$IE$255
Name \z: [1]CEN90PU8!$IN$102
Name _1: #REF!
Name _1: #REF!
Name _1: #REF!
Name _1: #REF!
Name _1: #REF!
Name _2: #REF!
Name _2: #REF!
Name _2: #REF!
Name _2: #REF!
Name _2: #REF!
Name _3: #REF!
Name _3: #REF!
Name _3: #REF!
Name _3: #REF!
Name _3: #REF!
Name _4: #REF!
Name _4: #REF!
Name _4: #REF!
Name _4: #REF!
Name _4: #REF!
Name _5: #REF!
Name _5: #REF!
Name _5: #REF!
Name _5: #REF!
Name _5: #REF!
Name _PAS1: [2]Anaco!#REF!
Name _PAS1: [2]Anaco!#REF!
Name _PAS1: [2]Anaco!#REF!
Name _PAS1: [2]Anaco!#REF!
Name _PAS1: [2]Anaco!#REF!
Name _PAS1: [2]Anaco!#REF!
Name _PAS1: [2]Anaco!#REF!
Name _PAS1: [2]Anaco!#REF!
Name _PAS1: [2]Anaco!#REF!
Name _PAS1: [2]Anaco!#REF!

Sheet Resumen
A1: Resumen por hoja
A2: info ine: | B2: Contiene información de la composición etaria de venezuela por cada edad, con esto se calculó la distribución porcentual de cada edad dentro de los grupos de edades con la finalidad de estimar la población y muertes de cada edad
A3: Mortalidad: | B3: Contiene la información obtenida de Portal del MPPS referente a las muertes ocurridas en venezuela desde el 1995 al 2011
A4: Mortalidad1: | B4: Se filtraron los totales por edades
A5: Población: | B5: Del Instituto Nacional de Estadística, (INE) se compiló la información censal y se crearon interpolaciones por cada grupo de edad para estimar la población desde 1995 al 2011
A6: Población por Edad: | B6: Se aplicaron los porcentajes calculados en "info ine" se aplicaron a las estimaciones resultantes de "población" para obtener la población por edad
A7: Muertes por Edad: | B7: Se aplicaron los porcentajes calculados en "info ine" se aplicaron a la información de "Mortalidad1" para obtener las muertes por edad
A8: Qx: | B8: Se calculó la mortalidad por edad en el período 1995 - 2011, se promediaron las tasas y se ajustó un polinomio de 4° grado para obtener la estimación de la mortalidad en Venezulea
A9: Comparación: | B9: Se compara por medio de mínimos cuadrados (K) la estimación calculada en Qx contra algunas tablas encontradas, el mejor ajuste se obtiene con la tabla más actual encontrada procedente del seguro social de america (http://www.ssa.gov/OACT/STATS/table4c6.html)

Sheet info ine
A1: POBLACION POR GRUPO DE EDAD DE VENEZUELA | CN1: POBLACION POR GRUPO DE EDAD DE VENEZUELA
A3: GRUPOS | CN3: EDAD/ANO | CO3: 1990 | CP3: 1991 | CQ3: 1992 | CR3: 1993 | CS3: 1994 | CT3: 1995 | CU3: 1996 | CV3: 1997 | CW3: 1998 | CX3: 1999 | CY3: 2000 | CZ3: 2001 | DA3: 2002 | DB3: 2003 | DC3: 2004 | DD3: 2005 | DE3: 2006 | DF3: 2007 | DG3: 2008 | DH3: 2009 | DI3: 2010 | DJ3: 2011 | DK3: 2012 | DL3: 2013 | DM3: 2014 | DN3: 2015 | DO3: 2016 | DP3: 2017 | DQ3: 2018 | DR3: 2019 | DS3: 2020 | DT3: 2021 | DU3: 2022 | DV3: 2023 | DW3: 2024 | DX3: 2025 | DY3: 2026 | DZ3: 2027 | EA3: 2028 | EB3: 2029 | EC3: 2030 | ED3: 2031 | EE3: 2032 | EF3: 2033 | EG3: 2034 | EH3: 2035 | EI3: 2036 | EJ3: 2037 | EK3: 2038 | EL3: 2039 | EM3: 2040 | EN3: 2041 | EO3: 2042 | EP3: 2043 | EQ3: 2044 | ER3: 2045 | ES3: 2046 | ET3: 2047 | EU3: 2048 | EV3: 2049 | EW3: 2050
A4: DE EDAD | B4: 2000 | D4: 2001 | E4: 2002 | F4: 2003 | G4: 2004 | H4: 2005 | I4: 2006 | J4: 2007 | K4: 2008 | L4: 2009 | M4: 2010 | N4: 2011 | O4: 2012 | P4: 2013 | Q4: 2014 | R4: 2015 | S4: 2016 | T4: 2017 | U4: 2018 | V4: 2019 | W4: 2020 | X4: 2021 | Y4: 2022 | Z4: 2023 | AA4: 2024 | AB4: 2025 | AC4: 2026 | AD4: 2027
CN5: HOMBRES | CO5: 9956666 | CP5: 10186733 | CQ5: 10416960 | CR5: 10647110 | CS5: 10876944 | CT5: 11106197 | CU5: 11333607 | CV5: 11559949 | CW5: 11784967 | CX5: 12010280 | CY5: 12229953 | CZ5: 12454204 | DA5: 12678275 | DB5: 12901999 | DC5: 13125804 | DD5: 13347732 | DE5: 13570418 | DF5: 13792761 | DG5: 14014614 | DH5: 14235351 | DI5: 14456287 | DJ5: 14673402 | DK5: 14888876 | DL5: 15102533 | DM5: 15313881 | DN5: 15523702 | DO5: 15728959 | DP5: 15931336 | DQ5: 16130644 | DR5: 16326788 | DS5: 16519307 | DT5: 16707676 | DU5: 16892332 | DV5: 17073102 | DW5: 17250156 | DX5: 17422288 | DY5: 17590805 | DZ5: 17755123 | EA5: 17915090 | EB5: 18070999 | EC5: 18221385 | ED5: 18368445 | EE5: 18511038 | EF5: 18649038 | EG5: 18782673 | EH5: 18910790 | EI5: 19035147 | EJ5: 19154801 | EK5: 19269651 | EL5: 19379606 | EM5: 19484556 | EN5: 19584545 | EO5: 19679355 | EP5: 19768907 | EQ5: 19854961 | ER5: 19931944 | ES5: 20011039 | ET5: 20086480 | EU5: 20158221 | EV5: 20226221 | EW5: 20290430
A6: TOTAL | B6: 24310896 | D6: 24765581 | E6: 25219910 | F6: 25673550 | G6: 26127351 | H6: 26577423 | I6: 27030656 | J6: 27483208 | K6: 27934783 | L6: 28384132 | M6: 28833845 | N6: 29277736 | O6: 29718357 | P6: 30155352 | Q6: 30587736 | R6: 31017064 | S6: 31439105 | T6: 31855396 | U6: 32265553 | V6: 32669379 | W6: 33065965 | X6: 33456022 | Y6: 33838655 | Z6: 34213506 | AA6: 34580906 | AB6: 34938434 | AC6: 35289945 | AD6: 35633043
A8: 0-4
A9: 0 | B9: 553335 | C9: =+B9/B14 -> 0.20008085 | D9: 560034 | E9: 566727 | F9: 573402 | G9: 580080 | H9: 586678 | I9: 587449 | J9: 588204 | K9: 588939 | L9: 589626 | M9: 590326 | N9: 588794 | O9: 587193 | P9: 585519 | Q9: 583756 | R9: 581937 | S9: 579930 | T9: 577810 | U9: 575577 | V9: 573232 | W9: 570768 | X9: 569005 | Y9: 567110 | Z9: 565083 | AA9: 562935 | AB9: 560631 | AC9: 558715 | AD9: 556661
A10: 1 | B10: 555223 | C10: =+B10/B14 -> 0.20076354 | D10: 559206 | E10: 563181 | F10: 567141 | G10: 571103 | H10: 574986 | I10: 577156 | J10: 579311 | K10: 581446 | L10: 583534 | M10: 585634 | N10: 585417 | O10: 585132 | P10: 584775 | Q10: 584328 | R10: 583826 | S10: 582079 | T10: 580219 | U10: 578246 | V10: 576161 | W10: 573954 | X10: 571884 | Y10: 569680 | Z10: 567343 | AA10: 564884 | AB10: 562271 | AC10: 560177 | AD10: 557944
A11: 2 | B11: 554738 | C11: =+B11/B14 -> 0.20058816 | D11: 557062 | E11: 559377 | F11: 561677 | G11: 563979 | H11: 566203 | I11: 569316 | J11: 572414 | K11: 575491 | L11: 578523 | M11: 581566 | N11: 582337 | O11: 583041 | P11: 583672 | Q11: 584216 | R11: 584703 | S11: 583254 | T11: 581693 | U11: 580019 | V11: 578233 | W11: 576324 | X11: 574108 | Y11: 571758 | Z11: 569274 | AA11: 566669 | AB11: 563908 | AC11: 561718 | AD11: 559388
A12: 3 | B12: 552627 | C12: =+B12/B14 -> 0.19982485 | D12: 554100 | E12: 555564 | F12: 557012 | G12: 558464 | H12: 559837 | I12: 563502 | J12: 567151 | K12: 570780 | L12: 574364 | M12: 577958 | N12: 579450 | O12: 580874 | P12: 582226 | Q12: 583490 | R12: 584698 | S12: 583588 | T12: 582365 | U12: 581029 | V12: 579580 | W12: 578008 | X12: 575785 | Y12: 573429 | Z12: 570939 | AA12: 568326 | AB12: 565558 | AC12: 563337 | AD12: 560976
A13: 4 | B13: 549634 | C13: =+B13/B14 -> 0.1987426 | D13: 550816 | E13: 551991 | F13: 553149 | G13: 554310 | H13: 555394 | I13: 559284 | J13: 563160 | K13: 567016 | L13: 570826 | M13: 574647 | N13: 576649 | O13: 578585 | P13: 580449 | Q13: 582225 | R13: 583946 | S13: 583212 | T13: 582366 | U13: 581406 | V13: 580335 | W13: 579137 | X13: 577025 | Y13: 574779 | Z13: 572398 | AA13: 569894 | AB13: 567233 | AC13: 565034 | AD13: 562693
A14: 5-9 | B14: =SUM(B9:B13) -> 2765557 | D14: =SUM(D9:D13) -> 2781218 | E14: =SUM(E9:E13) -> 2796840 | F14: =SUM(F9:F13) -> 2812381 | G14: =SUM(G9:G13) -> 2827936 | H14: =SUM(H9:H13) -> 2843098 | I14: =SUM(I9:I13) -> 2856707 | J14: =SUM(J9:J13) -> 2870240 | K14: =SUM(K9:K13) -> 2883672 | ... AD14: =SUM(AD9:AD13) -> 2797662
A15: 5 | B15: 546548 | C15: =+B15/B20 -> 0.20077275 | D15: 547741 | E15: 548927 | F15: 550097 | G15: 551269 | H15: 552365 | I15: 556222 | J15: 560066 | K15: 563890 | L15: 567668 | M15: 571456 | N15: 573823 | O15: 576125 | P15: 578353 | Q15: 580495 | R15: 582583 | S15: 582264 | T15: 581834 | U15: 581290 | V15: 580634 | W15: 579852 | X15: 577940 | Y15: 575895 | Z15: 573716 | AA15: 571413 | AB15: 568953 | AC15: 566807 | AD15: 564520
A16: 6 | B16: 544113 | C16: =+B16/B20 -> 0.19987826 | D16: 545372 | E16: 546622 | F16: 547856 | G16: 549094 | H16: 550254 | I16: 553888 | J16: 557506 | K16: 561105 | L16: 564659 | M16: 568223 | N16: 570867 | O16: 573445 | P16: 575953 | Q16: 578373 | R16: 580740 | S16: 580875 | T16: 580899 | U16: 580810 | V16: 580609 | W16: 580281 | X16: 578640 | Y16: 576865 | Z16: 574954 | AA16: 572921 | AB16: 570730 | AC16: 568657 | AD16: 566444
A17: 7 | B17: 542938 | C17: =+B17/B20 -> 0.19944663 | D17: 544105 | E17: 545262 | F17: 546404 | G17: 547550 | H17: 548617 | I17: 551895 | J17: 555159 | K17: 558402 | L17: 561602 | M17: 564810 | N17: 567696 | O17: 570516 | P17: 573266 | Q17: 575929 | R17: 578539 | S17: 579165 | T17: 579680 | U17: 580082 | V17: 580373 | W17: 580537 | X17: 579212 | Y17: 577754 | Z17: 576160 | AA17: 574443 | AB17: 572567 | AC17: 570576 | AD17: 568442
A18: 8 | B18: 543406 | C18: =+B18/B20 -> 0.19961855 | D18: 544172 | E18: 544929 | F18: 545671 | G18: 546416 | H18: 547083 | I18: 549932 | J18: 552766 | K18: 555580 | L18: 558350 | M18: 561129 | N18: 564260 | O18: 567325 | P18: 570321 | Q18: 573231 | R18: 576085 | S18: 577232 | T18: 578270 | U18: 579195 | V18: 580008 | W18: 580695 | X18: 579716 | Y18: 578603 | Z18: 577355 | AA18: 575983 | AB18: 574452 | AC18: 572538 | AD18: 570482
A19: 9 | B19: 545217 | C19: =+B19/B20 -> 0.20028381 | D19: 545307 | E19: 545388 | F19: 545454 | G19: 545523 | H19: 545513 | I19: 547898 | J19: 550267 | K19: 552617 | L19: 554923 | M19: 557237 | N19: 560615 | O19: 563928 | P19: 567172 | Q19: 570330 | R19: 573431 | S19: 575115 | T19: 576691 | U19: 578154 | V19: 579505 | W19: 580731 | X19: 580117 | Y19: 579370 | Z19: 578488 | AA19: 577481 | AB19: 576314 | AC19: 574481 | AD19: 572505
A20: 10-14 | B20: =SUM(B15:B19) -> 2722222 | D20: 0 | E20: 0 | F20: 0 | G20: 0 | H20: 0 | I20: 0 | J20: 0 | K20: 0 | L20: 0 | M20: 0 | N20: 0 | O20: 0 | P20: 0 | Q20: 0 | R20: 0 | S20: 0 | T20: 0 | U20: 0 | V20: 0 | W20: 0 | X20: 0 | Y20: 0 | Z20: 0 | AA20: 0 | AB20: 0 | AC20: 0 | AD20: 0
A21: 10 | B21: 547352 | C21: =+B21/B26 -> 0.20207706 | D21: 546716 | E21: 546071 | F21: 545411 | G21: 544755 | H21: 544018 | I21: 545923 | J21: 547813 | K21: 549682 | L21: 551508 | M21: 553343 | N21: 556928 | O21: 560448 | P21: 563900 | Q21: 567266 | R21: 570575 | S21: 572784 | T21: 574887 | U21: 576876 | V21: 578755 | W21: 580508 | X21: 580282 | Y21: 579923 | Z21: 579429 | AA21: 578809 | AB21: 578030 | AC21: 576296 | AD21: 574419
A22: 11 | B22: 548152 | C22: =+B22/B26 -> 0.20237242 | D22: 547138 | E22: 546115 | F22: 545075 | G22: 544040 | H22: 542924 | I22: 544337 | J22: 545735 | K22: 547113 | L22: 548448 | M22: 549791 | N22: 553464 | O22: 557073 | P22: 560613 | Q22: 564069 | R22: 567464 | S22: 570153 | T22: 572734 | U22: 575204 | V22: 577562 | W22: 579797 | X22: 579992 | Y22: 580056 | Z22: 579981 | AA22: 579783 | AB22: 579425 | AC22: 577838 | AD22: 576107
A23: 12 | B23: 545692 | C23: =+B23/B26 -> 0.20146421 | D23: 545115 | E23: 544529 | F23: 543927 | G23: 543328 | H23: 542650 | I23: 543556 | J23: 544447 | K23: 545319 | L23: 546147 | M23: 546983 | N23: 550529 | O23: 554013 | P23: 557428 | Q23: 560758 | R23: 564028 | S23: 567108 | T23: 570082 | U23: 572945 | V23: 575696 | W23: 578325 | X23: 578990 | Y23: 579521 | Z23: 579918 | AA23: 580189 | AB23: 580301 | AC23: 578943 | AD23: 577441
A24: 13 | B24: 538813 | C24: =+B24/B26 -> 0.19892455 | D24: 539751 | E24: 540681 | F24: 541596 | G24: 542514 | H24: 543352 | I24: 543753 | J24: 544138 | K24: 544504 | L24: 544827 | M24: 545157 | N24: 548313 | O24: 551406 | P24: 554431 | Q24: 557372 | R24: 560254 | S24: 563610 | T24: 566860 | U24: 570001 | V24: 573030 | W24: 575938 | X24: 577123 | Y24: 578176 | Z24: 579095 | AA24: 579889 | AB24: 580522 | AC24: 579496 | AD24: 578326
A25: 14 | B25: 528621 | C25: =+B25/B26 -> 0.19516176 | D25: 531810 | E25: 534990 | F25: 538156 | G25: 541324 | H25: 544415 | I25: 544384 | J25: 544341 | K25: 544277 | L25: 544171 | M25: 544072 | N25: 546654 | O25: 549172 | P25: 551623 | Q25: 553990 | R25: 556300 | S25: 559822 | T25: 563239 | U25: 566547 | V25: 569744 | W25: 572820 | X25: 574550 | Y25: 576148 | Z25: 577614 | AA25: 578954 | AB25: 580133 | AC25: 579518 | AD25: 578758
A26: 15-19 | B26: =SUM(B21:B25) -> 2708630 | D26: 0 | E26: 0 | F26: 0 | G26: 0 | H26: 0 | I26: 0 | J26: 0 | K26: 0 | L26: 0 | M26: 0 | N26: 0 | O26: 0 | P26: 0 | Q26: 0 | R26: 0 | S26: 0 | T26: 0 | U26: 0 | V26: 0 | W26: 0 | X26: 0 | Y26: 0 | Z26: 0 | AA26: 0 | AB26: 0 | AC26: 0 | AD26: 0
A27: 15 | B27: 516877 | C27: =+B27/B32 -> 0.2082231 | D27: 522713 | E27: 528544 | F27: 534357 | G27: 540175 | H27: 545914 | I27: 545319 | J27: 544712 | K27: 544081 | L27: 543411 | M27: 542747 | N27: 544765 | O27: 546719 | P27: 548607 | Q27: 550410 | R27: 552162 | S27: 555836 | T27: 559407 | U27: 562868 | V27: 566220 | W27: 569451 | X27: 571718 | Y27: 573856 | Z27: 575861 | AA27: 577740 | AB27: 579458 | AC27: 579268 | AD27: 578934
A28: 16 | B28: 505486 | C28: =+B28/B32 -> 0.20363426 | D28: 513668 | E28: 521842 | F28: 530002 | G28: 538165 | H28: 546247 | I28: 545285 | J28: 544307 | K28: 543310 | L28: 542269 | M28: 541236 | N28: 542768 | O28: 544237 | P28: 545639 | Q28: 546959 | R28: 548227 | S28: 551994 | T28: 555658 | U28: 559214 | V28: 562661 | W28: 565986 | X28: 568738 | Y28: 571361 | Z28: 573852 | AA28: 576219 | AB28: 578423 | AC28: 578660 | AD28: 578756
A29: 17 | B29: 495009 | C29: =+B29/B32 -> 0.19941361 | D29: 504698 | E29: 514379 | F29: 524047 | G29: 533718 | H29: 543309 | I29: 542788 | J29: 542252 | K29: 541697 | L29: 541098 | M29: 540507 | N29: 541541 | O29: 542512 | P29: 543415 | Q29: 544237 | R29: 545009 | S29: 548656 | T29: 552201 | U29: 555639 | V29: 558968 | W29: 562176 | X29: 565325 | Y29: 568346 | Z29: 571236 | AA29: 574002 | AB29: 576606 | AC29: 577318 | AD29: 577889
A30: 18 | B30: 486282 | C30: =+B30/B32 -> 0.19589796 | D30: 496252 | E30: 506215 | F30: 516165 | G30: 526118 | H30: 535993 | I30: 536984 | J30: 537960 | K30: 538918 | L30: 539832 | M30: 540754 | N30: 541293 | O30: 541769 | P30: 542178 | Q30: 542505 | R30: 542783 | S30: 546048 | T30: 549210 | U30: 552266 | V30: 555214 | W30: 558043 | X30: 561472 | Y30: 564774 | Z30: 567945 | AA30: 570994 | AB30: 573881 | AC30: 575118 | AD30: 576215
A31: 19 | B31: 478669 | C31: =+B31/B32 -> 0.19283107 | D31: 488044 | E31: 497411 | F31: 506765 | G31: 516122 | H31: 525404 | I31: 528635 | J31: 531852 | K31: 535050 | L31: 538206 | M31: 541368 | N31: 541491 | O31: 541550 | P31: 541541 | Q31: 541451 | R31: 541311 | S31: 544010 | T31: 546607 | U31: 549098 | V31: 551482 | W31: 553747 | X31: 557345 | Y31: 560816 | Z31: 564158 | AA31: 567378 | AB31: 570437 | AC31: 572222 | AD31: 573867
A32: 20-24 | B32: =SUM(B27:B31) -> 2482323 | D32: 0 | E32: 0 | F32: 0 | G32: 0 | H32: 0 | I32: 0 | J32: 0 | K32: 0 | L32: 0 | M32: 0 | N32: 0 | O32: 0 | P32: 0 | Q32: 0 | R32: 0 | S32: 0 | T32: 0 | U32: 0 | V32: 0 | W32: 0 | X32: 0 | Y32: 0 | Z32: 0 | AA32: 0 | AB32: 0 | AC32: 0 | AD32: 0
A33: 20 | B33: 471638 | C33: =+B33/B38 -> 0.20926894 | D33: 479983 | E33: 488322 | F33: 496647 | G33: 504976 | H33: 513233 | I33: 519099 | J33: 524955 | K33: 530788 | L33: 536581 | M33: 542381 | N33: 541952 | O33: 541461 | P33: 540902 | Q33: 540260 | R33: 539569 | S33: 541712 | T33: 543755 | U33: 545692 | V33: 547523 | W33: 549237 | X33: 552989 | Y33: 556617 | Z33: 560118 | AA33: 563494 | AB33: 566714 | AC33: 569039 | AD33: 571225
A34: 21 | B34: 463619 | C34: =+B34/B38 -> 0.20571086 | D34: 471203 | E34: 478779 | F34: 486343 | G34: 493909 | H34: 501407 | I34: 509608 | J34: 517796 | K34: 525966 | L34: 534094 | M34: 542229 | N34: 541444 | O34: 540595 | P34: 539678 | Q34: 538681 | R34: 537631 | S34: 539299 | T34: 540864 | U34: 542324 | V34: 543678 | W34: 544918 | X34: 548768 | Y34: 552493 | Z34: 556091 | AA34: 559569 | AB34: 562887 | AC34: 565701 | AD34: 568377
A35: 22 | B35: 453378 | C35: =+B35/B38 -> 0.20116686 | D35: 460845 | E35: 468307 | F35: 475755 | G35: 483206 | H35: 490590 | I35: 500292 | J35: 509981 | K35: 519652 | L35: 529282 | M35: 538919 | N35: 538578 | O35: 538173 | P35: 537702 | Q35: 537149 | R35: 536544 | S35: 537721 | T35: 538796 | U35: 539766 | V35: 540631 | W35: 541383 | X35: 545117 | Y35: 548728 | Z35: 552212 | AA35: 555577 | AB35: 558784 | AC35: 561996 | AD35: 565073
A36: 23 | B36: 440119 | C36: =+B36/B38 -> 0.19528375 | D36: 448452 | E36: 456778 | F36: 465091 | G36: 473408 | H36: 481657 | I36: 491640 | J36: 501610 | K36: 511563 | L36: 521475 | M36: 531393 | N36: 532553 | O36: 533650 | P36: 534682 | Q36: 535633 | R36: 536531 | S36: 537221 | T36: 537809 | U36: 538292 | V36: 538670 | W36: 538935 | X36: 542292 | Y36: 545526 | Z36: 548633 | AA36: 551623 | AB36: 554456 | AC36: 557949 | AD36: 561307
A37: 24 | B37: 424987 | C37: =+B37/B38 -> 0.18856958 | D37: 434804 | E37: 444615 | F37: 454414 | G37: 464215 | H37: 473949 | I37: 483339 | J37: 492716 | K37: 502077 | L37: 511397 | M37: 520722 | N37: 524102 | O37: 527421 | P37: 530675 | Q37: 533849 | R37: 536970 | S37: 537249 | T37: 537426 | U37: 537497 | V37: 537465 | W37: 537319 | X37: 540115 | Y37: 542789 | Z37: 545337 | AA37: 547768 | AB37: 550043 | AC37: 553704 | AD37: 557232
A38: 25-29 | B38: =SUM(B33:B37) -> 2253741 | D38: 0 | E38: 0 | F38: 0 | G38: 0 | H38: 0 | I38: 0 | J38: 0 | K38: 0 | L38: 0 | M38: 0 | N38: 0 | O38: 0 | P38: 0 | Q38: 0 | R38: 0 | S38: 0 | T38: 0 | U38: 0 | V38: 0 | W38: 0 | X38: 0 | Y38: 0 | Z38: 0 | AA38: 0 | AB38: 0 | AC38: 0 | AD38: 0
A39: 25 | B39: 408834 | C39: =+B39/B44 -> 0.21089604 | D39: 420461 | E39: 432083 | F39: 443694 | G39: 455307 | H39: 466850 | I39: 475218 | J39: 483573 | K39: 491911 | L39: 500209 | M39: 508512 | N39: 514503 | O39: 520435 | P39: 526305 | Q39: 532094 | R39: 537829 | S39: 537564 | T39: 537197 | U39: 536724 | V39: 536148 | W39: 535458 | X39: 537703 | Y39: 539827 | Z39: 541826 | AA39: 543708 | AB39: 545438 | AC39: 549252 | AD39: 552935
A40: 26 | B40: 394149 | C40: =+B40/B44 -> 0.20332082 | D40: 407098 | E40: 420043 | F40: 432976 | G40: 445912 | H40: 458778 | I40: 466387 | J40: 473984 | K40: 481564 | L40: 489106 | M40: 496650 | N40: 504952 | O40: 513199 | P40: 521382 | Q40: 529486 | R40: 537538 | S40: 536921 | T40: 536201 | U40: 535376 | V40: 534448 | W40: 533406 | X40: 535179 | Y40: 536830 | Z40: 538356 | AA40: 539766 | AB40: 541024 | AC40: 544936 | AD40: 548716
A41: 27 | B41: 383146 | C41: =+B41/B44 -> 0.19764495 | D41: 396252 | E41: 409352 | F41: 422441 | G41: 435533 | H41: 448556 | I41: 456046 | J41: 463524 | K41: 470986 | L41: 478411 | M41: 485837 | N41: 495625 | O41: 505358 | P41: 515030 | Q41: 524622 | R41: 534163 | S41: 533986 | T41: 533708 | U41: 533325 | V41: 532839 | W41: 532239 | X41: 533525 | Y41: 534689 | Z41: 535729 | AA41: 536653 | AB41: 537427 | AC41: 541223 | AD41: 544888
A42: 28 | B42: 377276 | C42: =+B42/B44 -> 0.19461692 | D42: 388923 | E42: 400565 | F42: 412196 | G42: 423830 | H42: 435396 | I42: 443738 | J42: 452069 | K42: 460385 | L42: 468663 | M42: 476944 | N42: 487007 | O42: 497016 | P42: 506966 | Q42: 516837 | R42: 526656 | S42: 527967 | T42: 529177 | U42: 530285 | V42: 531290 | W42: 532178 | X42: 532980 | Y42: 533660 | Z42: 534216 | AA42: 534657 | AB42: 534948 | AC42: 538368 | AD42: 541659
A43: 29 | B43: 375152 | C43: =+B43/B44 -> 0.19352126 | D43: 384228 | E43: 393298 | F43: 402358 | G43: 411421 | H43: 420419 | I43: 430227 | J43: 440025 | K43: 449807 | L43: 459554 | M43: 469303 | N43: 478775 | O43: 488194 | P43: 497553 | Q43: 506837 | R43: 516069 | S43: 519578 | T43: 522989 | U43: 526300 | V43: 529507 | W43: 532597 | X43: 532991 | Y43: 533262 | Z43: 533409 | AA43: 533441 | AB43: 533324 | AC43: 536187 | AD43: 538920
A44: 30-34 | B44: =SUM(B39:B43) -> 1938557 | D44: 0 | E44: 0 | F44: 0 | G44: 0 | H44: 0 | I44: 0 | J44: 0 | K44: 0 | L44: 0 | M44: 0 | N44: 0 | O44: 0 | P44: 0 | Q44: 0 | R44: 0 | S44: 0 | T44: 0 | U44: 0 | V44: 0 | W44: 0 | X44: 0 | Y44: 0 | Z44: 0 | AA44: 0 | AB44: 0 | AC44: 0 | AD44: 0
A45: 30 | B45: 374002 | C45: =+B45/B50 -> 0.20328615 | D45: 380117 | E45: 386224 | F45: 392322 | G45: 398421 | H45: 404459 | I45: 416057 | J45: 427643 | K45: 439216 | L45: 450753 | M45: 462292 | N45: 470746 | O45: 479148 | P45: 487492 | Q45: 495762 | R45: 503980 | S45: 510074 | T45: 516075 | U45: 521976 | V45: 527774 | W45: 533453 | X45: 533307 | Y45: 533034 | Z45: 532641 | AA45: 532132 | AB45: 531475 | AC45: 533789 | AD45: 535974
A46: 31 | B46: 371885 | C46: =+B46/B50 -> 0.20213547 | D46: 375522 | E46: 379153 | F46: 382773 | G46: 386396 | H46: 389962 | I46: 402863 | J46: 415755 | K46: 428632 | L46: 441475 | M46: 454322 | N46: 462020 | O46: 469667 | P46: 477256 | Q46: 484772 | R46: 492240 | S46: 500622 | T46: 508914 | U46: 517108 | V46: 525201 | W46: 533172 | X46: 532673 | Y46: 532052 | Z46: 531306 | AA46: 530446 | AB46: 529440 | AC46: 531282 | AD46: 532994
A47: 32 | B47: 369128 | C47: =+B47/B50 -> 0.20063692 | D47: 371142 | E47: 373151 | F47: 375149 | G47: 377150 | H47: 379096 | I47: 392147 | J47: 405190 | K47: 418218 | L47: 431212 | M47: 444212 | N47: 451787 | O47: 459312 | P47: 466781 | Q47: 474178 | R47: 481527 | S47: 491378 | T47: 501141 | U47: 510809 | V47: 520375 | W47: 529820 | X47: 529756 | Y47: 529571 | Z47: 529262 | AA47: 528839 | AB47: 528269 | AC47: 529626 | AD47: 530853
A48: 33 | B48: 365041 | C48: =+B48/B50 -> 0.19841546 | D48: 366709 | E48: 368372 | F48: 370025 | G48: 371679 | H48: 373281 | I48: 384886 | J48: 396482 | K48: 408064 | L48: 419614 | M48: 431169 | N48: 439582 | O48: 447947 | P48: 456258 | Q48: 464499 | R48: 472692 | S48: 482812 | T48: 492846 | U48: 502786 | V48: 512627 | W48: 522349 | X48: 523757 | Y48: 525047 | Z48: 526214 | AA48: 527268 | AB48: 528174 | AC48: 529050 | AD48: 529797
A49: 34 | B49: 359725 | C49: =+B49/B50 -> 0.19552599 | D49: 362030 | E49: 364330 | F49: 366619 | G49: 368911 | H49: 371150 | I49: 380208 | J49: 389258 | K49: 398293 | L49: 407296 | M49: 416305 | N49: 426165 | O49: 435979 | P49: 445739 | Q49: 455431 | R49: 465076 | S49: 474607 | T49: 484052 | U49: 493405 | V49: 502660 | W49: 511801 | X49: 515388 | Y49: 518859 | Z49: 522209 | AA49: 525447 | AB49: 528536 | AC49: 529006 | AD49: 529346
A50: 35-39 | B50: =SUM(B45:B49) -> 1839781 | D50: 0 | E50: 0 | F50: 0 | G50: 0 | H50: 0 | I50: 0 | J50: 0 | K50: 0 | L50: 0 | M50: 0 | N50: 0 | O50: 0 | P50: 0 | Q50: 0 | R50: 0 | S50: 0 | T50: 0 | U50: 0 | V50: 0 | W50: 0 | X50: 0 | Y50: 0 | Z50: 0 | AA50: 0 | AB50: 0 | AC50: 0 | AD50: 0
A51: 35 | B51: 354752 | C51: =+B51/B56 -> 0.2094551 | D51: 357818 | E51: 360878 | F51: 363928 | G51: 366980 | H51: 369979 | I51: 376104 | J51: 382218 | K51: 388317 | L51: 394388 | M51: 400462 | N51: 412086 | O51: 423668 | P51: 435199 | Q51: 446661 | R51: 458077 | S51: 466595 | T51: 475028 | U51: 483371 | V51: 491619 | W51: 499758 | X51: 505906 | Y51: 511941 | Z51: 517861 | AA51: 523666 | AB51: 529320 | AC51: 529255 | AD51: 529058
A52: 36 | B52: 349540 | C52: =+B52/B56 -> 0.20637779 | D52: 353222 | E52: 356898 | F52: 360564 | G52: 364232 | H52: 367851 | I52: 371520 | J52: 375179 | K52: 378826 | L52: 382442 | M52: 386064 | N52: 398975 | O52: 411844 | P52: 424663 | Q52: 437417 | R52: 450124 | S52: 457888 | T52: 465570 | U52: 473162 | V52: 480661 | W52: 488055 | X52: 496470 | Y52: 504776 | Z52: 512966 | AA52: 521044 | AB52: 528972 | AC52: 528556 | AD52: 528010
A53: 37 | B53: 341742 | C53: =+B53/B56 -> 0.20177364 | D53: 346427 | E53: 351107 | F53: 355778 | G53: 360450 | H53: 365074 | I53: 367135 | J53: 369187 | K53: 371226 | L53: 373235 | M53: 375250 | N53: 388305 | O53: 401319 | P53: 414285 | Q53: 427187 | R53: 440043 | S53: 447680 | T53: 455236 | U53: 462705 | V53: 470082 | W53: 477358 | X53: 487226 | Y53: 496989 | Z53: 506638 | AA53: 516176 | AB53: 525564 | AC53: 525577 | AD53: 525462
A54: 38 | B54: 330583 | C54: =+B54/B56 -> 0.19518507 | D54: 336677 | E54: 342766 | F54: 348846 | G54: 354929 | H54: 360963 | I54: 362681 | J54: 364390 | K54: 366086 | L54: 367752 | M54: 369424 | N54: 381044 | O54: 392622 | P54: 404154 | Q54: 415623 | R54: 427048 | S54: 435509 | T54: 443892 | U54: 452189 | V54: 460398 | W54: 468505 | X54: 478637 | Y54: 488667 | Z54: 498585 | AA54: 508393 | AB54: 518053 | AC54: 519525 | AD54: 520871
A55: 39 | B55: 317073 | C55: =+B55/B56 -> 0.1872084 | D55: 324799 | E55: 332521 | F55: 340234 | G55: 347949 | H55: 355618 | I55: 357966 | J55: 360305 | K55: 362631 | L55: 364928 | M55: 367230 | N55: 376325 | O55: 385379 | P55: 394386 | Q55: 403333 | R55: 412237 | S55: 422123 | T55: 431934 | U55: 441663 | V55: 451304 | W55: 460844 | X55: 470388 | Y55: 479831 | Z55: 489165 | AA55: 498392 | AB55: 507473 | AC55: 511102 | AD55: 514609
A56: 40-44 | B56: =SUM(B51:B55) -> 1693690 | D56: 0 | E56: 0 | F56: 0 | G56: 0 | H56: 0 | I56: 0 | J56: 0 | K56: 0 | L56: 0 | M56: 0 | N56: 0 | O56: 0 | P56: 0 | Q56: 0 | R56: 0 | S56: 0 | T56: 0 | U56: 0 | V56: 0 | W56: 0 | X56: 0 | Y56: 0 | Z56: 0 | AA56: 0 | AB56: 0 | AC56: 0 | AD56: 0
A57: 40 | B57: 302323 | C57: =+B57/B62 -> 0.21669228 | D57: 311995 | E57: 321663 | F57: 331323 | G57: 340984 | H57: 350600 | I57: 353703 | J57: 356795 | K57: 359873 | L57: 362923 | M57: 365979 | N57: 372165 | O57: 378308 | P57: 384405 | Q57: 390445 | R57: 396444 | S57: 408070 | T57: 419624 | U57: 431099 | V57: 442489 | W57: 453775 | X57: 462315 | Y57: 470753 | Z57: 479085 | AA57: 487312 | AB57: 495396 | AC57: 501563 | AD57: 507610
A58: 41 | B58: 288294 | C58: =+B58/B62 -> 0.20663689 | D58: 299717 | E58: 311136 | F58: 322547 | G58: 333960 | H58: 345330 | I58: 349040 | J58: 352742 | K58: 356432 | L58: 360093 | M58: 363757 | N58: 367508 | O58: 371217 | P58: 374881 | Q58: 378488 | R58: 382058 | S58: 394950 | T58: 407774 | U58: 420521 | V58: 433184 | W58: 445743 | X58: 453532 | Y58: 461223 | Z58: 468808 | AA58: 476291 | AB58: 483636 | AC58: 492047 | AD58: 500343
A59: 42 | B59: 276314 | C59: =+B59/B62 -> 0.19805013 | D59: 288561 | E59: 300804 | F59: 313040 | G59: 325278 | H59: 337472 | I59: 342172 | J59: 346864 | K59: 351543 | L59: 356194 | M59: 360847 | N59: 363004 | O59: 365119 | P59: 367189 | Q59: 369203 | R59: 371182 | S59: 384211 | T59: 397175 | U59: 410064 | V59: 422871 | W59: 435575 | X59: 443232 | Y59: 450793 | Z59: 458251 | AA59: 465608 | AB59: 472831 | AC59: 482680 | AD59: 492418
A60: 43 | B60: 267439 | C60: =+B60/B62 -> 0.19168891 | D60: 279218 | E60: 290993 | F60: 302760 | G60: 314530 | H60: 326258 | I60: 332342 | J60: 338418 | K60: 344483 | L60: 350520 | M60: 356559 | N60: 358375 | O60: 360150 | P60: 361881 | Q60: 363556 | R60: 365197 | S60: 376803 | T60: 388345 | U60: 399813 | V60: 411201 | W60: 422491 | X60: 430954 | Y60: 439324 | Z60: 447594 | AA60: 455765 | AB60: 463805 | AC60: 473913 | AD60: 483913
A61: 44 | B61: 260802 | C61: =+B61/B62 -> 0.18693179 | D61: 271194 | E61: 281583 | F61: 291964 | G61: 302348 | H61: 312690 | I61: 320376 | J61: 328054 | K61: 335721 | L61: 343362 | M61: 351004 | N61: 353444 | O61: 355844 | P61: 358200 | Q61: 360501 | R61: 362767 | S61: 371875 | T61: 380917 | U61: 389887 | V61: 398779 | W61: 407578 | X61: 417441 | Y61: 427214 | Z61: 436890 | AA61: 446470 | AB61: 455919 | AC61: 465442 | AD61: 474859
A62: 45-49 | B62: =SUM(B57:B61) -> 1395172 | D62: 0 | E62: 0 | F62: 0 | G62: 0 | H62: 0 | I62: 0 | J62: 0 | K62: 0 | L62: 0 | M62: 0 | N62: 0 | O62: 0 | P62: 0 | Q62: 0 | R62: 0 | S62: 0 | T62: 0 | U62: 0 | V62: 0 | W62: 0 | X62: 0 | Y62: 0 | Z62: 0 | AA62: 0 | AB62: 0 | AC62: 0 | AD62: 0
A63: 45 | B63: 254716 | C63: =+B63/B68 -> 0.21297716 | D63: 263362 | E63: 272005 | F63: 280640 | G63: 289281 | H63: 297876 | I63: 307472 | J63: 317061 | K63: 326637 | L63: 336189 | M63: 345743 | N63: 348931 | O63: 352078 | P63: 355182 | Q63: 358233 | R63: 361248 | S63: 367475 | T63: 373635 | U63: 379725 | V63: 385739 | W63: 391666 | X63: 403237 | Y63: 414723 | Z63: 426117 | AA63: 437415 | AB63: 448584 | AC63: 457109 | AD63: 465529
A64: 46 | B64: 247835 | C64: =+B64/B68 -> 0.20722371 | D64: 255036 | E64: 262233 | F64: 269423 | G64: 276614 | H64: 283766 | I64: 295079 | J64: 306386 | K64: 317682 | L64: 328953 | M64: 340226 | N64: 344016 | O64: 347768 | P64: 351477 | Q64: 355132 | R64: 358751 | S64: 362567 | T64: 366317 | U64: 369995 | V64: 373601 | W64: 377125 | X64: 389937 | Y64: 402669 | Z64: 415310 | AA64: 427859 | AB64: 440280 | AC64: 448060 | AD64: 455736
A65: 47 | B65: 240236 | C65: =+B65/B68 -> 0.20086992 | D65: 246537 | E65: 252835 | F65: 259126 | G65: 265418 | H65: 271672 | I65: 283791 | J65: 295903 | K65: 308006 | L65: 320083 | M65: 332164 | N65: 336925 | O65: 341649 | P65: 346330 | Q65: 350959 | R65: 355553 | S65: 357790 | T65: 359959 | U65: 362059 | V65: 364088 | W65: 366039 | X65: 378982 | Y65: 391847 | Z65: 404623 | AA65: 417310 | AB65: 429871 | AC65: 437512 | AD65: 445052
A66: 48 | B66: 231443 | C66: =+B66/B68 -> 0.19351777 | D66: 237696 | E66: 243947 | F66: 250191 | G66: 256436 | H66: 262644 | I66: 274297 | J66: 285943 | K66: 297580 | L66: 309192 | M66: 320808 | N66: 326921 | O66: 332998 | P66: 339035 | Q66: 345019 | R66: 350969 | S66: 352869 | T66: 354702 | U66: 356466 | V66: 358161 | W66: 359779 | X66: 371316 | Y66: 382776 | Z66: 394149 | AA66: 405435 | AB66: 416600 | AC66: 425024 | AD66: 433349
A67: 49 | B67: 221748 | C67: =+B67/B68 -> 0.18541144 | D67: 228576 | E67: 235400 | F67: 242219 | G67: 249038 | H67: 255823 | I67: 266105 | J67: 276381 | K67: 286648 | L67: 296892 | M67: 307138 | N67: 314811 | O67: 322450 | P67: 330050 | Q67: 337599 | R67: 345114 | S67: 347630 | T67: 350082 | U67: 352465 | V67: 354780 | W67: 357018 | X67: 366090 | Y67: 375084 | Z67: 383992 | AA67: 392817 | AB67: 401525 | AC67: 411315 | AD67: 421011
A68: 50-54 | B68: =SUM(B63:B67) -> 1195978 | D68: 0 | E68: 0 | F68: 0 | G68: 0 | H68: 0 | I68: 0 | J68: 0 | K68: 0 | L68: 0 | M68: 0 | N68: 0 | O68: 0 | P68: 0 | Q68: 0 | R68: 0 | S68: 0 | T68: 0 | U68: 0 | V68: 0 | W68: 0 | X68: 0 | Y68: 0 | Z68: 0 | AA68: 0 | AB68: 0 | AC68: 0 | AD68: 0
A69: 50 | B69: 212097 | C69: =+B69/B74 -> 0.22032344 | D69: 219597 | E69: 227095 | F69: 234588 | G69: 242081 | H69: 249542 | I69: 258100 | J69: 266650 | K69: 275193 | L69: 283713 | M69: 292235 | N69: 301768 | O69: 311268 | P69: 320733 | Q69: 330145 | R69: 339526 | S69: 342784 | T69: 345978 | U69: 349105 | V69: 352164 | W69: 355145 | X69: 361374 | Y69: 367524 | Z69: 373590 | AA69: 379573 | AB69: 385446 | AC69: 396906 | AD69: 408274
A70: 51 | B70: 202717 | C70: =+B70/B74 -> 0.21057962 | D70: 210678 | E70: 218636 | F70: 226588 | G70: 234541 | H70: 242464 | I70: 249589 | J70: 256709 | K70: 263819 | L70: 270908 | M70: 278000 | N70: 289205 | O70: 300380 | P70: 311519 | Q70: 322610 | R70: 333669 | S70: 337522 | T70: 341313 | U70: 345038 | V70: 348696 | W70: 352276 | X70: 356122 | Y70: 359889 | Z70: 363573 | AA70: 367178 | AB70: 370679 | AC70: 383346 | AD70: 395929
A71: 52 | B71: 192940 | C71: =+B71/B74 -> 0.20042341 | D71: 201293 | E71: 209643 | F71: 217988 | G71: 226335 | H71: 234652 | I71: 240882 | J71: 247106 | K71: 253321 | L71: 259516 | M71: 265714 | N71: 277698 | O71: 289654 | P71: 301575 | Q71: 313450 | R71: 325293 | S71: 330094 | T71: 334834 | U71: 339510 | V71: 344119 | W71: 348652 | X71: 350938 | Y71: 353145 | Z71: 355270 | AA71: 357319 | AB71: 359267 | AC71: 372056 | AD71: 384763
A72: 53 | B72: 182696 | C72: =+B72/B74 -> 0.18978208 | D72: 191294 | E72: 199889 | F72: 208479 | G72: 217071 | H72: 225634 | I72: 231804 | J72: 237969 | K72: 244125 | L72: 250262 | M72: 256402 | N72: 267920 | O72: 279411 | P72: 290868 | Q72: 302281 | R72: 313664 | S72: 319772 | T72: 325824 | U72: 331813 | V72: 337736 | W72: 343583 | X72: 345537 | Y72: 347413 | Z72: 349208 | AA72: 350928 | AB72: 352550 | AC72: 363956 | AD72: 375282
A73: 54 | B73: 172212 | C73: =+B73/B74 -> 0.17889145 | D73: 180921 | E73: 189628 | F73: 198329 | G73: 207032 | H73: 215708 | I73: 222428 | J73: 229143 | K73: 235849 | L73: 242537 | M73: 249228 | N73: 259394 | O73: 269534 | P73: 279642 | Q73: 289707 | R73: 299743 | S73: 307355 | T73: 314912 | U73: 322410 | V73: 329844 | W73: 337202 | X73: 339765 | Y73: 342251 | Z73: 344659 | AA73: 346992 | AB73: 349227 | AC73: 358213 | AD73: 367119
A74: 55-59 | B74: =SUM(B69:B73) -> 962662 | D74: 0 | E74: 0 | F74: 0 | G74: 0 | H74: 0 | I74: 0 | J74: 0 | K74: 0 | L74: 0 | M74: 0 | N74: 0 | O74: 0 | P74: 0 | Q74: 0 | R74: 0 | S74: 0 | T74: 0 | U74: 0 | V74: 0 | W74: 0 | X74: 0 | Y74: 0 | Z74: 0 | AA74: 0 | AB74: 0 | AC74: 0 | AD74: 0
A75: 55 | B75: 161713 | C75: =+B75/B80 -> 0.22609614 | D75: 170542 | E75: 179369 | F75: 188192 | G75: 197016 | H75: 205812 | I75: 213180 | J75: 220544 | K75: 227897 | L75: 235235 | M75: 242575 | N75: 251042 | O75: 259482 | P75: 267891 | Q75: 276259 | R75: 284601 | S75: 294004 | T75: 303357 | U75: 312653 | V75: 321887 | W75: 331045 | X75: 334344 | Y75: 337568 | Z75: 340713 | AA75: 343784 | AB75: 346759 | AC75: 352953 | AD75: 359063
A76: 56 | B76: 151596 | C76: =+B76/B80 -> 0.21195123 | D76: 160525 | E76: 169451 | F76: 178374 | G76: 187298 | H76: 196195 | I76: 203998 | J76: 211797 | K76: 219589 | L76: 227363 | M76: 235141 | N76: 242191 | O76: 249216 | P76: 256211 | Q76: 263166 | R76: 270097 | S76: 281112 | T76: 292080 | U76: 302993 | V76: 313845 | W76: 324624 | X76: 328509 | Y76: 332321 | Z76: 336057 | AA76: 339720 | AB76: 343285 | AC76: 347135 | AD76: 350903
A77: 57 | B77: 142176 | C77: =+B77/B80 -> 0.19878083 | D77: 150991 | E77: 159805 | F77: 168614 | G77: 177425 | H77: 186210 | I77: 194378 | J77: 202541 | K77: 210698 | L77: 218837 | M77: 226980 | N77: 233137 | O77: 239269 | P77: 245372 | Q77: 251437 | R77: 257479 | S77: 269238 | T77: 280952 | U77: 292614 | V77: 304217 | W77: 315748 | X77: 320549 | Y77: 325279 | Z77: 329936 | AA77: 334520 | AB77: 339008 | AC77: 341323 | AD77: 343557
A78: 58 | B78: 133698 | C78: =+B78/B80 -> 0.18692746 | D78: 142127 | E78: 150555 | F78: 158978 | G78: 167403 | H78: 175804 | I78: 184183 | J78: 192557 | K78: 200926 | L78: 209278 | M78: 217633 | N78: 223711 | O78: 229766 | P78: 235793 | Q78: 241783 | R78: 247750 | S78: 259044 | T78: 270295 | U78: 281496 | V78: 292640 | W78: 303714 | X78: 309763 | Y78: 315745 | Z78: 321655 | AA78: 327495 | AB78: 333239 | AC78: 335229 | AD78: 337138
A79: 59 | B79: 126057 | C79: =+B79/B80 -> 0.17624434 | D79: 133891 | E79: 141723 | F79: 149552 | G79: 157382 | H79: 165189 | I79: 173643 | J79: 182093 | K79: 190537 | L79: 198965 | M79: 207397 | N79: 213990 | O79: 220560 | P79: 227104 | Q79: 233613 | R79: 240098 | S79: 250067 | T79: 259994 | U79: 269872 | V79: 279695 | W79: 289453 | X79: 296926 | Y79: 304336 | Z79: 311677 | AA79: 318949 | AB79: 326128 | AC79: 328715 | AD79: 331224
A80: 60-64 | B80: =SUM(B75:B79) -> 715240 | D80: 0 | E80: 0 | F80: 0 | G80: 0 | H80: 0 | I80: 0 | J80: 0 | K80: 0 | L80: 0 | M80: 0 | N80: 0 | O80: 0 | P80: 0 | Q80: 0 | R80: 0 | S80: 0 | T80: 0 | U80: 0 | V80: 0 | W80: 0 | X80: 0 | Y80: 0 | Z80: 0 | AA80: 0 | AB80: 0 | AC80: 0 | AD80: 0
A81: 60 | B81: 118729 | C81: =+B81/B86 -> 0.2228941 | D81: 125902 | E81: 133074 | F81: 140244 | G81: 147414 | H81: 154564 | I81: 163099 | J81: 171633 | K81: 180162 | L81: 188673 | M81: 197191 | N81: 204395 | O81: 211578 | P81: 218735 | Q81: 225860 | R81: 232958 | S81: 241261 | T81: 249524 | U81: 257738 | V81: 265901 | W81: 274003 | X81: 283173 | Y81: 292286 | Z81: 301331 | AA81: 310312 | AB81: 319200 | AC81: 322514 | AD81: 325751
A82: 61 | B82: 111724 | C82: =+B82/B86 -> 0.20974337 | D82: 118248 | E82: 124770 | F82: 131288 | G82: 137808 | H82: 144308 | I82: 152911 | J82: 161511 | K82: 170104 | L82: 178685 | M82: 187267 | N82: 194874 | O82: 202460 | P82: 210023 | Q82: 217553 | R82: 225057 | S82: 231966 | T82: 238835 | U82: 245659 | V82: 252434 | W82: 259151 | X82: 269849 | Y82: 280492 | Z82: 291073 | AA82: 301589 | AB82: 312013 | AC82: 315901 | AD82: 319715
A83: 62 | B83: 105596 | C83: =+B83/B86 -> 0.19823906 | D83: 111432 | E83: 117267 | F83: 123099 | G83: 128932 | H83: 134746 | I83: 143211 | J83: 151672 | K83: 160128 | L83: 168571 | M83: 177016 | N83: 184946 | O83: 192857 | P83: 200746 | Q83: 208603 | R83: 216434 | S83: 222452 | T83: 228431 | U83: 234367 | V83: 240257 | W83: 246091 | X83: 257484 | Y83: 268825 | Z83: 280107 | AA83: 291325 | AB83: 302455 | AC83: 307215 | AD83: 311903
A84: 63 | B84: 100476 | C84: =+B84/B86 -> 0.1886271 | D84: 105611 | E84: 110744 | F84: 115874 | G84: 121005 | H84: 126119 | I84: 134184 | J84: 142245 | K84: 150301 | L84: 158346 | M84: 166392 | N84: 174485 | O84: 182561 | P84: 190615 | Q84: 198639 | R84: 206639 | S84: 212552 | T84: 218427 | U84: 224262 | V84: 230051 | W84: 235789 | X84: 246718 | Y84: 257598 | Z84: 268420 | AA84: 279182 | AB84: 289859 | AC84: 295783 | AD84: 301639
A85: 64 | B85: 96145 | C85: =+B85/B86 -> 0.18049637 | D85: 100585 | E85: 105024 | F85: 109460 | G85: 113897 | H85: 118318 | I85: 125783 | J85: 133245 | K85: 140703 | L85: 148150 | M85: 155598 | N85: 163715 | O85: 171815 | P85: 179895 | Q85: 187946 | R85: 195976 | S85: 202354 | T85: 208697 | U85: 215001 | V85: 221262 | W85: 227472 | X85: 237112 | Y85: 246704 | Z85: 256241 | AA85: 265720 | AB85: 275119 | AC85: 282357 | AD85: 289531
A86: 65-69 | B86: =SUM(B81:B85) -> 532670 | D86: 0 | E86: 0 | F86: 0 | G86: 0 | H86: 0 | I86: 0 | J86: 0 | K86: 0 | L86: 0 | M86: 0 | N86: 0 | O86: 0 | P86: 0 | Q86: 0 | R86: 0 | S86: 0 | T86: 0 | U86: 0 | V86: 0 | W86: 0 | X86: 0 | Y86: 0 | Z86: 0 | AA86: 0 | AB86: 0 | AC86: 0 | AD86: 0
A87: 65 | B87: 92246 | C87: =+B87/B92 -> 0.21794993 | D87: 95969 | E87: 99692 | F87: 103412 | G87: 107133 | H87: 110837 | I87: 117639 | J87: 124440 | K87: 131235 | L87: 138020 | M87: 144807 | N87: 152953 | O87: 161085 | P87: 169196 | Q87: 177283 | R87: 185349 | S87: 192286 | T87: 199192 | U87: 206060 | V87: 212886 | W87: 219664 | X87: 227686 | Y87: 235662 | Z87: 243585 | AA87: 251453 | AB87: 259244 | AC87: 268050 | AD87: 276797
A88: 66 | B88: 88461 | C88: =+B88/B92 -> 0.2090071 | D88: 91509 | E88: 94555 | F88: 97598 | G88: 100642 | H88: 103672 | I88: 109823 | J88: 115972 | K88: 122117 | L88: 128252 | M88: 134389 | N88: 142553 | O88: 150704 | P88: 158837 | Q88: 166945 | R88: 175034 | S88: 182327 | T88: 189589 | U88: 196816 | V88: 204003 | W88: 211143 | X88: 217803 | Y88: 224418 | Z88: 230982 | AA88: 237495 | AB88: 243938 | AC88: 254154 | AD88: 264316
A89: 67 | B89: 84724 | C89: =+B89/B92 -> 0.20017768 | D89: 87250 | E89: 89774 | F89: 92296 | G89: 94819 | H89: 97328 | I89: 102804 | J89: 108278 | K89: 113749 | L89: 119210 | M89: 124674 | N89: 132664 | O89: 140642 | P89: 148604 | Q89: 156542 | R89: 164464 | S89: 172025 | T89: 179558 | U89: 187057 | V89: 194519 | W89: 201935 | X89: 207708 | Y89: 213438 | Z89: 219120 | AA89: 224753 | AB89: 230320 | AC89: 241163 | AD89: 251955
A90: 68 | B90: 80879 | C90: =+B90/B92 -> 0.19109308 | D90: 83092 | E90: 85304 | F90: 87514 | G90: 89724 | H90: 91921 | I90: 96724 | J90: 101524 | K90: 106321 | L90: 111109 | M90: 115900 | N90: 123473 | O90: 131034 | P90: 138580 | Q90: 146103 | R90: 153612 | S90: 161274 | T90: 168909 | U90: 176513 | V90: 184082 | W90: 191606 | X90: 197239 | Y90: 202830 | Z90: 208374 | AA90: 213873 | AB90: 219309 | AC90: 229689 | AD90: 240021
A91: 69 | B91: 76934 | C91: =+B91/B92 -> 0.18177222 | D91: 79003 | E91: 81070 | F91: 83136 | G91: 85202 | H91: 87256 | I91: 91402 | J91: 95546 | K91: 99687 | L91: 103820 | M91: 107955 | N91: 114926 | O91: 121885 | P91: 128831 | Q91: 135756 | R91: 142666 | S91: 150286 | T91: 157881 | U91: 165446 | V91: 172978 | W91: 180469 | X91: 186500 | Y91: 192492 | Z91: 198441 | AA91: 204346 | AB91: 210190 | AC91: 219331 | AD91: 228424
A92: 70-74 | B92: =SUM(B87:B91) -> 423244 | D92: 0 | E92: 0 | F92: 0 | G92: 0 | H92: 0 | I92: 0 | J92: 0 | K92: 0 | L92: 0 | M92: 0 | N92: 0 | O92: 0 | P92: 0 | Q92: 0 | R92: 0 | S92: 0 | T92: 0 | U92: 0 | V92: 0 | W92: 0 | X92: 0 | Y92: 0 | Z92: 0 | AA92: 0 | AB92: 0 | AC92: 0 | AD92: 0
A93: 70 | B93: 73292 | C93: =+B93/B98 -> 0.22571525 | D93: 75261 | E93: 77228 | F93: 79193 | G93: 81159 | H93: 83114 | I93: 86592 | J93: 90066 | K93: 93540 | L93: 97004 | M93: 100472 | N93: 106796 | O93: 113108 | P93: 119409 | Q93: 125689 | R93: 131957 | S93: 139555 | T93: 147130 | U93: 154680 | V93: 162197 | W93: 169675 | X93: 176211 | Y93: 182711 | Z93: 189169 | AA93: 195586 | AB93: 201944 | AC93: 209557 | AD93: 217123
A94: 71 | B94: 69746 | C94: =+B94/B98 -> 0.21479474 | D94: 71628 | E94: 73508 | F94: 75387 | G94: 77266 | H94: 79134 | I94: 81979 | J94: 84823 | K94: 87663 | L94: 90496 | M94: 93333 | N94: 99027 | O94: 104712 | P94: 110384 | Q94: 116040 | R94: 121681 | S94: 129258 | T94: 136814 | U94: 144345 | V94: 151846 | W94: 159310 | X94: 166156 | Y94: 172968 | Z94: 179742 | AA94: 186476 | AB94: 193152 | AC94: 199478 | AD94: 205760
A95: 72 | B95: 65633 | C95: =+B95/B98 -> 0.20212805 | D95: 67524 | E95: 69414 | F95: 71302 | G95: 73191 | H95: 75069 | I95: 77418 | J95: 79765 | K95: 82109 | L95: 84446 | M95: 86786 | N95: 91817 | O95: 96840 | P95: 101851 | Q95: 106846 | R95: 111829 | S95: 119183 | T95: 126519 | U95: 133832 | V95: 141118 | W95: 148368 | X95: 155407 | Y95: 162415 | Z95: 169387 | AA95: 176321 | AB95: 183201 | AC95: 188640 | AD95: 194037
A96: 73 | B96: 60721 | C96: =+B96/B98 -> 0.18700071 | D96: 62723 | E96: 64725 | F96: 66725 | G96: 68725 | H96: 70717 | I96: 72750 | J96: 74782 | K96: 76810 | L96: 78833 | M96: 80858 | N96: 85209 | O96: 89552 | P96: 93885 | Q96: 98203 | R96: 102509 | S96: 109385 | T96: 116245 | U96: 123082 | V96: 129895 | W96: 136676 | X96: 143701 | Y96: 150697 | Z96: 157660 | AA96: 164588 | AB96: 171465 | AC96: 176657 | AD96: 181809
A97: 74 | B97: 55318 | C97: =+B97/B98 -> 0.17036125 | D97: 57498 | E97: 59678 | F97: 61856 | G97: 64035 | H97: 66206 | I97: 68073 | J97: 69939 | K97: 71802 | L97: 73660 | M97: 75519 | N97: 79204 | O97: 82882 | P97: 86549 | Q97: 90203 | R97: 93847 | S97: 100064 | T97: 106266 | U97: 112448 | V97: 118607 | W97: 124738 | X97: 131589 | Y97: 138415 | Z97: 145211 | AA97: 151973 | AB97: 158689 | AC97: 164108 | AD97: 169492
A98: 75-79 | B98: =SUM(B93:B97) -> 324710 | D98: 0 | E98: 0 | F98: 0 | G98: 0 | H98: 0 | I98: 0 | J98: 0 | K98: 0 | L98: 0 | M98: 0 | N98: 0 | O98: 0 | P98: 0 | Q98: 0 | R98: 0 | S98: 0 | T98: 0 | U98: 0 | V98: 0 | W98: 0 | X98: 0 | Y98: 0 | Z98: 0 | AA98: 0 | AB98: 0 | AC98: 0 | AD98: 0
A99: 75 | B99: 49919 | C99: =+B99/B104 -> 0.33413433 | D99: 52292 | E99: 54666 | F99: 57039 | G99: 59411 | H99: 61777 | I99: 63571 | J99: 65362 | K99: 67151 | L99: 68937 | M99: 70722 | N99: 73789 | O99: 76850 | P99: 79901 | Q99: 82940 | R99: 85970 | S99: 91470 | T99: 96954 | U99: 102422 | V99: 107868 | W99: 113289 | X99: 119903 | Y99: 126493 | Z99: 133056 | AA99: 139587 | AB99: 146077 | AC99: 151903 | AD99: 157696
A100: 76 | B100: 44948 | C100: =+B100/B104 -> 0.30086079 | D100: 47487 | E100: 50025 | F100: 52562 | G100: 55100 | H100: 57632 | I100: 59395 | J100: 61157 | K100: 62916 | L100: 64670 | M100: 66425 | N100: 68958 | O100: 71483 | P100: 74000 | Q100: 76506 | R100: 79005 | S100: 83832 | T100: 88647 | U100: 93445 | V100: 98225 | W100: 102981 | X100: 109370 | Y100: 115738 | Z100: 122081 | AA100: 128397 | AB100: 134672 | AC100: 140833 | AD100: 146964
A101: 77 | B101: 40686 | C101: =+B101/B104 -> 0.27233296 | D101: 43326 | E101: 45967 | F101: 48606 | G101: 51245 | H101: 53881 | I101: 55629 | J101: 57377 | K101: 59122 | L101: 60862 | M101: 62603 | N101: 64713 | O101: 66816 | P101: 68911 | Q101: 70995 | R101: 73074 | S101: 77345 | T101: 81604 | U101: 85847 | V101: 90074 | W101: 94280 | X101: 100497 | Y101: 106696 | Z101: 112871 | AA101: 119021 | AB101: 125133 | AC101: 131420 | AD101: 137679
A102: 78 | B102: 37234 | C102: =+B102/B104 -> 0.2492269 | D102: 39894 | E102: 42553 | F102: 45211 | G102: 47870 | H102: 50525 | I102: 52273 | J102: 54020 | K102: 55766 | L102: 57506 | M102: 59247 | N102: 61072 | O102: 62890 | P102: 64700 | Q102: 66500 | R102: 68295 | S102: 72150 | T102: 75994 | U102: 79823 | V102: 83636 | W102: 87431 | X102: 93525 | Y102: 99602 | Z102: 105657 | AA102: 111688 | AB102: 117685 | AC102: 123877 | AD102: 130044
...

Sheet Mortalidad
A1: Fuente: Portal_MPPS http://www.mpps.gob.ve/index.php?option=com_phocadownload&view=category&id=11:anuarios-de-mortalidad
A2: Año | B2: C | C2: Total | D2: -1 | E2: 1 | F2: 2 | G2: 3 | H2: 4 | I2: 5 a 9 | J2: 10 a 14 | K2: 15 a 19 | L2: 20 a 24 | M2: 25 a 29 | N2: 30 a 34 | O2: 35 a 39 | P2: 40 a 44 | Q2: 45 a 49 | R2: 50 a 54 | S2: 55 a 59 | T2: 60 a 64 | U2: 65 a 69 | V2: 70 a 74 | W2: 75 a 79 | X2: 80 a 84 | Y2: 85 y + | Z2: O
A3: 2011 | B3: T | C3: 143020 | D3: 8900 | E3: 607 | F3: 356 | G3: 244 | H3: 188 | I3: 687 | J3: 969 | K3: 4526 | L3: 6425 | M3: 5627 | N3: 4867 | O3: 4482 | P3: 4705 | Q3: 5771 | R3: 7612 | S3: 9215 | T3: 10405 | U3: 10481 | V3: 11607 | W3: 12602 | X3: 13334 | Y3: 19336 | Z3: 74
A4: 2011 | B4: V | C4: 86504 | D4: 5033 | E4: 310 | F4: 192 | G4: 138 | H4: 95 | I4: 401 | J4: 596 | K4: 3845 | L4: 5635 | M4: 4683 | N4: 3726 | O4: 3216 | P4: 3109 | Q4: 3747 | R4: 4804 | S4: 5861 | T4: 6450 | U4: 6414 | V4: 6767 | W4: 6805 | X4: 6649 | Y4: 7960 | Z4: 68
A5: 2011 | B5: H | C5: 56516 | D5: 3867 | E5: 297 | F5: 164 | G5: 106 | H5: 93 | I5: 286 | J5: 373 | K5: 681 | L5: 790 | M5: 944 | N5: 1141 | O5: 1266 | P5: 1596 | Q5: 2024 | R5: 2808 | S5: 3354 | T5: 3955 | U5: 4067 | V5: 4840 | W5: 5797 | X5: 6685 | Y5: 11376 | Z5: 6
A6: =+A3-1 -> 2010 | B6: T | C6: 138504 | D6: 8965 | E6: 640 | F6: 365 | G6: 233 | H6: 215 | I6: 784 | J6: 939 | K6: 4584 | L6: 6388 | M6: 5735 | N6: 4897 | O6: 4295 | P6: 4582 | Q6: 5757 | R6: 7287 | S6: 8799 | T6: 9656 | U6: 9872 | V6: 11445 | W6: 12236 | X6: 12775 | Y6: 18019 | Z6: 36
A7: =+A4-1 -> 2010 | B7: V | C7: 84196 | D7: 5102 | E7: 350 | F7: 227 | G7: 145 | H7: 111 | I7: 449 | J7: 598 | K7: 3822 | L7: 5535 | M7: 4783 | N7: 3810 | O7: 3070 | P7: 3034 | Q7: 3757 | R7: 4687 | S7: 5517 | T7: 6044 | U7: 5919 | V7: 6536 | W7: 6742 | X7: 6449 | Y7: 7476 | Z7: 33
A8: =+A5-1 -> 2010 | B8: H | C8: 54308 | D8: 3863 | E8: 290 | F8: 138 | G8: 88 | H8: 104 | I8: 335 | J8: 341 | K8: 762 | L8: 853 | M8: 952 | N8: 1087 | O8: 1225 | P8: 1548 | Q8: 2000 | R8: 2600 | S8: 3282 | T8: 3612 | U8: 3953 | V8: 4909 | W8: 5494 | X8: 6326 | Y8: 10543 | Z8: 3
A9: =+A6-1 -> 2009 | B9: T | C9: 134731 | D9: 8577 | E9: 654 | F9: 360 | G9: 246 | H9: 204 | I9: 766 | J9: 966 | K9: 4813 | L9: 6958 | M9: 6119 | N9: 5049 | O9: 4377 | P9: 4899 | Q9: 5937 | R9: 7266 | S9: 8663 | T9: 9084 | U9: 9477 | V9: 10717 | W9: 11884 | X9: 11527 | Y9: 16100 | Z9: 88
A10: =+A7-1 -> 2009 | B10: V | C10: 83325 | D10: 4888 | E10: 346 | F10: 184 | G10: 133 | H10: 125 | I10: 439 | J10: 612 | K10: 4051 | L10: 6103 | M10: 5096 | N10: 4023 | O10: 3207 | P10: 3357 | Q10: 3858 | R10: 4729 | S10: 5524 | T10: 5663 | U10: 5751 | V10: 6201 | W10: 6628 | X10: 5706 | Y10: 6622 | Z10: 79
A11: =+A8-1 -> 2009 | B11: H | C11: 51406 | D11: 3689 | E11: 308 | F11: 176 | G11: 113 | H11: 79 | I11: 327 | J11: 354 | K11: 762 | L11: 855 | M11: 1023 | N11: 1026 | O11: 1170 | P11: 1542 | Q11: 2079 | R11: 2537 | S11: 3139 | T11: 3421 | U11: 3726 | V11: 4516 | W11: 5256 | X11: 5821 | Y11: 9478 | Z11: 9
A12: =+A9-1 -> 2008 | B12: T | C12: 133651 | D12: 8307 | E12: 662 | F12: 329 | G12: 254 | H12: 168 | I12: 733 | J12: 1060 | K12: 4840 | L12: 7108 | M12: 6077 | N12: 4933 | O12: 4403 | P12: 4813 | Q12: 5847 | R12: 7046 | S12: 8392 | T12: 8603 | U12: 9514 | V12: 10668 | W12: 12014 | X12: 11380 | Y12: 16292 | Z12: 208
A13: =+A10-1 -> 2008 | B13: V | C13: 83106 | D13: 4781 | E13: 369 | F13: 180 | G13: 149 | H13: 88 | I13: 432 | J13: 671 | K13: 4087 | L13: 6239 | M13: 5161 | N13: 3943 | O13: 3245 | P13: 3326 | Q13: 3837 | R13: 4585 | S13: 5279 | T13: 5377 | U13: 5771 | V13: 6222 | W13: 6676 | X13: 5749 | Y13: 6749 | Z13: 190
A14: =+A11-1 -> 2008 | B14: H | C14: 50545 | D14: 3526 | E14: 293 | F14: 149 | G14: 105 | H14: 80 | I14: 301 | J14: 389 | K14: 753 | L14: 869 | M14: 916 | N14: 990 | O14: 1158 | P14: 1487 | Q14: 2010 | R14: 2461 | S14: 3113 | T14: 3226 | U14: 3743 | V14: 4446 | W14: 5338 | X14: 5631 | Y14: 9543 | Z14: 18
A15: =+A12-1 -> 2007 | B15: T | C15: 127463 | D15: 8323 | E15: 800 | F15: 371 | G15: 252 | H15: 203 | I15: 828 | J15: 1058 | K15: 4355 | L15: 6472 | M15: 5905 | N15: 4683 | O15: 4345 | P15: 4682 | Q15: 5754 | R15: 6824 | S15: 7738 | T15: 8154 | U15: 9148 | V15: 10436 | W15: 11455 | X15: 10501 | Y15: 15010 | Z15: 166
A16: =+A13-1 -> 2007 | B16: V | C16: 79156 | D16: 4847 | E16: 436 | F16: 206 | G16: 137 | H16: 123 | I16: 519 | J16: 667 | K16: 3665 | L16: 5680 | M16: 5029 | N16: 3701 | O16: 3193 | P16: 3249 | Q16: 3747 | R16: 4366 | S16: 4959 | T16: 5094 | U16: 5574 | V16: 6045 | W16: 6255 | X16: 5305 | Y16: 6229 | Z16: 130
A17: =+A14-1 -> 2007 | B17: H | C17: 48307 | D17: 3476 | E17: 364 | F17: 165 | G17: 115 | H17: 80 | I17: 309 | J17: 391 | K17: 690 | L17: 792 | M17: 876 | N17: 982 | O17: 1152 | P17: 1433 | Q17: 2007 | R17: 2458 | S17: 2779 | T17: 3060 | U17: 3574 | V17: 4391 | W17: 5200 | X17: 5196 | Y17: 8781 | Z17: 36
... A53: =+A50-1 -> 1995 | B53: H | C53: 40996 | D53: 5291 | E53: 637 | F53: 249 | G53: 157 | H53: 98 | I53: 419 | J53: 416 | K53: 647 | L53: 671 | M53: 708 | N53: 836 | O53: 1035 | P53: 1288 | Q53: 1476 | R53: 1564 | S53: 2120 | T53: 2581 | U53: 3306 | V53: 3673 | W53: 3813 | X53: 4085 | Y53: 5856 | Z53: 70

Sheet Mortalidad M
A1: Fuente: Portal_MPPS http://www.mpps.gob.ve/index.php?option=com_phocadownload&view=category&id=11:anuarios-de-mortalidad
A2: Año | B2: C | C2: Total | D2: -1 | E2: 1 | F2: 2 | G2: 3 | H2: 4 | I2: 5 a 9 | J2: 10 a 14 | K2: 15 a 19 | L2: 20 a 24 | M2: 25 a 29 | N2: 30 a 34 | O2: 35 a 39 | P2: 40 a 44 | Q2: 45 a 49 | R2: 50 a 54 | S2: 55 a 59 | T2: 60 a 64 | U2: 65 a 69 | V2: 70 a 74 | W2: 75 a 79 | X2: 80 a 84 | Y2: 85 y + | Z2: O
A3: 1995 | B3: V | C3: 57140 | D3: 7061 | E3: 700 | F3: 276 | G3: 190 | H3: 140 | I3: 570 | J3: 670 | K3: 2137 | L3: 2788 | M3: 2426 | N3: 2300 | O3: 2193 | P3: 2226 | Q3: 2251 | R3: 2631 | S3: 3106 | T3: 3960 | U3: 4445 | V3: 4574 | W3: 4350 | X3: 3869 | Y3: 4084 | Z3: 193
A4: 1996 | B4: V | C4: 58207 | D4: 6830 | E4: 829 | F4: 359 | G4: 220 | H4: 178 | I4: 632 | J4: 654 | K4: 2130 | L4: 2666 | M4: 2466 | N4: 2170 | O4: 2125 | P4: 2242 | Q4: 2438 | R4: 2668 | S4: 3199 | T4: 3910 | U4: 4794 | V4: 4850 | W4: 4580 | X4: 3880 | Y4: 4342 | Z4: 45
A5: 1997 | B5: V | C5: 56598 | D5: 6324 | E5: 640 | F5: 293 | G5: 187 | H5: 145 | I5: 614 | J5: 647 | K5: 1884 | L5: 2476 | M5: 2274 | N5: 2090 | O5: 2130 | P5: 2302 | Q5: 2448 | R5: 2721 | S5: 3147 | T5: 3864 | U5: 4643 | V5: 4978 | W5: 4778 | X5: 3710 | Y5: 4186 | Z5: 117
A6: 1998 | B6: V | C6: 59449 | D6: 6144 | E6: 765 | F6: 305 | G6: 199 | H6: 164 | I6: 575 | J6: 638 | K6: 1875 | L6: 2721 | M6: 2380 | N6: 2253 | O6: 2270 | P6: 2533 | Q6: 2792 | R6: 2932 | S6: 3435 | T6: 4075 | U6: 4839 | V6: 5168 | W6: 4741 | X6: 3900 | Y6: 4557 | Z6: 188
A7: 1999 | B7: V | C7: 61503 | D7: 5835 | E7: 641 | F7: 298 | G7: 183 | H7: 156 | I7: 626 | J7: 616 | K7: 2162 | L7: 3141 | M7: 2830 | N7: 2502 | O7: 2399 | P7: 2572 | Q7: 2941 | R7: 3077 | S7: 3415 | T7: 4270 | U7: 4976 | V7: 5171 | W7: 4947 | X7: 4107 | Y7: 4532 | Z7: 106
A8: 2000 | B8: V | C8: 64101 | D8: 5622 | E8: 639 | F8: 273 | G8: 174 | H8: 138 | I8: 588 | J8: 603 | K8: 2643 | L8: 4041 | M8: 3300 | N8: 2865 | O8: 2626 | P8: 2806 | Q8: 3047 | R8: 3301 | S8: 3432 | T8: 4090 | U8: 4735 | V8: 5542 | W8: 4863 | X8: 4120 | Y8: 4555 | Z8: 98
A9: 2001 | B9: V | C9: 66616 | D9: 5375 | E9: 662 | F9: 298 | G9: 185 | H9: 138 | I9: 536 | J9: 635 | K9: 2699 | L9: 4132 | M9: 3438 | N9: 2829 | O9: 2794 | P9: 2911 | Q9: 3371 | R9: 3624 | S9: 3652 | T9: 4280 | U9: 4962 | V9: 5649 | W9: 5092 | X9: 4340 | Y9: 4938 | Z9: 76
A10: 2002 | B10: V | C10: 65573 | D10: 4976 | E10: 599 | F10: 251 | G10: 143 | H10: 139 | I10: 509 | J10: 682 | K10: 3007 | L10: 4658 | M10: 3573 | N10: 2802 | O10: 2526 | P10: 2786 | Q10: 3222 | R10: 3651 | S10: 3761 | T10: 4062 | U10: 4725 | V10: 5389 | W10: 5047 | X10: 4149 | Y10: 4833 | Z10: 83
A11: 2003 | B11: V | C11: 73826 | D11: 5848 | E11: 825 | F11: 308 | G11: 179 | H11: 121 | I11: 543 | J11: 693 | K11: 3402 | L11: 5314 | M11: 4242 | N11: 3242 | O11: 2983 | P11: 3038 | Q11: 3400 | R11: 3804 | S11: 4070 | T11: 4574 | U11: 5273 | V11: 5827 | W11: 5741 | X11: 4801 | Y11: 5564 | Z11: 34
A12: 2004 | B12: V | C12: 70835 | D12: 5317 | E12: 553 | F12: 267 | G12: 163 | H12: 125 | I12: 572 | J12: 641 | K12: 3036 | L12: 4648 | M12: 3908 | N12: 3112 | O12: 2785 | P12: 2888 | Q12: 3356 | R12: 3906 | S12: 4173 | T12: 4511 | U12: 5062 | V12: 5603 | W12: 5835 | X12: 4751 | Y12: 5552 | Z12: 71
A13: 2005 | B13: V | C13: 71155 | D13: 5204 | E13: 476 | F13: 208 | G13: 123 | H13: 126 | I13: 495 | J13: 632 | K13: 2927 | L13: 4391 | M13: 3859 | N13: 3018 | O13: 2705 | P13: 3020 | Q13: 3424 | R13: 4027 | S13: 4356 | T13: 4646 | U13: 5140 | V13: 5557 | W13: 6016 | X13: 4881 | Y13: 5832 | Z13: 92
A14: 2006 | B14: V | C14: 74378 | D14: 4801 | E14: 430 | F14: 231 | G14: 136 | H14: 114 | I14: 491 | J14: 655 | K14: 3255 | L14: 5060 | M14: 4458 | N14: 3237 | O14: 2857 | P14: 3144 | Q14: 3648 | R14: 4239 | S14: 4730 | T14: 4683 | U14: 5259 | V14: 5832 | W14: 6091 | X14: 5041 | Y14: 5957 | Z14: 29
... A19: 2011 | B19: V | C19: 86504 | D19: 5033 | E19: 310 | F19: 192 | G19: 138 | H19: 95 | I19: 401 | J19: 596 | K19: 3845 | L19: 5635 | M19: 4683 | N19: 3726 | O19: 3216 | P19: 3109 | Q19: 3747 | R19: 4804 | S19: 5861 | T19: 6450 | U19: 6414 | V19: 6767 | W19: 6805 | X19: 6649 | Y19: 7960 | Z19: 68
A22: Año | B22: C | C22: 0 a 4 | D22: =+I2 -> 5 a 9 | E22: =+J2 -> 10 a 14 | F22: =+K2 -> 15 a 19 | G22: =+L2 -> 20 a 24 | H22: =+M2 -> 25 a 29 | I22: =+N2 -> 30 a 34 | J22: =+O2 -> 35 a 39 | K22: =+P2 -> 40 a 44 | ... U22: =+Z2 -> O | V22: Total
A23: 1995 | B23: V | C23: =+SUM(D3:H3) -> 8367 | D23: =+I3 -> 570 | E23: =+J3 -> 670 | F23: =+K3 -> 2137 | G23: =+L3 -> 2788 | H23: =+M3 -> 2426 | I23: =+N3 -> 2300 | J23: =+O3 -> 2193 | K23: =+P3 -> 2226 | ... U23: =+Z3 -> 193 | V23: =SUM(C23:U23) -> 57140
A24: 1996 | B24: V | C24: =+SUM(D4:H4) -> 8416 | D24: =+I4 -> 632 | E24: =+J4 -> 654 | F24: =+K4 -> 2130 | G24: =+L4 -> 2666 | H24: =+M4 -> 2466 | I24: =+N4 -> 2170 | J24: =+O4 -> 2125 | K24: =+P4 -> 2242 | ... U24: =+Z4 -> 45 | V24: =SUM(C24:U24) -> 58207
A25: 1997 | B25: V | C25: =+SUM(D5:H5) -> 7589 | D25: =+I5 -> 614 | E25: =+J5 -> 647 | F25: =+K5 -> 1884 | G25: =+L5 -> 2476 | H25: =+M5 -> 2274 | I25: =+N5 -> 2090 | J25: =+O5 -> 2130 | K25: =+P5 -> 2302 | ... U25: =+Z5 -> 117 | V25: =SUM(C25:U25) -> 56598
A26: 1998 | B26: V | C26: =+SUM(D6:H6) -> 7577 | D26: =+I6 -> 575 | E26: =+J6 -> 638 | F26: =+K6 -> 1875 | G26: =+L6 -> 2721 | H26: =+M6 -> 2380 | I26: =+N6 -> 2253 | J26: =+O6 -> 2270 | K26: =+P6 -> 2533 | ... U26: =+Z6 -> 188 | V26: =SUM(C26:U26) -> 59449
A27: 1999 | B27: V | C27: =+SUM(D7:H7) -> 7113 | D27: =+I7 -> 626 | E27: =+J7 -> 616 | F27: =+K7 -> 2162 | G27: =+L7 -> 3141 | H27: =+M7 -> 2830 | I27: =+N7 -> 2502 | J27: =+O7 -> 2399 | K27: =+P7 -> 2572 | ... U27: =+Z7 -> 106 | V27: =SUM(C27:U27) -> 61503
A28: 2000 | B28: V | C28: =+SUM(D8:H8) -> 6846 | D28: =+I8 -> 588 | E28: =+J8 -> 603 | F28: =+K8 -> 2643 | G28: =+L8 -> 4041 | H28: =+M8 -> 3300 | I28: =+N8 -> 2865 | J28: =+O8 -> 2626 | K28: =+P8 -> 2806 | ... U28: =+Z8 -> 98 | V28: =SUM(C28:U28) -> 64101
A29: 2001 | B29: V | C29: =+SUM(D9:H9) -> 6658 | D29: =+I9 -> 536 | E29: =+J9 -> 635 | F29: =+K9 -> 2699 | G29: =+L9 -> 4132 | H29: =+M9 -> 3438 | I29: =+N9 -> 2829 | J29: =+O9 -> 2794 | K29: =+P9 -> 2911 | ... U29: =+Z9 -> 76 | V29: =SUM(C29:U29) -> 66616
A30: 2002 | B30: V | C30: =+SUM(D10:H10) -> 6108 | D30: =+I10 -> 509 | E30: =+J10 -> 682 | F30: =+K10 -> 3007 | G30: =+L10 -> 4658 | H30: =+M10 -> 3573 | I30: =+N10 -> 2802 | J30: =+O10 -> 2526 | K30: =+P10 -> 2786 | ... U30: =+Z10 -> 83 | V30: =SUM(C30:U30) -> 65573
A31: 2003 | B31: V | C31: =+SUM(D11:H11) -> 7281 | D31: =+I11 -> 543 | E31: =+J11 -> 693 | F31: =+K11 -> 3402 | G31: =+L11 -> 5314 | H31: =+M11 -> 4242 | I31: =+N11 -> 3242 | J31: =+O11 -> 2983 | K31: =+P11 -> 3038 | ... U31: =+Z11 -> 34 | V31: =SUM(C31:U31) -> 73826
A32: 2004 | B32: V | C32: =+SUM(D12:H12) -> 6425 | D32: =+I12 -> 572 | E32: =+J12 -> 641 | F32: =+K12 -> 3036 | G32: =+L12 -> 4648 | H32: =+M12 -> 3908 | I32: =+N12 -> 3112 | J32: =+O12 -> 2785 | K32: =+P12 -> 2888 | ... U32: =+Z12 -> 71 | V32: =SUM(C32:U32) -> 70835
A33: 2005 | B33: V | C33: =+SUM(D13:H13) -> 6137 | D33: =+I13 -> 495 | E33: =+J13 -> 632 | F33: =+K13 -> 2927 | G33: =+L13 -> 4391 | H33: =+M13 -> 3859 | I33: =+N13 -> 3018 | J33: =+O13 -> 2705 | K33: =+P13 -> 3020 | ... U33: =+Z13 -> 92 | V33: =SUM(C33:U33) -> 71155
A34: 2006 | B34: V | C34: =+SUM(D14:H14) -> 5712 | D34: =+I14 -> 491 | E34: =+J14 -> 655 | F34: =+K14 -> 3255 | G34: =+L14 -> 5060 | H34: =+M14 -> 4458 | I34: =+N14 -> 3237 | J34: =+O14 -> 2857 | K34: =+P14 -> 3144 | ... U34: =+Z14 -> 29 | V34: =SUM(C34:U34) -> 74378
... A39: 2011 | B39: V | C39: =+SUM(D19:H19) -> 5768 | D39: =+I19 -> 401 | E39: =+J19 -> 596 | F39: =+K19 -> 3845 | G39: =+L19 -> 5635 | H39: =+M19 -> 4683 | I39: =+N19 -> 3726 | J39: =+O19 -> 3216 | K39: =+P19 -> 3109 | ... U39: =+Z19 -> 68 | V39: =SUM(C39:U39) -> 86504
C41: Año | D41: 1995 | E41: 1996 | F41: 1997 | G41: 1998 | H41: 1999 | I41: 2000 | J41: 2001 | K41: 2002 | L41: 2003 | M41: 2004 | N41: 2005 | O41: 2006 | P41: 2007 | Q41: 2008 | R41: 2009 | S41: 2010 | T41: 2011
C42: -1 | D42: 7061 | E42: 6830 | F42: 6324 | G42: 6144 | H42: 5835 | I42: 5622 | J42: 5375 | K42: 4976 | L42: 5848 | M42: 5317 | N42: 5204 | O42: 4801 | P42: 4847 | Q42: 4781 | R42: 4888 | S42: 5102 | T42: 5033
C43: 1 | D43: 700 | E43: 829 | F43: 640 | G43: 765 | H43: 641 | I43: 639 | J43: 662 | K43: 599 | L43: 825 | M43: 553 | N43: 476 | O43: 430 | P43: 436 | Q43: 369 | R43: 346 | S43: 350 | T43: 310
C44: 2 | D44: 276 | E44: 359 | F44: 293 | G44: 305 | H44: 298 | I44: 273 | J44: 298 | K44: 251 | L44: 308 | M44: 267 | N44: 208 | O44: 231 | P44: 206 | Q44: 180 | R44: 184 | S44: 227 | T44: 192
C45: 3 | D45: 190 | E45: 220 | F45: 187 | G45: 199 | H45: 183 | I45: 174 | J45: 185 | K45: 143 | L45: 179 | M45: 163 | N45: 123 | O45: 136 | P45: 137 | Q45: 149 | R45: 133 | S45: 145 | T45: 138
C46: 4 | D46: 140 | E46: 178 | F46: 145 | G46: 164 | H46: 156 | I46: 138 | J46: 138 | K46: 139 | L46: 121 | M46: 125 | N46: 126 | O46: 114 | P46: 123 | Q46: 88 | R46: 125 | S46: 111 | T46: 95

Sheet Mortalidad F
A1: Fuente: Portal_MPPS http://www.mpps.gob.ve/index.php?option=com_phocadownload&view=category&id=11:anuarios-de-mortalidad
A2: Año | B2: C | C2: Total | D2: -1 | E2: 1 | F2: 2 | G2: 3 | H2: 4 | I2: 5 a 9 | J2: 10 a 14 | K2: 15 a 19 | L2: 20 a 24 | M2: 25 a 29 | N2: 30 a 34 | O2: 35 a 39 | P2: 40 a 44 | Q2: 45 a 49 | R2: 50 a 54 | S2: 55 a 59 | T2: 60 a 64 | U2: 65 a 69 | V2: 70 a 74 | W2: 75 a 79 | X2: 80 a 84 | Y2: 85 y + | Z2: O
A3: 1995 | B3: H | C3: 40996 | D3: 5291 | E3: 637 | F3: 249 | G3: 157 | H3: 98 | I3: 419 | J3: 416 | K3: 647 | L3: 671 | M3: 708 | N3: 836 | O3: 1035 | P3: 1288 | Q3: 1476 | R3: 1564 | S3: 2120 | T3: 2581 | U3: 3306 | V3: 3673 | W3: 3813 | X3: 4085 | Y3: 5856 | Z3: 70
A4: 1996 | B4: H | C4: 41838 | D4: 5083 | E4: 740 | F4: 279 | G4: 162 | H4: 129 | I4: 426 | J4: 414 | K4: 674 | L4: 676 | M4: 767 | N4: 919 | O4: 1098 | P4: 1295 | Q4: 1484 | R4: 1701 | S4: 2110 | T4: 2593 | U4: 3399 | V4: 3620 | W4: 4131 | X4: 4144 | Y4: 5962 | Z4: 32
A5: 1997 | B5: H | C5: 41413 | D5: 4745 | E5: 582 | F5: 256 | G5: 158 | H5: 130 | I5: 399 | J5: 405 | K5: 619 | L5: 694 | M5: 748 | N5: 853 | O5: 1147 | P5: 1432 | Q5: 1550 | R5: 1719 | S5: 2046 | T5: 2679 | U5: 3319 | V5: 3719 | W5: 3974 | X5: 4035 | Y5: 6170 | Z5: 34
A6: 1998 | B6: H | C6: 41514 | D6: 4577 | E6: 608 | F6: 255 | G6: 162 | H6: 108 | I6: 406 | J6: 407 | K6: 591 | L6: 667 | M6: 750 | N6: 816 | O6: 1103 | P6: 1312 | Q6: 1649 | R6: 1770 | S6: 2070 | T6: 2611 | U6: 3475 | V6: 3898 | W6: 4171 | X6: 3974 | Y6: 6078 | Z6: 56
A7: 1999 | B7: H | C7: 43122 | D7: 4273 | E7: 564 | F7: 229 | G7: 163 | H7: 119 | I7: 416 | J7: 387 | K7: 642 | L7: 734 | M7: 745 | N7: 863 | O7: 1086 | P7: 1386 | Q7: 1727 | R7: 1853 | S7: 2187 | T7: 2785 | U7: 3451 | V7: 4116 | W7: 4401 | X7: 4351 | Y7: 6617 | Z7: 27
A8: 2000 | B8: H | C8: 41847 | D8: 4027 | E8: 568 | F8: 220 | G8: 144 | H8: 102 | I8: 398 | J8: 363 | K8: 655 | L8: 701 | M8: 742 | N8: 864 | O8: 1083 | P8: 1374 | Q8: 1687 | R8: 1948 | S8: 2043 | T8: 2793 | U8: 3317 | V8: 4041 | W8: 4205 | X8: 4260 | Y8: 6293 | Z8: 19
A9: 2001 | B9: H | C9: 44056 | D9: 3978 | E9: 581 | F9: 235 | G9: 127 | H9: 112 | I9: 438 | J9: 422 | K9: 651 | L9: 728 | M9: 796 | N9: 898 | O9: 1103 | P9: 1467 | Q9: 1779 | R9: 2029 | S9: 2104 | T9: 2796 | U9: 3391 | V9: 4308 | W9: 4531 | X9: 4535 | Y9: 7044 | Z9: 3
A10: 2002 | B10: H | C10: 44720 | D10: 3973 | E10: 545 | F10: 187 | G10: 139 | H10: 111 | I10: 368 | J10: 422 | K10: 762 | L10: 921 | M10: 950 | N10: 974 | O10: 1180 | P10: 1519 | Q10: 1921 | R10: 2200 | S10: 2351 | T10: 2738 | U10: 3546 | V10: 4135 | W10: 4575 | X10: 4301 | Y10: 6890 | Z10: 12
A11: 2003 | B11: H | C11: 48038 | D11: 4428 | E11: 714 | F11: 282 | G11: 176 | H11: 108 | I11: 378 | J11: 423 | K11: 702 | L11: 876 | M11: 896 | N11: 957 | O11: 1144 | P11: 1492 | Q11: 1877 | R11: 2345 | S11: 2474 | T11: 2828 | U11: 3662 | V11: 4429 | W11: 4997 | X11: 4832 | Y11: 8014 | Z11: 4
A12: 2004 | B12: H | C12: 46392 | D12: 3955 | E12: 501 | F12: 208 | G12: 144 | H12: 124 | I12: 370 | J12: 425 | K12: 712 | L12: 821 | M12: 846 | N12: 899 | O12: 1077 | P12: 1427 | Q12: 1875 | R12: 2259 | S12: 2473 | T12: 2719 | U12: 3548 | V12: 4311 | W12: 4980 | X12: 4884 | Y12: 7824 | Z12: 10
A13: 2005 | B13: H | C13: 46676 | D13: 3889 | E13: 402 | F13: 171 | G13: 107 | H13: 82 | I13: 339 | J13: 347 | K13: 645 | L13: 814 | M13: 835 | N13: 872 | O13: 1109 | P13: 1420 | Q13: 1851 | R13: 2358 | S13: 2676 | T13: 2881 | U13: 3567 | V13: 4182 | W13: 5117 | X13: 4897 | Y13: 8102 | Z13: 13
A14: 2006 | B14: H | C14: 47208 | D14: 3570 | E14: 391 | F14: 148 | G14: 101 | H14: 99 | I14: 351 | J14: 413 | K14: 710 | L14: 760 | M14: 900 | N14: 952 | O14: 1084 | P14: 1504 | Q14: 1965 | R14: 2459 | S14: 2697 | T14: 2935 | U14: 3522 | V14: 4198 | W14: 4963 | X14: 5114 | Y14: 8365 | Z14: 7
... A19: 2011 | B19: H | C19: 56516 | D19: 3867 | E19: 297 | F19: 164 | G19: 106 | H19: 93 | I19: 286 | J19: 373 | K19: 681 | L19: 790 | M19: 944 | N19: 1141 | O19: 1266 | P19: 1596 | Q19: 2024 | R19: 2808 | S19: 3354 | T19: 3955 | U19: 4067 | V19: 4840 | W19: 5797 | X19: 6685 | Y19: 11376 | Z19: 6
A22: Año | B22: C | C22: 0 a 4 | D22: =+I2 -> 5 a 9 | E22: =+J2 -> 10 a 14 | F22: =+K2 -> 15 a 19 | G22: =+L2 -> 20 a 24 | H22: =+M2 -> 25 a 29 | I22: =+N2 -> 30 a 34 | J22: =+O2 -> 35 a 39 | K22: =+P2 -> 40 a 44 | ... U22: =+Z2 -> O | V22: Total
A23: 1995 | B23: H | C23: =+SUM(D3:H3) -> 6432 | D23: =+I3 -> 419 | E23: =+J3 -> 416 | F23: =+K3 -> 647 | G23: =+L3 -> 671 | H23: =+M3 -> 708 | I23: =+N3 -> 836 | J23: =+O3 -> 1035 | K23: =+P3 -> 1288 | ... U23: =+Z3 -> 70 | V23: 143020
A24: 1996 | B24: H | C24: =+SUM(D4:H4) -> 6393 | D24: =+I4 -> 426 | E24: =+J4 -> 414 | F24: =+K4 -> 674 | G24: =+L4 -> 676 | H24: =+M4 -> 767 | I24: =+N4 -> 919 | J24: =+O4 -> 1098 | K24: =+P4 -> 1295 | ... U24: =+Z4 -> 32 | V24: 138504
A25: 1997 | B25: H | C25: =+SUM(D5:H5) -> 5871 | D25: =+I5 -> 399 | E25: =+J5 -> 405 | F25: =+K5 -> 619 | G25: =+L5 -> 694 | H25: =+M5 -> 748 | I25: =+N5 -> 853 | J25: =+O5 -> 1147 | K25: =+P5 -> 1432 | ... U25: =+Z5 -> 34 | V25: 134731
A26: 1998 | B26: H | C26: =+SUM(D6:H6) -> 5710 | D26: =+I6 -> 406 | E26: =+J6 -> 407 | F26: =+K6 -> 591 | G26: =+L6 -> 667 | H26: =+M6 -> 750 | I26: =+N6 -> 816 | J26: =+O6 -> 1103 | K26: =+P6 -> 1312 | ... U26: =+Z6 -> 56 | V26: 133651
A27: 1999 | B27: H | C27: =+SUM(D7:H7) -> 5348 | D27: =+I7 -> 416 | E27: =+J7 -> 387 | F27: =+K7 -> 642 | G27: =+L7 -> 734 | H27: =+M7 -> 745 | I27: =+N7 -> 863 | J27: =+O7 -> 1086 | K27: =+P7 -> 1386 | ... U27: =+Z7 -> 27 | V27: 127463
A28: 2000 | B28: H | C28: =+SUM(D8:H8) -> 5061 | D28: =+I8 -> 398 | E28: =+J8 -> 363 | F28: =+K8 -> 655 | G28: =+L8 -> 701 | H28: =+M8 -> 742 | I28: =+N8 -> 864 | J28: =+O8 -> 1083 | K28: =+P8 -> 1374 | ... U28: =+Z8 -> 19 | V28: 121586
A29: 2001 | B29: H | C29: =+SUM(D9:H9) -> 5033 | D29: =+I9 -> 438 | E29: =+J9 -> 422 | F29: =+K9 -> 651 | G29: =+L9 -> 728 | H29: =+M9 -> 796 | I29: =+N9 -> 898 | J29: =+O9 -> 1103 | K29: =+P9 -> 1467 | ... U29: =+Z9 -> 3 | V29: 117831
A30: 2002 | B30: H | C30: =+SUM(D10:H10) -> 4955 | D30: =+I10 -> 368 | E30: =+J10 -> 422 | F30: =+K10 -> 762 | G30: =+L10 -> 921 | H30: =+M10 -> 950 | I30: =+N10 -> 974 | J30: =+O10 -> 1180 | K30: =+P10 -> 1519 | ... U30: =+Z10 -> 12 | V30: 117227
A31: 2003 | B31: H | C31: =+SUM(D11:H11) -> 5708 | D31: =+I11 -> 378 | E31: =+J11 -> 423 | F31: =+K11 -> 702 | G31: =+L11 -> 876 | H31: =+M11 -> 896 | I31: =+N11 -> 957 | J31: =+O11 -> 1144 | K31: =+P11 -> 1492 | ... U31: =+Z11 -> 4 | V31: 121864
A32: 2004 | B32: H | C32: =+SUM(D12:H12) -> 4932 | D32: =+I12 -> 370 | E32: =+J12 -> 425 | F32: =+K12 -> 712 | G32: =+L12 -> 821 | H32: =+M12 -> 846 | I32: =+N12 -> 899 | J32: =+O12 -> 1077 | K32: =+P12 -> 1427 | ... U32: =+Z12 -> 10 | V32: 110293
A33: 2005 | B33: H | C33: =+SUM(D13:H13) -> 4651 | D33: =+I13 -> 339 | E33: =+J13 -> 347 | F33: =+K13 -> 645 | G33: =+L13 -> 814 | H33: =+M13 -> 835 | I33: =+N13 -> 872 | J33: =+O13 -> 1109 | K33: =+P13 -> 1420 | ... U33: =+Z13 -> 13 | V33: 110672
A34: 2006 | B34: H | C34: =+SUM(D14:H14) -> 4309 | D34: =+I14 -> 351 | E34: =+J14 -> 413 | F34: =+K14 -> 710 | G34: =+L14 -> 760 | H34: =+M14 -> 900 | I34: =+N14 -> 952 | J34: =+O14 -> 1084 | K34: =+P14 -> 1504 | ... U34: =+Z14 -> 7 | V34: 105948
... A39: 2011 | B39: H | C39: =+SUM(D19:H19) -> 4527 | D39: =+I19 -> 286 | E39: =+J19 -> 373 | F39: =+K19 -> 681 | G39: =+L19 -> 790 | H39: =+M19 -> 944 | I39: =+N19 -> 1141 | J39: =+O19 -> 1266 | K39: =+P19 -> 1596 | ... U39: =+Z19 -> 6 | V39: 98136
C41: Año | D41: 1995 | E41: 1996 | F41: 1997 | G41: 1998 | H41: 1999 | I41: 2000 | J41: 2001 | K41: 2002 | L41: 2003 | M41: 2004 | N41: 2005 | O41: 2006 | P41: 2007 | Q41: 2008 | R41: 2009 | S41: 2010 | T41: 2011
C42: -1 | D42: 5291 | E42: 5083 | F42: 4745 | G42: 4577 | H42: 4273 | I42: 4027 | J42: 3978 | K42: 3973 | L42: 4428 | M42: 3955 | N42: 3889 | O42: 3570 | P42: 3476 | Q42: 3526 | R42: 3689 | S42: 3863 | T42: 3867
C43: 1 | D43: 637 | E43: 740 | F43: 582 | G43: 608 | H43: 564 | I43: 568 | J43: 581 | K43: 545 | L43: 714 | M43: 501 | N43: 402 | O43: 391 | P43: 364 | Q43: 293 | R43: 308 | S43: 290 | T43: 297
C44: 2 | D44: 249 | E44: 279 | F44: 256 | G44: 255 | H44: 229 | I44: 220 | J44: 235 | K44: 187 | L44: 282 | M44: 208 | N44: 171 | O44: 148 | P44: 165 | Q44: 149 | R44: 176 | S44: 138 | T44: 164
C45: 3 | D45: 157 | E45: 162 | F45: 158 | G45: 162 | H45: 163 | I45: 144 | J45: 127 | K45: 139 | L45: 176 | M45: 144 | N45: 107 | O45: 101 | P45: 115 | Q45: 105 | R45: 113 | S45: 88 | T45: 106
C46: 4 | D46: 98 | E46: 129 | F46: 130 | G46: 108 | H46: 119 | I46: 102 | J46: 112 | K46: 111 | L46: 108 | M46: 124 | N46: 82 | O46: 99 | P46: 80 | Q46: 80 | R46: 79 | S46: 104 | T46: 93

Sheet Población M
B1: Fuente: Instituto Nacional de Estadística, (INE)
B2: Año | C2: Total | D2: Grupo de edad | E2: Hombres | F2: Mujeres | H2: Suma de Hombres | I2: Rótulos de columna
B3: 2011 | C3: 27227930 | D3: Total | E3: 13549752 | F3: 13678178 | H3: Rótulos de fila | I3: 00 - 04 | J3: 05 - 09 | K3: 10 - 14 | L3: 15 - 19 | M3: 20 - 24 | N3: 25 - 29 | O3: 30 - 34 | P3: 35 - 39 | Q3: 40 - 44 | R3: 45 - 49 | S3: 50 - 54 | T3: 55 - 59 | U3: 60 - 64 | V3: 65 - 69 | W3: 70 - 74 | X3: 75 - 79 | Y3: 80 - 84 | Z3: 85 - 89 | AA3: 85 y más | AB3: 90 - 94 | AC3: 90 y más | AD3: 95 y más | AE3: Total | AF3: Total general
B4: 2011 | C4: 2437631 | D4: 00 - 04 | E4: 1254208 | F4: 1183423 | H4: 1926 | I4: 192264 | J4: 172610 | K4: 168508 | L4: 148420 | M4: 130616 | N4: 119159 | O4: 102748 | P4: 80202 | Q4: 71605 | R4: 54991 | S4: 47993 | T4: 23661 | U4: 21794 | V4: 11530 | W4: 8712 | X4: 5228 | Y4: 3869 | AA4: 50680 | AE4: 1414590 | AF4: 2829180 | AG4: =+SUM(Z4:AD4) -> 50680 | AH4: =+Y4 -> 3869
B5: 2011 | C5: 2402364 | D5: 05 - 09 | E5: 1236217 | F5: 1166147 | H5: 1936 | I5: 240120 | J5: 241375 | K5: 214908 | L5: 164434 | M5: 158839 | N5: 135653 | O5: 104115 | P5: 98195 | Q5: 80264 | R5: 65393 | S5: 52251 | T5: 32890 | U5: 28734 | V5: 13591 | W5: 9200 | X5: 4498 | Y5: 3407 | AA5: 4263 | AE5: 1652130 | AF5: 3304260 | AG5: =+SUM(Z5:AD5) -> 4263 | AH5: =+Y5 -> 3407 | AI5: =+AG5/(AG5+AH5) -> 0.55580183
B6: 2011 | C6: 2516779 | D6: 10 - 14 | E6: 1298191 | F6: 1218588 | H6: 1941 | I6: 292473 | J6: 266753 | K6: 246333 | L6: 190892 | M6: 182714 | N6: 154307 | O6: 124440 | P6: 106042 | Q6: 93873 | R6: 79815 | S6: 57600 | T6: 38303 | U6: 31757 | V6: 16089 | W6: 10478 | X6: 5521 | Y6: 4079 | AA6: 7076 | AE6: 1908545 | AF6: 3817090 | AG6: =+SUM(Z6:AD6) -> 7076 | AH6: =+Y6 -> 4079 | AI6: =+AG6/(AG6+AH6) -> 0.63433438
B7: 2011 | C7: 2641320 | D7: 15 - 19 | E7: 1336159 | F7: 1305161 | H7: 1950 | I7: 432681 | J7: 352758 | K7: 298518 | L7: 244191 | M7: 236133 | N7: 202418 | O7: 170176 | P7: 156330 | Q7: 124964 | R7: 97832 | S7: 82619 | T7: 52359 | U7: 41518 | V7: 22025 | W7: 15491 | X7: 7802 | Y7: 5873 | AA7: 4125 | AC7: 4678 | AE7: 2552491 | AF7: 5104982 | AG7: =+SUM(Z7:AD7) -> 8803 | AH7: =+Y7 -> 5873 | AI7: =+AG7/(AG7+AH7) -> 0.59982284
B8: 2011 | C8: 2560649 | D8: 20 - 24 | E8: 1280125 | F8: 1280524 | H8: 1961 | I8: 698316 | J8: 591273 | K8: 458372 | L8: 340465 | M8: 311678 | N8: 283008 | O8: 264861 | P8: 210638 | Q8: 174323 | R8: 146041 | S8: 112531 | T8: 84211 | U8: 62356 | V8: 36152 | W8: 21657 | X8: 12601 | Y8: 7431 | AA8: 5808 | AE8: 3821722 | AF8: 7643444 | AG8: =+SUM(Z8:AD8) -> 5808 | AH8: =+Y8 -> 7431 | AI8: =+AG8/(AG8+AH8) -> 0.43870383
B9: 2011 | C9: 2344332 | D9: 25 - 29 | E9: 1159400 | F9: 1184932 | H9: 1971 | I9: 878007 | J9: 851071 | K9: 728788 | L9: 601038 | M9: 464191 | N9: 336538 | O9: 290210 | P9: 269941 | Q9: 242951 | R9: 191292 | S9: 153806 | T9: 115284 | U9: 93197 | V9: 57256 | W9: 40723 | X9: 19900 | Y9: 12470 | AA9: 10494 | AE9: 5357157 | AF9: 10714314 | AG9: =+SUM(Z9:AD9) -> 10494 | AH9: =+Y9 -> 12470 | AI9: =+AG9/(AG9+AH9) -> 0.45697614
B10: 2011 | C10: 2219741 | D10: 30 - 34 | E10: 1105617 | F10: 1114124 | H10: 1981 | I10: 1066796 | J10: 966393 | K10: 903908 | L10: 822575 | M10: 716784 | N10: 610993 | O10: 492405 | P10: 363267 | Q10: 303292 | R10: 258065 | S10: 225406 | T10: 170190 | U10: 127759 | V10: 92020 | W10: 63663 | X10: 38076 | Y10: 38220 | AE10: 7259812 | AF10: 14519624 | AG10: =+SUM(Z10:AD10) -> 0 | AH10: =+Y10 -> 38220 | AJ10: =+AVERAGE(AI5:AI13) -> 0.49264189
B11: 2011 | C11: 1905253 | D11: 35 - 39 | E11: 942311 | F11: 962942 | H11: 1990 | I11: 1194896 | J11: 1146087 | K11: 1087702 | L11: 968497 | M11: 858225 | N11: 772081 | O11: 671020 | P11: 570519 | Q11: 437768 | R11: 318990 | S11: 268059 | T11: 213658 | U11: 182223 | V11: 122834 | W11: 88974 | X11: 57796 | Y11: 37974 | AA11: 22454 | AE11: 9019757 | AF11: 18039514 | AG11: =+SUM(Z11:AD11) -> 22454 | AH11: =+Y11 -> 37974 | AI11: =+AG11/(AG11+AH11) -> 0.37158271
B12: 2011 | C12: 1755490 | D12: 40 - 44 | E12: 873509 | F12: 881981 | H12: 2001 | I12: 1282639 | J12: 1367727 | K12: 1281342 | L12: 1164429 | M12: 1080653 | N12: 924446 | O12: 863034 | P12: 772881 | Q12: 695516 | R12: 564987 | S12: 452112 | T12: 297806 | U12: 240296 | V12: 178264 | W12: 140060 | X12: 93302 | Y12: 52605 | AA12: 43171 | AE12: 11495270 | AF12: 22990540 | AG12: =+SUM(Z12:AD12) -> 43171 | AH12: =+Y12 -> 52605 | AI12: =+AG12/(AG12+AH12) -> 0.45074967
B13: 2011 | C13: 1528781 | D13: 45 - 49 | E13: 747704 | F13: 781077 | H13: 2011 | I13: 1254208 | J13: 1236217 | K13: 1298191 | L13: 1336159 | M13: 1280125 | N13: 1159400 | O13: 1105617 | P13: 942311 | Q13: 873509 | R13: 747704 | S13: 651255 | T13: 530935 | U13: 407656 | V13: 267691 | W13: 189285 | X13: 130126 | Y13: 78996 | Z13: 40560 | AB13: 14875 | AD13: 4932 | AE13: 13549752 | AF13: 27099504 | AG13: =+SUM(Z13:AD13) -> 60367 | AH13: =+Y13 -> 78996 | AI13: =+AG13/(AG13+AH13) -> 0.43316375
B14: 2011 | C14: 1337934 | D14: 50 - 54 | E14: 651255 | F14: 686679 | H14: Total general | I14: 7532400 | J14: 7192264 | K14: 6686570 | L14: 5981100 | M14: 5419958 | N14: 4698003 | O14: 4188626 | P14: 3570326 | Q14: 3098065 | R14: 2525110 | S14: 2103632 | T14: 1559297 | U14: 1237290 | V14: 817452 | W14: 588243 | X14: 374850 | Y14: 244924 | Z14: 40560 | AA14: 148071 | AB14: 14875 | AC14: 4678 | AD14: 4932 | AE14: 58031226 | AF14: 116062452
B15: 2011 | C15: 1108799 | D15: 55 - 59 | E15: 530935 | F15: 577864 | K15: =-515.2255 -> -515.2255 | W15: -1585.7186
B16: 2011 | C16: 848358 | D16: 60 - 64 | E16: 407656 | F16: 440702 | K16: 2064241.8 | W16: 6348752.1
B17: 2011 | C17: 568688 | D17: 65 - 69 | E17: 267691 | F17: 300997 | K17: -2.0663016e+09 | W17: -6.3532663e+09
B18: 2011 | C18: 410455 | D18: 70 - 74 | E18: 189285 | F18: 221170 | H18: Rótulos de fila | I18: 00 - 04 | K18: Inter | T18: Rótulos de fila | U18: 05 - 09 | W18: Inter
B19: 2011 | C19: 292992 | D19: 75 - 79 | E19: 130126 | F19: 162866 | H19: 1990 | I19: 1194896 | J19: 1995 | K19: =+J19^2*$K$15+J19*$K$16+$K$17 -> 1250399.6 | T19: 1990 | U19: 1146087 | V19: 1995 | W19: =+V19^2*$W$15+V19*$W$16+$W$17 -> 1294462.7
B20: 2011 | C20: 188895 | D20: 80 - 84 | E20: 78996 | F20: 109899 | H20: 2001 | I20: 1282639 | J20: 1996 | K20: =+J20^2*$K$15+J20*$K$16+$K$17 -> 1258376.4 | T20: 2001 | U20: 1367727 | V20: 1996 | W20: =+V20^2*$W$15+V20*$W$16+$W$17 -> 1314611.8
B21: 2011 | C21: 104141 | D21: 85 - 89 | E21: 40560 | F21: 63581 | H21: 2011 | I21: 1254208 | J21: 1997 | K21: =+J21^2*$K$15+J21*$K$16+$K$17 -> 1265322.8 | T21: 2011 | U21: 1236217 | V21: 1997 | W21: =+V21^2*$W$15+V21*$W$16+$W$17 -> 1331589.6
B22: 2011 | C22: 40370 | D22: 90 - 94 | E22: 14875 | F22: 25495 | J22: 1998 | K22: =+J22^2*$K$15+J22*$K$16+$K$17 -> 1271238.7 | V22: 1998 | W22: =+V22^2*$W$15+V22*$W$16+$W$17 -> 1345395.8
B23: 2011 | C23: 14958 | D23: 95 y más | E23: 4932 | F23: 10026 | J23: 1999 | K23: =+J23^2*$K$15+J23*$K$16+$K$17 -> 1276124.1 | V23: 1999 | W23: =+V23^2*$W$15+V23*$W$16+$W$17 -> 1356030.7
B24: 2001 | C24: 23232553 | D24: Total | E24: 11495270 | F24: 11737283 | J24: 2000 | K24: =+J24^2*$K$15+J24*$K$16+$K$17 -> 1279979.1 | V24: 2000 | W24: =+V24^2*$W$15+V24*$W$16+$W$17 -> 1363494.1
B25: 2001 | C25: 2501894 | D25: 00 - 04 | E25: 1282639 | F25: 1219255 | J25: 2001 | K25: =+J25^2*$K$15+J25*$K$16+$K$17 -> 1282803.7 | V25: 2001 | W25: =+V25^2*$W$15+V25*$W$16+$W$17 -> 1367786
B26: 2001 | C26: 2680308 | D26: 05 - 09 | E26: 1367727 | F26: 1312581 | J26: 2002 | K26: =+J26^2*$K$15+J26*$K$16+$K$17 -> 1284597.8 | V26: 2002 | W26: =+V26^2*$W$15+V26*$W$16+$W$17 -> 1368906.6
B27: 2001 | C27: 2535766 | D27: 10 - 14 | E27: 1281342 | F27: 1254424 | J27: 2003 | K27: =+J27^2*$K$15+J27*$K$16+$K$17 -> 1285361.4 | V27: 2003 | W27: =+V27^2*$W$15+V27*$W$16+$W$17 -> 1366855.6
B28: 2001 | C28: 2319853 | D28: 15 - 19 | E28: 1164429 | F28: 1155424 | J28: 2004 | K28: =+J28^2*$K$15+J28*$K$16+$K$17 -> 1285094.6 | V28: 2004 | W28: =+V28^2*$W$15+V28*$W$16+$W$17 -> 1361633.3
B29: 2001 | C29: 2185621 | D29: 20 - 24 | E29: 1080653 | F29: 1104968 | J29: 2005 | K29: =+J29^2*$K$15+J29*$K$16+$K$17 -> 1283797.3 | V29: 2005 | W29: =+V29^2*$W$15+V29*$W$16+$W$17 -> 1353239.5
B30: 2001 | C30: 1888838 | D30: 25 - 29 | E30: 924446 | F30: 964392 | J30: 2006 | K30: =+J30^2*$K$15+J30*$K$16+$K$17 -> 1281469.6 | V30: 2006 | W30: =+V30^2*$W$15+V30*$W$16+$W$17 -> 1341674.3
B31: 2001 | C31: 1762621 | D31: 30 - 34 | E31: 863034 | F31: 899587 | J31: 2007 | K31: =+J31^2*$K$15+J31*$K$16+$K$17 -> 1278111.5 | V31: 2007 | W31: =+V31^2*$W$15+V31*$W$16+$W$17 -> 1326937.6
B32: 2001 | C32: 1593742 | D32: 35 - 39 | E32: 772881 | F32: 820861 | J32: 2008 | K32: =+J32^2*$K$15+J32*$K$16+$K$17 -> 1273722.9 | V32: 2008 | W32: =+V32^2*$W$15+V32*$W$16+$W$17 -> 1309029.5
B33: 2001 | C33: 1428506 | D33: 40 - 44 | E33: 695516 | F33: 732990 | J33: 2009 | K33: =+J33^2*$K$15+J33*$K$16+$K$17 -> 1268303.8 | V33: 2009 | W33: =+V33^2*$W$15+V33*$W$16+$W$17 -> 1287950
... B35: 2001 | C35: 925449 | D35: 50 - 54 | E35: 452112 | F35: 473337 | J35: 2011 | K35: =+J35^2*$K$15+J35*$K$16+$K$17 -> 1254374.3 | V35: 2011 | W35: =+V35^2*$W$15+V35*$W$16+$W$17 -> 1236276.6
B36: 2001 | C36: 619029 | D36: 55 - 59 | E36: 297806 | F36: 321223
B37: 2001 | C37: 503568 | D37: 60 - 64 | E37: 240296 | F37: 263272 | K37: =-758.0351 -> -758.0351 | W37: =-13.0251 -> -13.0251
B38: 2001 | C38: 383306 | D38: 65 - 69 | E38: 178264 | F38: 205042 | K38: 3042921.6 | W38: 72203.934
B39: 2001 | C39: 304303 | D39: 70 - 74 | E39: 140060 | F39: 164243 | K39: -3.0524316e+09 | W39: -91246873
B40: 2001 | C40: 206737 | D40: 75 - 79 | E40: 93302 | F40: 113435 | H40: Rótulos de fila | I40: 10 - 14 | K40: Inter | T40: Rótulos de fila | U40: 20 - 24 | W40: Inter
B41: 2001 | C41: 124442 | D41: 80 - 84 | E41: 52605 | F41: 71837 | H41: 1990 | I41: 1087702 | J41: 1995 | K41: =+J41^2*$K$37+J41*$K$38+$K$39 -> 1198321.6 | T41: 1990 | U41: 858225 | V41: 1995 | W41: =+V41^2*$W$37+V41*$W$38+$W$39 -> 959752.13
B42: 2001 | C42: 108827 | D42: 85 y más | E42: 43171 | F42: 65656 | H42: 2001 | I42: 1281342 | J42: 1996 | K42: =+J42^2*$K$37+J42*$K$38+$K$39 -> 1215925.1 | T42: 2001 | U42: 1080653 | V42: 1996 | W42: =+V42^2*$W$37+V42*$W$38+$W$39 -> 979972.89
B43: 1990 | C43: 18105265 | D43: Total | E43: 9019757 | F43: 9085508 | H43: 2011 | I43: 1298191 | J43: 1997 | K43: =+J43^2*$K$37+J43*$K$38+$K$39 -> 1232012.6 | T43: 2011 | U43: 1280125 | V43: 1997 | W43: =+V43^2*$W$37+V43*$W$38+$W$39 -> 1000167.6
B44: 1990 | C44: 2343059 | D44: 00 - 04 | E44: 1194896 | F44: 1148163 | J44: 1998 | K44: =+J44^2*$K$37+J44*$K$38+$K$39 -> 1246583.9 | V44: 1998 | W44: =+V44^2*$W$37+V44*$W$38+$W$39 -> 1020336.3
B45: 1990 | C45: 2253798 | D45: 05 - 09 | E45: 1146087 | F45: 1107711 | J45: 1999 | K45: =+J45^2*$K$37+J45*$K$38+$K$39 -> 1259639.2 | V45: 1999 | W45: =+V45^2*$W$37+V45*$W$38+$W$39 -> 1040478.9
B46: 1990 | C46: 2146994 | D46: 10 - 14 | E46: 1087702 | F46: 1059292 | J46: 2000 | K46: =+J46^2*$K$37+J46*$K$38+$K$39 -> 1271178.4 | V46: 2000 | W46: =+V46^2*$W$37+V46*$W$38+$W$39 -> 1060595.4
B47: 1990 | C47: 1922514 | D47: 15 - 19 | E47: 968497 | F47: 954017 | J47: 2001 | K47: =+J47^2*$K$37+J47*$K$38+$K$39 -> 1281201.6 | V47: 2001 | W47: =+V47^2*$W$37+V47*$W$38+$W$39 -> 1080685.9
B48: 1990 | C48: 1725187 | D48: 20 - 24 | E48: 858225 | F48: 866962 | J48: 2002 | K48: =+J48^2*$K$37+J48*$K$38+$K$39 -> 1289708.6 | V48: 2002 | W48: =+V48^2*$W$37+V48*$W$38+$W$39 -> 1100750.4
B49: 1990 | C49: 1569542 | D49: 25 - 29 | E49: 772081 | F49: 797461 | J49: 2003 | K49: =+J49^2*$K$37+J49*$K$38+$K$39 -> 1296699.6 | V49: 2003 | W49: =+V49^2*$W$37+V49*$W$38+$W$39 -> 1120788.8
B50: 1990 | C50: 1366694 | D50: 30 - 34 | E50: 671020 | F50: 695674 | J50: 2004 | K50: =+J50^2*$K$37+J50*$K$38+$K$39 -> 1302174.6 | V50: 2004 | W50: =+V50^2*$W$37+V50*$W$38+$W$39 -> 1140801.2
B51: 1990 | C51: 1163580 | D51: 35 - 39 | E51: 570519 | F51: 593061 | J51: 2005 | K51: =+J51^2*$K$37+J51*$K$38+$K$39 -> 1306133.4 | V51: 2005 | W51: =+V51^2*$W$37+V51*$W$38+$W$39 -> 1160787.5
B52: 1990 | C52: 887884 | D52: 40 - 44 | E52: 437768 | F52: 450116 | J52: 2006 | K52: =+J52^2*$K$37+J52*$K$38+$K$39 -> 1308576.2 | V52: 2006 | W52: =+V52^2*$W$37+V52*$W$38+$W$39 -> 1180747.7
B53: 1990 | C53: 644217 | D53: 45 - 49 | E53: 318990 | F53: 325227 | J53: 2007 | K53: =+J53^2*$K$37+J53*$K$38+$K$39 -> 1309503 | V53: 2007 | W53: =+V53^2*$W$37+V53*$W$38+$W$39 -> 1200681.9
B54: 1990 | C54: 544860 | D54: 50 - 54 | E54: 268059 | F54: 276801 | J54: 2008 | K54: =+J54^2*$K$37+J54*$K$38+$K$39 -> 1308913.6 | V54: 2008 | W54: =+V54^2*$W$37+V54*$W$38+$W$39 -> 1220590.1
B55: 1990 | C55: 435339 | D55: 55 - 59 | E55: 213658 | F55: 221681 | J55: 2009 | K55: =+J55^2*$K$37+J55*$K$38+$K$39 -> 1306808.2 | V55: 2009 | W55: =+V55^2*$W$37+V55*$W$38+$W$39 -> 1240472.2
... B57: 1990 | C57: 258785 | D57: 65 - 69 | E57: 122834 | F57: 135951 | J57: 2011 | K57: =+J57^2*$K$37+J57*$K$38+$K$39 -> 1298049.2 | V57: 2011 | W57: =+V57^2*$W$37+V57*$W$38+$W$39 -> 1280158.3
B58: 1990 | C58: 191662 | D58: 70 - 74 | E58: 88974 | F58: 102688
B59: 1990 | C59: 130782 | D59: 75 - 79 | E59: 57796 | F59: 72986 | K59: =459.2398 -> 459.2398 | W59: 323.9277
B60: 1990 | C60: 87978 | D60: 80 - 84 | E60: 37974 | F60: 50004 | K60: -1818974.8 | W60: -1275339.7
B61: 1990 | C61: 56852 | D61: 85 y más | E61: 22454 | F61: 34398 | K61: 1.8018963e+09 | W61: 1.2558108e+09
B62: 1981 | C62: 14516735 | D62: Total | E62: 7259812 | F62: 7256923 | H62: Rótulos de fila | I62: 25 - 29 | K62: Inter | T62: Rótulos de fila | U62: 30 - 34 | W62: Inter
B63: 1981 | C63: 2098639 | D63: 00 - 04 | E63: 1066796 | F63: 1031843 | H63: 1990 | I63: 772081 | J63: 1995 | K63: =+J63^2*$K$59+J63*$K$60+$K$61 -> 827453.76 | T63: 1990 | U63: 671020 | V63: 1995 | W63: =+V63^2*$W$59+V63*$W$60+$W$61 -> 748558.82
B64: 1981 | C64: 1906047 | D64: 05 - 09 | E64: 966393 | F64: 939654 | H64: 2001 | I64: 924446 | J64: 1996 | K64: =+J64^2*$K$59+J64*$K$60+$K$61 -> 841305.02 | T64: 2001 | U64: 863034 | V64: 1996 | W64: =+V64^2*$W$59+V64*$W$60+$W$61 -> 766014.61
B65: 1981 | C65: 1792583 | D65: 10 - 14 | E65: 903908 | F65: 888675 | H65: 2011 | I65: 1159400 | J65: 1997 | K65: =+J65^2*$K$59+J65*$K$60+$K$61 -> 856074.76 | T65: 2011 | U65: 1105617 | V65: 1997 | W65: =+V65^2*$W$59+V65*$W$60+$W$61 -> 784118.26
B66: 1981 | C66: 1646343 | D66: 15 - 19 | E66: 822575 | F66: 823768 | J66: 1998 | K66: =+J66^2*$K$59+J66*$K$60+$K$61 -> 871762.97 | V66: 1998 | W66: =+V66^2*$W$59+V66*$W$60+$W$61 -> 802869.77
B67: 1981 | C67: 1449072 | D67: 20 - 24 | E67: 716784 | F67: 732288 | J67: 1999 | K67: =+J67^2*$K$59+J67*$K$60+$K$61 -> 888369.67 | V67: 1999 | W67: =+V67^2*$W$59+V67*$W$60+$W$61 -> 822269.13
B68: 1981 | C68: 1236929 | D68: 25 - 29 | E68: 610993 | F68: 625936 | J68: 2000 | K68: =+J68^2*$K$59+J68*$K$60+$K$61 -> 905894.84 | V68: 2000 | W68: =+V68^2*$W$59+V68*$W$60+$W$61 -> 842316.35
B69: 1981 | C69: 986766 | D69: 30 - 34 | E69: 492405 | F69: 494361 | J69: 2001 | K69: =+J69^2*$K$59+J69*$K$60+$K$61 -> 924338.5 | V69: 2001 | W69: =+V69^2*$W$59+V69*$W$60+$W$61 -> 863011.42
B70: 1981 | C70: 727764 | D70: 35 - 39 | E70: 363267 | F70: 364497 | J70: 2002 | K70: =+J70^2*$K$59+J70*$K$60+$K$61 -> 943700.63 | V70: 2002 | W70: =+V70^2*$W$59+V70*$W$60+$W$61 -> 884354.35
B71: 1981 | C71: 601705 | D71: 40 - 44 | E71: 303292 | F71: 298413 | J71: 2003 | K71: =+J71^2*$K$59+J71*$K$60+$K$61 -> 963981.24 | V71: 2003 | W71: =+V71^2*$W$59+V71*$W$60+$W$61 -> 906345.13
B72: 1981 | C72: 512503 | D72: 45 - 49 | E72: 258065 | F72: 254438 | J72: 2004 | K72: =+J72^2*$K$59+J72*$K$60+$K$61 -> 985180.34 | V72: 2004 | W72: =+V72^2*$W$59+V72*$W$60+$W$61 -> 928983.77
B73: 1981 | C73: 445765 | D73: 50 - 54 | E73: 225406 | F73: 220359 | J73: 2005 | K73: =+J73^2*$K$59+J73*$K$60+$K$61 -> 1007297.9 | V73: 2005 | W73: =+V73^2*$W$59+V73*$W$60+$W$61 -> 952270.27
B74: 1981 | C74: 340139 | D74: 55 - 59 | E74: 170190 | F74: 169949 | J74: 2006 | K74: =+J74^2*$K$59+J74*$K$60+$K$61 -> 1030334 | V74: 2006 | W74: =+V74^2*$W$59+V74*$W$60+$W$61 -> 976204.62
B75: 1981 | C75: 260896 | D75: 60 - 64 | E75: 127759 | F75: 133137 | J75: 2007 | K75: =+J75^2*$K$59+J75*$K$60+$K$61 -> 1054288.5 | V75: 2007 | W75: =+V75^2*$W$59+V75*$W$60+$W$61 -> 1000786.8
B76: 1981 | C76: 194759 | D76: 65 - 69 | E76: 92020 | F76: 102739 | J76: 2008 | K76: =+J76^2*$K$59+J76*$K$60+$K$61 -> 1079161.5 | V76: 2008 | W76: =+V76^2*$W$59+V76*$W$60+$W$61 -> 1026016.9
B77: 1981 | C77: 138384 | D77: 70 - 74 | E77: 63663 | F77: 74721 | J77: 2009 | K77: =+J77^2*$K$59+J77*$K$60+$K$61 -> 1104953 | V77: 2009 | W77: =+V77^2*$W$59+V77*$W$60+$W$61 -> 1051894.8
... B79: 1981 | C79: 93087 | D79: 80 - 84 | E79: 38220 | F79: 54867 | J79: 2011 | K79: =+J79^2*$K$59+J79*$K$60+$K$61 -> 1159291.4 | V79: 2011 | W79: =+V79^2*$W$59+V79*$W$60+$W$61 -> 1105594.2
B80: 1971 | C80: 10721522 | D80: Total | E80: 5357157 | F80: 5364365
B81: 1971 | C81: 1734538 | D81: 00 - 04 | E81: 878007 | F81: 856531 | K81: -69.2165 | W81: -268.2065
B82: 1971 | C82: 1655032 | D82: 05 - 09 | E82: 851071 | F82: 803961 | K82: 294639.4 | W82: 1093843.8
B83: 1971 | C83: 1455861 | D83: 10 - 14 | E83: 728788 | F83: 727073 | K83: -3.1165782e+08 | W83: -1.1141868e+09
B84: 1971 | C84: 1227697 | D84: 15 - 19 | E84: 601038 | F84: 626659 | H84: Rótulos de fila | I84: 35 - 39 | K84: Inter | T84: Rótulos de fila | U84: 40 - 44 | W84: Inter
B85: 1971 | C85: 954413 | D85: 20 - 24 | E85: 464191 | F85: 490222 | H85: 1990 | I85: 570519 | J85: 1995 | K85: =+J85^2*$K$81+J85*$K$82+$K$83 -> 664380.14 | T85: 1990 | U85: 437768 | V85: 1995 | W85: =+V85^2*$W$81+V85*$W$82+$W$83 -> 562946.44
B86: 1971 | C86: 693185 | D86: 25 - 29 | E86: 336538 | F86: 356647 | H86: 2001 | I86: 772881 | J86: 1996 | K86: =+J86^2*$K$81+J86*$K$82+$K$83 -> 682776.49 | T86: 2001 | U86: 695516 | V86: 1996 | W86: =+V86^2*$W$81+V86*$W$82+$W$83 -> 586378.05
B87: 1971 | C87: 582976 | D87: 30 - 34 | E87: 290210 | F87: 292766 | H87: 2011 | I87: 942311 | J87: 1997 | K87: =+J87^2*$K$81+J87*$K$82+$K$83 -> 701034.4 | T87: 2011 | U87: 873509 | V87: 1997 | W87: =+V87^2*$W$81+V87*$W$82+$W$83 -> 609273.24
B88: 1971 | C88: 537496 | D88: 35 - 39 | E88: 269941 | F88: 267555 | J88: 1998 | K88: =+J88^2*$K$81+J88*$K$82+$K$83 -> 719153.89 | V88: 1998 | W88: =+V88^2*$W$81+V88*$W$82+$W$83 -> 631632.03
B89: 1971 | C89: 468590 | D89: 40 - 44 | E89: 242951 | F89: 225639 | J89: 1999 | K89: =+J89^2*$K$81+J89*$K$82+$K$83 -> 737134.93 | V89: 1999 | W89: =+V89^2*$W$81+V89*$W$82+$W$83 -> 653454.4
B90: 1971 | C90: 371042 | D90: 45 - 49 | E90: 191292 | F90: 179750 | J90: 2000 | K90: =+J90^2*$K$81+J90*$K$82+$K$83 -> 754977.55 | V90: 2000 | W90: =+V90^2*$W$81+V90*$W$82+$W$83 -> 674740.36
B91: 1971 | C91: 303520 | D91: 50 - 54 | E91: 153806 | F91: 149714 | J91: 2001 | K91: =+J91^2*$K$81+J91*$K$82+$K$83 -> 772681.73 | V91: 2001 | W91: =+V91^2*$W$81+V91*$W$82+$W$83 -> 695489.9
B92: 1971 | C92: 231769 | D92: 55 - 59 | E92: 115284 | F92: 116485 | J92: 2002 | K92: =+J92^2*$K$81+J92*$K$82+$K$83 -> 790247.48 | V92: 2002 | W92: =+V92^2*$W$81+V92*$W$82+$W$83 -> 715703.04
B93: 1971 | C93: 189970 | D93: 60 - 64 | E93: 93197 | F93: 96773 | J93: 2003 | K93: =+J93^2*$K$81+J93*$K$82+$K$83 -> 807674.79 | V93: 2003 | W93: =+V93^2*$W$81+V93*$W$82+$W$83 -> 735379.76
B94: 1971 | C94: 119823 | D94: 65 - 69 | E94: 57256 | F94: 62567 | J94: 2004 | K94: =+J94^2*$K$81+J94*$K$82+$K$83 -> 824963.68 | V94: 2004 | W94: =+V94^2*$W$81+V94*$W$82+$W$83 -> 754520.06
B95: 1971 | C95: 88397 | D95: 70 - 74 | E95: 40723 | F95: 47674 | J95: 2005 | K95: =+J95^2*$K$81+J95*$K$82+$K$83 -> 842114.13 | V95: 2005 | W95: =+V95^2*$W$81+V95*$W$82+$W$83 -> 773123.96
B96: 1971 | C96: 45799 | D96: 75 - 79 | E96: 19900 | F96: 25899 | J96: 2006 | K96: =+J96^2*$K$81+J96*$K$82+$K$83 -> 859126.14 | V96: 2006 | W96: =+V96^2*$W$81+V96*$W$82+$W$83 -> 791191.44
B97: 1971 | C97: 31850 | D97: 80 - 84 | E97: 12470 | F97: 19380 | J97: 2007 | K97: =+J97^2*$K$81+J97*$K$82+$K$83 -> 875999.73 | V97: 2007 | W97: =+V97^2*$W$81+V97*$W$82+$W$83 -> 808722.5
B98: 1971 | C98: 29564 | D98: 85 y más | E98: 10494 | F98: 19070 | J98: 2008 | K98: =+J98^2*$K$81+J98*$K$82+$K$83 -> 892734.88 | V98: 2008 | W98: =+V98^2*$W$81+V98*$W$82+$W$83 -> 825717.16
B99: 1961 | C99: 7523999 | D99: Total | E99: 3821722 | F99: 3702277 | J99: 2009 | K99: =+J99^2*$K$81+J99*$K$82+$K$83 -> 909331.6 | V99: 2009 | W99: =+V99^2*$W$81+V99*$W$82+$W$83 -> 842175.4
... B101: 1961 | C101: 1163320 | D101: 05 - 09 | E101: 591273 | F101: 572047 | J101: 2011 | K101: =+J101^2*$K$81+J101*$K$82+$K$83 -> 942109.73 | V101: 2011 | W101: =+V101^2*$W$81+V101*$W$82+$W$83 -> 873482.64
B102: 1961 | C102: 901881 | D102: 10 - 14 | E102: 458372 | F102: 443509
B103: 1961 | C103: 679636 | D103: 15 - 19 | E103: 340465 | F103: 339171 | K103: =-194.8411 -> -194.8411 | W103: =151.5338 -> 151.5338
B104: 1961 | C104: 618411 | D104: 20 - 24 | E104: 311678 | F104: 306733 | K104: 799974.3 | W104: -588039.17
...

Sheet Población F
B1: Fuente: Instituto Nacional de Estadística, (INE)
B2: Año | C2: Total | D2: Grupo de edad | E2: Hombres | F2: Mujeres | H2: Suma de Mujeres | I2: Rótulos de columna
B3: 2011 | C3: 27227930 | D3: Total | E3: 13549752 | F3: 13678178 | H3: Rótulos de fila | I3: 00 - 04 | J3: 05 - 09 | K3: 10 - 14 | L3: 15 - 19 | M3: 20 - 24 | N3: 25 - 29 | O3: 30 - 34 | P3: 35 - 39 | Q3: 40 - 44 | R3: 45 - 49 | S3: 50 - 54 | T3: 55 - 59 | U3: 60 - 64 | V3: 65 - 69 | W3: 70 - 74 | X3: 75 - 79 | Y3: 80 - 84 | Z3: 85 - 89 | AA3: 85 y más | AB3: 90 - 94 | AC3: 90 y más | AD3: 95 y más | AE3: Total | AF3: Total general
B4: 2011 | C4: 2437631 | D4: 00 - 04 | E4: 1254208 | F4: 1183423 | H4: 1926 | I4: 190972 | J4: 165762 | K4: 158273 | L4: 160827 | M4: 142983 | N4: 133208 | O4: 113864 | P4: 87390 | Q4: 79130 | R4: 51924 | S4: 50712 | T4: 22696 | U4: 26007 | V4: 13146 | W4: 11803 | X4: 6288 | Y4: 6011 | AA4: 55134 | AE4: 1476130 | AF4: 2952260 | AG4: =+SUM(Z4:AD4) -> 55134 | AH4: =+Y4 -> 6011
B5: 2011 | C5: 2402364 | D5: 05 - 09 | E5: 1236217 | F5: 1166147 | H5: 1936 | I5: 233508 | J5: 230133 | K5: 197207 | L5: 184606 | M5: 174231 | N5: 149412 | O5: 113664 | P5: 101996 | Q5: 88325 | R5: 59809 | S5: 58908 | T5: 32149 | U5: 37974 | V5: 16061 | W5: 14048 | X5: 6428 | Y5: 6795 | AA5: 6963 | AE5: 1712217 | AF5: 3424434 | AG5: =+SUM(Z5:AD5) -> 6963 | AH5: =+Y5 -> 6795 | AI5: =+AG5/(AG5+AH5) -> 0.50610554
B6: 2011 | C6: 2516779 | D6: 10 - 14 | E6: 1298191 | F6: 1218588 | H6: 1941 | I6: 285520 | J6: 255893 | K6: 226819 | L6: 211629 | M6: 190573 | N6: 167346 | O6: 127028 | P6: 109237 | Q6: 96588 | R6: 72259 | S6: 60707 | T6: 38298 | U6: 40855 | V6: 19163 | W6: 16442 | X6: 7938 | Y6: 7424 | AA6: 8507 | AE6: 1942226 | AF6: 3884452 | AG6: =+SUM(Z6:AD6) -> 8507 | AH6: =+Y6 -> 7424 | AI6: =+AG6/(AG6+AH6) -> 0.53399033
B7: 2011 | C7: 2641320 | D7: 15 - 19 | E7: 1336159 | F7: 1305161 | H7: 1950 | I7: 415067 | J7: 334560 | K7: 276204 | L7: 252375 | M7: 237615 | N7: 198196 | O7: 157437 | P7: 145213 | Q7: 114644 | R7: 86936 | S7: 82117 | T7: 49520 | U7: 50948 | V7: 25894 | W7: 22789 | X7: 10996 | Y7: 10687 | AA7: 7748 | AC7: 3401 | AE7: 2482347 | AF7: 4964694 | AG7: =+SUM(Z7:AD7) -> 11149 | AH7: =+Y7 -> 10687 | AI7: =+AG7/(AG7+AH7) -> 0.51057886
B8: 2011 | C8: 2560649 | D8: 20 - 24 | E8: 1280125 | F8: 1280524 | H8: 1961 | I8: 675780 | J8: 572047 | K8: 443509 | L8: 339171 | M8: 306733 | N8: 267874 | O8: 237836 | P8: 194534 | Q8: 157264 | R8: 134760 | S8: 106242 | T8: 83098 | U8: 69358 | V8: 41570 | W8: 29358 | X8: 18348 | Y8: 13301 | AA8: 11494 | AE8: 3702277 | AF8: 7404554 | AG8: =+SUM(Z8:AD8) -> 11494 | AH8: =+Y8 -> 13301 | AI8: =+AG8/(AG8+AH8) -> 0.4635612
B9: 2011 | C9: 2344332 | D9: 25 - 29 | E9: 1159400 | F9: 1184932 | H9: 1971 | I9: 856531 | J9: 803961 | K9: 727073 | L9: 626659 | M9: 490222 | N9: 356647 | O9: 292766 | P9: 267555 | Q9: 225639 | R9: 179750 | S9: 149714 | T9: 116485 | U9: 96773 | V9: 62567 | W9: 47674 | X9: 25899 | Y9: 19380 | AA9: 19070 | AE9: 5364365 | AF9: 10728730 | AG9: =+SUM(Z9:AD9) -> 19070 | AH9: =+Y9 -> 19380 | AI9: =+AG9/(AG9+AH9) -> 0.49596879
B10: 2011 | C10: 2219741 | D10: 30 - 34 | E10: 1105617 | F10: 1114124 | H10: 1981 | I10: 1031843 | J10: 939654 | K10: 888675 | L10: 823768 | M10: 732288 | N10: 625936 | O10: 494361 | P10: 364497 | Q10: 298413 | R10: 254438 | S10: 220359 | T10: 169949 | U10: 133137 | V10: 102739 | W10: 74721 | X10: 47278 | Y10: 54867 | AE10: 7256923 | AF10: 14513846 | AG10: =+SUM(Z10:AD10) -> 0 | AH10: =+Y10 -> 54867 | AJ10: =+AVERAGE(AI5:AI13) -> 0.48368085
B11: 2011 | C11: 1905253 | D11: 35 - 39 | E11: 942311 | F11: 962942 | H11: 1990 | I11: 1148163 | J11: 1107711 | K11: 1059292 | L11: 954017 | M11: 866962 | N11: 797461 | O11: 695674 | P11: 593061 | Q11: 450116 | R11: 325227 | S11: 276801 | T11: 221681 | U11: 193315 | V11: 135951 | W11: 102688 | X11: 72986 | Y11: 50004 | AA11: 34398 | AE11: 9085508 | AF11: 18171016 | AG11: =+SUM(Z11:AD11) -> 34398 | AH11: =+Y11 -> 50004 | AI11: =+AG11/(AG11+AH11) -> 0.40754958
B12: 2011 | C12: 1755490 | D12: 40 - 44 | E12: 873509 | F12: 881981 | H12: 2001 | I12: 1219255 | J12: 1312581 | K12: 1254424 | L12: 1155424 | M12: 1104968 | N12: 964392 | O12: 899587 | P12: 820861 | Q12: 732990 | R12: 594756 | S12: 473337 | T12: 321223 | U12: 263272 | V12: 205042 | W12: 164243 | X12: 113435 | Y12: 71837 | AA12: 65656 | AE12: 11737283 | AF12: 23474566 | AG12: =+SUM(Z12:AD12) -> 65656 | AH12: =+Y12 -> 71837 | AI12: =+AG12/(AG12+AH12) -> 0.47752249
B13: 2011 | C13: 1528781 | D13: 45 - 49 | E13: 747704 | F13: 781077 | H13: 2011 | I13: 1183423 | J13: 1166147 | K13: 1218588 | L13: 1305161 | M13: 1280524 | N13: 1184932 | O13: 1114124 | P13: 962942 | Q13: 881981 | R13: 781077 | S13: 686679 | T13: 577864 | U13: 440702 | V13: 300997 | W13: 221170 | X13: 162866 | Y13: 109899 | Z13: 63581 | AB13: 25495 | AD13: 10026 | AE13: 13678178 | AF13: 27356356 | AG13: =+SUM(Z13:AD13) -> 99102 | AH13: =+Y13 -> 109899 | AI13: =+AG13/(AG13+AH13) -> 0.47416998
B14: 2011 | C14: 1337934 | D14: 50 - 54 | E14: 651255 | F14: 686679 | H14: Total general | I14: 7240062 | J14: 6888449 | K14: 6450064 | L14: 6013637 | M14: 5527099 | N14: 4845404 | O14: 4246341 | P14: 3647286 | Q14: 3125090 | R14: 2540936 | S14: 2165576 | T14: 1632963 | U14: 1352341 | V14: 923130 | W14: 704936 | X14: 472462 | Y14: 350205 | Z14: 63581 | AA14: 208970 | AB14: 25495 | AC14: 3401 | AD14: 10026 | AE14: 58437454 | AF14: 116874908
B15: 2011 | C15: 1108799 | D15: 55 - 59 | E15: 530935 | F15: 577864 | K15: -478.3861 | W15: -1584.1879
B16: 2011 | C16: 848358 | D16: 60 - 64 | E16: 407656 | F16: 440702 | K16: 1915702 | W16: 6341118.4
B17: 2011 | C17: 568688 | D17: 65 - 69 | E17: 267691 | F17: 300997 | K17: -1.9166419e+09 | W17: -6.3441754e+09
B18: 2011 | C18: 410455 | D18: 70 - 74 | E18: 189285 | F18: 221170 | H18: Rótulos de fila | I18: 00 - 04 | K18: Inter | T18: Rótulos de fila | U18: 05 - 09 | W18: Inter
B19: 2011 | C19: 292992 | D19: 75 - 79 | E19: 130126 | F19: 162866 | H19: 1990 | I19: 1148163 | J19: 1995 | K19: =+J19^2*$K$15+J19*$K$16+$K$17 -> 1195016.9 | T19: 1990 | U19: 1107711 | V19: 1995 | W19: =+V19^2*$W$15+V19*$W$16+$W$17 -> 1248274.9
B20: 2011 | C20: 188895 | D20: 80 - 84 | E20: 78996 | F20: 109899 | H20: 2001 | I20: 1219255 | J20: 1996 | K20: =+J20^2*$K$15+J20*$K$16+$K$17 -> 1201480 | T20: 2001 | U20: 1312581 | V20: 1996 | W20: =+V20^2*$W$15+V20*$W$16+$W$17 -> 1266899.4
B21: 2011 | C21: 104141 | D21: 85 - 89 | E21: 40560 | F21: 63581 | H21: 2011 | I21: 1183423 | J21: 1997 | K21: =+J21^2*$K$15+J21*$K$16+$K$17 -> 1206986.3 | T21: 2011 | U21: 1166147 | V21: 1997 | W21: =+V21^2*$W$15+V21*$W$16+$W$17 -> 1282355.5
B22: 2011 | C22: 40370 | D22: 90 - 94 | E22: 14875 | F22: 25495 | J22: 1998 | K22: =+J22^2*$K$15+J22*$K$16+$K$17 -> 1211535.9 | V22: 1998 | W22: =+V22^2*$W$15+V22*$W$16+$W$17 -> 1294643.2
B23: 2011 | C23: 14958 | D23: 95 y más | E23: 4932 | F23: 10026 | J23: 1999 | K23: =+J23^2*$K$15+J23*$K$16+$K$17 -> 1215128.7 | V23: 1999 | W23: =+V23^2*$W$15+V23*$W$16+$W$17 -> 1303762.5
B24: 2001 | C24: 23232553 | D24: Total | E24: 11495270 | F24: 11737283 | J24: 2000 | K24: =+J24^2*$K$15+J24*$K$16+$K$17 -> 1217764.7 | V24: 2000 | W24: =+V24^2*$W$15+V24*$W$16+$W$17 -> 1309713.5
B25: 2001 | C25: 2501894 | D25: 00 - 04 | E25: 1282639 | F25: 1219255 | J25: 2001 | K25: =+J25^2*$K$15+J25*$K$16+$K$17 -> 1219443.9 | V25: 2001 | W25: =+V25^2*$W$15+V25*$W$16+$W$17 -> 1312496.1
B26: 2001 | C26: 2680308 | D26: 05 - 09 | E26: 1367727 | F26: 1312581 | J26: 2002 | K26: =+J26^2*$K$15+J26*$K$16+$K$17 -> 1220166.4 | V26: 2002 | W26: =+V26^2*$W$15+V26*$W$16+$W$17 -> 1312110.3
B27: 2001 | C27: 2535766 | D27: 10 - 14 | E27: 1281342 | F27: 1254424 | J27: 2003 | K27: =+J27^2*$K$15+J27*$K$16+$K$17 -> 1219932.1 | V27: 2003 | W27: =+V27^2*$W$15+V27*$W$16+$W$17 -> 1308556.1
B28: 2001 | C28: 2319853 | D28: 15 - 19 | E28: 1164429 | F28: 1155424 | J28: 2004 | K28: =+J28^2*$K$15+J28*$K$16+$K$17 -> 1218741 | V28: 2004 | W28: =+V28^2*$W$15+V28*$W$16+$W$17 -> 1301833.6
B29: 2001 | C29: 2185621 | D29: 20 - 24 | E29: 1080653 | F29: 1104968 | J29: 2005 | K29: =+J29^2*$K$15+J29*$K$16+$K$17 -> 1216593.1 | V29: 2005 | W29: =+V29^2*$W$15+V29*$W$16+$W$17 -> 1291942.6
B30: 2001 | C30: 1888838 | D30: 25 - 29 | E30: 924446 | F30: 964392 | J30: 2006 | K30: =+J30^2*$K$15+J30*$K$16+$K$17 -> 1213488.5 | V30: 2006 | W30: =+V30^2*$W$15+V30*$W$16+$W$17 -> 1278883.3
B31: 2001 | C31: 1762621 | D31: 30 - 34 | E31: 863034 | F31: 899587 | J31: 2007 | K31: =+J31^2*$K$15+J31*$K$16+$K$17 -> 1209427.1 | V31: 2007 | W31: =+V31^2*$W$15+V31*$W$16+$W$17 -> 1262655.7
B32: 2001 | C32: 1593742 | D32: 35 - 39 | E32: 772881 | F32: 820861 | J32: 2008 | K32: =+J32^2*$K$15+J32*$K$16+$K$17 -> 1204408.9 | V32: 2008 | W32: =+V32^2*$W$15+V32*$W$16+$W$17 -> 1243259.6
B33: 2001 | C33: 1428506 | D33: 40 - 44 | E33: 695516 | F33: 732990 | J33: 2009 | K33: =+J33^2*$K$15+J33*$K$16+$K$17 -> 1198434 | V33: 2009 | W33: =+V33^2*$W$15+V33*$W$16+$W$17 -> 1220695.2
... B35: 2001 | C35: 925449 | D35: 50 - 54 | E35: 452112 | F35: 473337 | J35: 2011 | K35: =+J35^2*$K$15+J35*$K$16+$K$17 -> 1183613.8 | V35: 2011 | W35: =+V35^2*$W$15+V35*$W$16+$W$17 -> 1166061.2
B36: 2001 | C36: 619029 | D36: 55 - 59 | E36: 297806 | F36: 321223
B37: 2001 | C37: 503568 | D37: 60 - 64 | E37: 240296 | F37: 263272 | K37: -1015.3749 | W37: -194.3481
B38: 2001 | C38: 383306 | D38: 65 - 69 | E38: 178264 | F38: 205042 | K38: 4070100.5 | W38: 797279.98
B39: 2001 | C39: 304303 | D39: 70 - 74 | E39: 140060 | F39: 164243 | K39: -4.0774545e+09 | W39: -8.1608249e+08
B40: 2001 | C40: 206737 | D40: 75 - 79 | E40: 93302 | F40: 113435 | H40: Rótulos de fila | I40: 10 - 14 | K40: Inter | T40: Rótulos de fila | U40: 20 - 24 | W40: Inter
B41: 2001 | C41: 124442 | D41: 80 - 84 | E41: 52605 | F41: 71837 | H41: 1990 | I41: 1059292 | J41: 1995 | K41: =+J41^2*$K$37+J41*$K$38+$K$39 -> 1178416.9 | T41: 1990 | U41: 866962 | V41: 1995 | W41: =+V41^2*$W$37+V41*$W$38+$W$39 -> 980785.71
B42: 2001 | C42: 108827 | D42: 85 y más | E42: 43171 | F42: 65656 | H42: 2001 | I42: 1254424 | J42: 1996 | K42: =+J42^2*$K$37+J42*$K$38+$K$39 -> 1196156.1 | T42: 2001 | U42: 1104968 | V42: 1996 | W42: =+V42^2*$W$37+V42*$W$38+$W$39 -> 1002422.4
B43: 1990 | C43: 18105265 | D43: Total | E43: 9019757 | F43: 9085508 | H43: 2011 | I43: 1218588 | J43: 1997 | K43: =+J43^2*$K$37+J43*$K$38+$K$39 -> 1211864.6 | T43: 2011 | U43: 1280524 | V43: 1997 | W43: =+V43^2*$W$37+V43*$W$38+$W$39 -> 1023670.4
B44: 1990 | C44: 2343059 | D44: 00 - 04 | E44: 1194896 | F44: 1148163 | J44: 1998 | K44: =+J44^2*$K$37+J44*$K$38+$K$39 -> 1225542.3 | V44: 1998 | W44: =+V44^2*$W$37+V44*$W$38+$W$39 -> 1044529.8
B45: 1990 | C45: 2253798 | D45: 05 - 09 | E45: 1146087 | F45: 1107711 | J45: 1999 | K45: =+J45^2*$K$37+J45*$K$38+$K$39 -> 1237189.3 | V45: 1999 | W45: =+V45^2*$W$37+V45*$W$38+$W$39 -> 1065000.4
B46: 1990 | C46: 2146994 | D46: 10 - 14 | E46: 1087702 | F46: 1059292 | J46: 2000 | K46: =+J46^2*$K$37+J46*$K$38+$K$39 -> 1246805.6 | V46: 2000 | W46: =+V46^2*$W$37+V46*$W$38+$W$39 -> 1085082.3
B47: 1990 | C47: 1922514 | D47: 15 - 19 | E47: 968497 | F47: 954017 | J47: 2001 | K47: =+J47^2*$K$37+J47*$K$38+$K$39 -> 1254391.1 | V47: 2001 | W47: =+V47^2*$W$37+V47*$W$38+$W$39 -> 1104775.6
B48: 1990 | C48: 1725187 | D48: 20 - 24 | E48: 858225 | F48: 866962 | J48: 2002 | K48: =+J48^2*$K$37+J48*$K$38+$K$39 -> 1259945.8 | V48: 2002 | W48: =+V48^2*$W$37+V48*$W$38+$W$39 -> 1124080.1
B49: 1990 | C49: 1569542 | D49: 25 - 29 | E49: 772081 | F49: 797461 | J49: 2003 | K49: =+J49^2*$K$37+J49*$K$38+$K$39 -> 1263469.8 | V49: 2003 | W49: =+V49^2*$W$37+V49*$W$38+$W$39 -> 1142996
B50: 1990 | C50: 1366694 | D50: 30 - 34 | E50: 671020 | F50: 695674 | J50: 2004 | K50: =+J50^2*$K$37+J50*$K$38+$K$39 -> 1264963 | V50: 2004 | W50: =+V50^2*$W$37+V50*$W$38+$W$39 -> 1161523.1
B51: 1990 | C51: 1163580 | D51: 35 - 39 | E51: 570519 | F51: 593061 | J51: 2005 | K51: =+J51^2*$K$37+J51*$K$38+$K$39 -> 1264425.5 | V51: 2005 | W51: =+V51^2*$W$37+V51*$W$38+$W$39 -> 1179661.6
B52: 1990 | C52: 887884 | D52: 40 - 44 | E52: 437768 | F52: 450116 | J52: 2006 | K52: =+J52^2*$K$37+J52*$K$38+$K$39 -> 1261857.3 | V52: 2006 | W52: =+V52^2*$W$37+V52*$W$38+$W$39 -> 1197411.3
B53: 1990 | C53: 644217 | D53: 45 - 49 | E53: 318990 | F53: 325227 | J53: 2007 | K53: =+J53^2*$K$37+J53*$K$38+$K$39 -> 1257258.3 | V53: 2007 | W53: =+V53^2*$W$37+V53*$W$38+$W$39 -> 1214772.4
B54: 1990 | C54: 544860 | D54: 50 - 54 | E54: 268059 | F54: 276801 | J54: 2008 | K54: =+J54^2*$K$37+J54*$K$38+$K$39 -> 1250628.5 | V54: 2008 | W54: =+V54^2*$W$37+V54*$W$38+$W$39 -> 1231744.7
B55: 1990 | C55: 435339 | D55: 55 - 59 | E55: 213658 | F55: 221681 | J55: 2009 | K55: =+J55^2*$K$37+J55*$K$38+$K$39 -> 1241968 | V55: 2009 | W55: =+V55^2*$W$37+V55*$W$38+$W$39 -> 1248328.4
... B57: 1990 | C57: 258785 | D57: 65 - 69 | E57: 122834 | F57: 135951 | J57: 2011 | K57: =+J57^2*$K$37+J57*$K$38+$K$39 -> 1218554.7 | V57: 2011 | W57: =+V57^2*$W$37+V57*$W$38+$W$39 -> 1280329.6
B58: 1990 | C58: 191662 | D58: 70 - 74 | E58: 88974 | F58: 102688
B59: 1990 | C59: 130782 | D59: 75 - 79 | E59: 57796 | F59: 72986 | K59: 327.5455 | W59: 138.8645
B60: 1990 | C60: 87978 | D60: 80 - 84 | E60: 37974 | F60: 50004 | K60: -1292058.4 | W60: -535670.68
B61: 1990 | C61: 56852 | D61: 85 y más | E61: 22454 | F61: 34398 | K61: 1.2748809e+09 | W61: 5.1676302e+08
B62: 1981 | C62: 14516735 | D62: Total | E62: 7259812 | F62: 7256923 | H62: Rótulos de fila | I62: 25 - 29 | K62: Inter | T62: Rótulos de fila | U62: 30 - 34 | W62: Inter
B63: 1981 | C63: 2098639 | D63: 00 - 04 | E63: 1066796 | F63: 1031843 | H63: 1990 | I63: 797461 | J63: 1995 | K63: =+J63^2*$K$59+J63*$K$60+$K$61 -> 863693.35 | T63: 1990 | U63: 695674 | V63: 1995 | W63: =+V63^2*$W$59+V63*$W$60+$W$61 -> 784187.15
B64: 1981 | C64: 1906047 | D64: 05 - 09 | E64: 966393 | F64: 939654 | H64: 2001 | I64: 964392 | J64: 1996 | K64: =+J64^2*$K$59+J64*$K$60+$K$61 -> 878869.07 | T64: 2001 | U64: 899587 | V64: 1996 | W64: =+V64^2*$W$59+V64*$W$60+$W$61 -> 802724.68
B65: 1981 | C65: 1792583 | D65: 10 - 14 | E65: 903908 | F65: 888675 | H65: 2011 | I65: 1184932 | J65: 1997 | K65: =+J65^2*$K$59+J65*$K$60+$K$61 -> 894699.89 | T65: 2011 | U65: 1114124 | V65: 1997 | W65: =+V65^2*$W$59+V65*$W$60+$W$61 -> 821539.95
B66: 1981 | C66: 1646343 | D66: 15 - 19 | E66: 822575 | F66: 823768 | J66: 1998 | K66: =+J66^2*$K$59+J66*$K$60+$K$61 -> 911185.8 | V66: 1998 | W66: =+V66^2*$W$59+V66*$W$60+$W$61 -> 840632.94
B67: 1981 | C67: 1449072 | D67: 20 - 24 | E67: 716784 | F67: 732288 | J67: 1999 | K67: =+J67^2*$K$59+J67*$K$60+$K$61 -> 928326.8 | V67: 1999 | W67: =+V67^2*$W$59+V67*$W$60+$W$61 -> 860003.67
B68: 1981 | C68: 1236929 | D68: 25 - 29 | E68: 610993 | F68: 625936 | J68: 2000 | K68: =+J68^2*$K$59+J68*$K$60+$K$61 -> 946122.89 | V68: 2000 | W68: =+V68^2*$W$59+V68*$W$60+$W$61 -> 879652.12
B69: 1981 | C69: 986766 | D69: 30 - 34 | E69: 492405 | F69: 494361 | J69: 2001 | K69: =+J69^2*$K$59+J69*$K$60+$K$61 -> 964574.07 | V69: 2001 | W69: =+V69^2*$W$59+V69*$W$60+$W$61 -> 899578.3
B70: 1981 | C70: 727764 | D70: 35 - 39 | E70: 363267 | F70: 364497 | J70: 2002 | K70: =+J70^2*$K$59+J70*$K$60+$K$61 -> 983680.35 | V70: 2002 | W70: =+V70^2*$W$59+V70*$W$60+$W$61 -> 919782.21
B71: 1981 | C71: 601705 | D71: 40 - 44 | E71: 303292 | F71: 298413 | J71: 2003 | K71: =+J71^2*$K$59+J71*$K$60+$K$61 -> 1003441.7 | V71: 2003 | W71: =+V71^2*$W$59+V71*$W$60+$W$61 -> 940263.85
B72: 1981 | C72: 512503 | D72: 45 - 49 | E72: 258065 | F72: 254438 | J72: 2004 | K72: =+J72^2*$K$59+J72*$K$60+$K$61 -> 1023858.2 | V72: 2004 | W72: =+V72^2*$W$59+V72*$W$60+$W$61 -> 961023.22
B73: 1981 | C73: 445765 | D73: 50 - 54 | E73: 225406 | F73: 220359 | J73: 2005 | K73: =+J73^2*$K$59+J73*$K$60+$K$61 -> 1044929.7 | V73: 2005 | W73: =+V73^2*$W$59+V73*$W$60+$W$61 -> 982060.32
B74: 1981 | C74: 340139 | D74: 55 - 59 | E74: 170190 | F74: 169949 | J74: 2006 | K74: =+J74^2*$K$59+J74*$K$60+$K$61 -> 1066656.3 | V74: 2006 | W74: =+V74^2*$W$59+V74*$W$60+$W$61 -> 1003375.1
B75: 1981 | C75: 260896 | D75: 60 - 64 | E75: 127759 | F75: 133137 | J75: 2007 | K75: =+J75^2*$K$59+J75*$K$60+$K$61 -> 1089038.1 | V75: 2007 | W75: =+V75^2*$W$59+V75*$W$60+$W$61 -> 1024967.7
B76: 1981 | C76: 194759 | D76: 65 - 69 | E76: 92020 | F76: 102739 | J76: 2008 | K76: =+J76^2*$K$59+J76*$K$60+$K$61 -> 1112074.9 | V76: 2008 | W76: =+V76^2*$W$59+V76*$W$60+$W$61 -> 1046838
B77: 1981 | C77: 138384 | D77: 70 - 74 | E77: 63663 | F77: 74721 | J77: 2009 | K77: =+J77^2*$K$59+J77*$K$60+$K$61 -> 1135766.8 | V77: 2009 | W77: =+V77^2*$W$59+V77*$W$60+$W$61 -> 1068986
... B79: 1981 | C79: 93087 | D79: 80 - 84 | E79: 38220 | F79: 54867 | J79: 2011 | K79: =+J79^2*$K$59+J79*$K$60+$K$61 -> 1185115.9 | V79: 2011 | W79: =+V79^2*$W$59+V79*$W$60+$W$61 -> 1114115.2
B80: 1971 | C80: 10721522 | D80: Total | E80: 5357157 | F80: 5364365
B81: 1971 | C81: 1734538 | D81: 00 - 04 | E81: 878007 | F81: 856531 | K81: -309.571 | W81: -515.0818
B82: 1971 | C82: 1655032 | D82: 05 - 09 | E82: 851071 | F82: 803961 | K82: 1256206.9 | W82: 2081407.4
B83: 1971 | C83: 1455861 | D83: 10 - 14 | E83: 728788 | F83: 727073 | K83: -1.2733266e+09 | W83: -2.101775e+09
B84: 1971 | C84: 1227697 | D84: 15 - 19 | E84: 601038 | F84: 626659 | H84: Rótulos de fila | I84: 35 - 39 | K84: Inter | T84: Rótulos de fila | U84: 40 - 44 | W84: Inter
B85: 1971 | C85: 954413 | D85: 20 - 24 | E85: 464191 | F85: 490222 | H85: 1990 | I85: 593061 | J85: 1995 | K85: =+J85^2*$K$81+J85*$K$82+$K$83 -> 705876.29 | T85: 1990 | U85: 450116 | V85: 1995 | W85: =+V85^2*$W$81+V85*$W$82+$W$83 -> 594219.82
B86: 1971 | C86: 693185 | D86: 25 - 29 | E86: 336538 | F86: 356647 | H86: 2001 | I86: 820861 | J86: 1996 | K86: =+J86^2*$K$81+J86*$K$82+$K$83 -> 726585.36 | T86: 2001 | U86: 732990 | V86: 1996 | W86: =+V86^2*$W$81+V86*$W$82+$W$83 -> 619935.71
B87: 1971 | C87: 582976 | D87: 30 - 34 | E87: 290210 | F87: 292766 | H87: 2011 | I87: 962942 | J87: 1997 | K87: =+J87^2*$K$81+J87*$K$82+$K$83 -> 746675.3 | T87: 2011 | U87: 881981 | V87: 1997 | W87: =+V87^2*$W$81+V87*$W$82+$W$83 -> 644621.44
B88: 1971 | C88: 537496 | D88: 35 - 39 | E88: 269941 | F88: 267555 | J88: 1998 | K88: =+J88^2*$K$81+J88*$K$82+$K$83 -> 766146.09 | V88: 1998 | W88: =+V88^2*$W$81+V88*$W$82+$W$83 -> 668277
B89: 1971 | C89: 468590 | D89: 40 - 44 | E89: 242951 | F89: 225639 | J89: 1999 | K89: =+J89^2*$K$81+J89*$K$82+$K$83 -> 784997.73 | V89: 1999 | W89: =+V89^2*$W$81+V89*$W$82+$W$83 -> 690902.4
B90: 1971 | C90: 371042 | D90: 45 - 49 | E90: 191292 | F90: 179750 | J90: 2000 | K90: =+J90^2*$K$81+J90*$K$82+$K$83 -> 803230.24 | V90: 2000 | W90: =+V90^2*$W$81+V90*$W$82+$W$83 -> 712497.64
B91: 1971 | C91: 303520 | D91: 50 - 54 | E91: 153806 | F91: 149714 | J91: 2001 | K91: =+J91^2*$K$81+J91*$K$82+$K$83 -> 820843.6 | V91: 2001 | W91: =+V91^2*$W$81+V91*$W$82+$W$83 -> 733062.71
B92: 1971 | C92: 231769 | D92: 55 - 59 | E92: 115284 | F92: 116485 | J92: 2002 | K92: =+J92^2*$K$81+J92*$K$82+$K$83 -> 837837.82 | V92: 2002 | W92: =+V92^2*$W$81+V92*$W$82+$W$83 -> 752597.62
B93: 1971 | C93: 189970 | D93: 60 - 64 | E93: 93197 | F93: 96773 | J93: 2003 | K93: =+J93^2*$K$81+J93*$K$82+$K$83 -> 854212.9 | V93: 2003 | W93: =+V93^2*$W$81+V93*$W$82+$W$83 -> 771102.36
B94: 1971 | C94: 119823 | D94: 65 - 69 | E94: 57256 | F94: 62567 | J94: 2004 | K94: =+J94^2*$K$81+J94*$K$82+$K$83 -> 869968.84 | V94: 2004 | W94: =+V94^2*$W$81+V94*$W$82+$W$83 -> 788576.95
B95: 1971 | C95: 88397 | D95: 70 - 74 | E95: 40723 | F95: 47674 | J95: 2005 | K95: =+J95^2*$K$81+J95*$K$82+$K$83 -> 885105.64 | V95: 2005 | W95: =+V95^2*$W$81+V95*$W$82+$W$83 -> 805021.36
B96: 1971 | C96: 45799 | D96: 75 - 79 | E96: 19900 | F96: 25899 | J96: 2006 | K96: =+J96^2*$K$81+J96*$K$82+$K$83 -> 899623.29 | V96: 2006 | W96: =+V96^2*$W$81+V96*$W$82+$W$83 -> 820435.62
B97: 1971 | C97: 31850 | D97: 80 - 84 | E97: 12470 | F97: 19380 | J97: 2007 | K97: =+J97^2*$K$81+J97*$K$82+$K$83 -> 913521.8 | V97: 2007 | W97: =+V97^2*$W$81+V97*$W$82+$W$83 -> 834819.71
B98: 1971 | C98: 29564 | D98: 85 y más | E98: 10494 | F98: 19070 | J98: 2008 | K98: =+J98^2*$K$81+J98*$K$82+$K$83 -> 926801.17 | V98: 2008 | W98: =+V98^2*$W$81+V98*$W$82+$W$83 -> 848173.64
B99: 1961 | C99: 7523999 | D99: Total | E99: 3821722 | F99: 3702277 | J99: 2009 | K99: =+J99^2*$K$81+J99*$K$82+$K$83 -> 939461.4 | V99: 2009 | W99: =+V99^2*$W$81+V99*$W$82+$W$83 -> 860497.4
... B101: 1961 | C101: 1163320 | D101: 05 - 09 | E101: 591273 | F101: 572047 | J101: 2011 | K101: =+J101^2*$K$81+J101*$K$82+$K$83 -> 962924.43 | V101: 2011 | W101: =+V101^2*$W$81+V101*$W$82+$W$83 -> 882054.44
B102: 1961 | C102: 901881 | D102: 10 - 14 | E102: 458372 | F102: 443509
B103: 1961 | C103: 679636 | D103: 15 - 19 | E103: 340465 | F103: 339171 | K103: -279.5494 | W103: 165.1091
B104: 1961 | C104: 618411 | D104: 20 - 24 | E104: 311678 | F104: 306733 | K104: 1140184.1 | W104: -641083.47
...

Sheet Población por Edad M
C1: 1995 | D1: 1996 | E1: 1997 | F1: 1998 | G1: 1999 | H1: 2000 | I1: 2001 | J1: 2002 | K1: 2003 | L1: 2004 | M1: 2005 | N1: 2006 | O1: 2007 | P1: 2008 | Q1: 2009 | R1: 2010 | S1: 2011
B2: 0 a 4 | C2: 1250399.6 | D2: 1258376.4 | E2: 1265322.8 | F2: 1271238.7 | G2: 1276124.1 | H2: 1279979.1 | I2: 1282803.7 | J2: 1284597.8 | K2: 1285361.4 | L2: 1285094.6 | M2: 1283797.3 | N2: 1281469.6 | O2: 1278111.5 | P2: 1273722.9 | Q2: 1268303.8 | R2: 1261854.3 | S2: 1254374.3
B3: 5 a 9 | C3: 1294462.7 | D3: 1314611.8 | E3: 1331589.6 | F3: 1345395.8 | G3: 1356030.7 | H3: 1363494.1 | I3: 1367786 | J3: 1368906.6 | K3: 1366855.6 | L3: 1361633.3 | M3: 1353239.5 | N3: 1341674.3 | O3: 1326937.6 | P3: 1309029.5 | Q3: 1287950 | R3: 1263699 | S3: 1236276.6
B4: 10 a 14 | C4: 1198321.6 | D4: 1215925.1 | E4: 1232012.6 | F4: 1246583.9 | G4: 1259639.2 | H4: 1271178.4 | I4: 1281201.6 | J4: 1289708.6 | K4: 1296699.6 | L4: 1302174.6 | M4: 1306133.4 | N4: 1308576.2 | O4: 1309503 | P4: 1308913.6 | Q4: 1306808.2 | R4: 1303186.7 | S4: 1298049.2
B5: 15 a 19 | C5: 1058356.2 | D5: 1076168.1 | E5: 1093919.1 | F5: 1111609.3 | G5: 1129238.6 | H5: 1146807.1 | I5: 1164314.7 | J5: 1181761.4 | K5: 1199147.3 | L5: 1216472.3 | M5: 1233736.5 | N5: 1250939.8 | O5: 1268082.3 | P5: 1285163.9 | Q5: 1302184.6 | R5: 1319144.5 | S5: 1336043.5
B6: 20 a 24 | C6: 959752.13 | D6: 979972.89 | E6: 1000167.6 | F6: 1020336.3 | G6: 1040478.9 | H6: 1060595.4 | I6: 1080685.9 | J6: 1100750.4 | K6: 1120788.8 | L6: 1140801.2 | M6: 1160787.5 | N6: 1180747.7 | O6: 1200681.9 | P6: 1220590.1 | Q6: 1240472.2 | R6: 1260328.3 | S6: 1280158.3
B7: 25 a 29 | C7: 827453.76 | D7: 841305.02 | E7: 856074.76 | F7: 871762.97 | G7: 888369.67 | H7: 905894.84 | I7: 924338.5 | J7: 943700.63 | K7: 963981.24 | L7: 985180.34 | M7: 1007297.9 | N7: 1030334 | O7: 1054288.5 | P7: 1079161.5 | Q7: 1104953 | R7: 1131663 | S7: 1159291.4
B8: 30 a 34 | C8: 748558.82 | D8: 766014.61 | E8: 784118.26 | F8: 802869.77 | G8: 822269.13 | H8: 842316.35 | I8: 863011.42 | J8: 884354.35 | K8: 906345.13 | L8: 928983.77 | M8: 952270.27 | N8: 976204.62 | O8: 1000786.8 | P8: 1026016.9 | Q8: 1051894.8 | R8: 1078420.6 | S8: 1105594.2
B9: 35 a 39 | C9: 664380.14 | D9: 682776.49 | E9: 701034.4 | F9: 719153.89 | G9: 737134.93 | H9: 754977.55 | I9: 772681.73 | J9: 790247.48 | K9: 807674.79 | L9: 824963.68 | M9: 842114.13 | N9: 859126.14 | O9: 875999.73 | P9: 892734.88 | Q9: 909331.6 | R9: 925789.88 | S9: 942109.73
B10: 40 a 44 | C10: 562946.44 | D10: 586378.05 | E10: 609273.24 | F10: 631632.03 | G10: 653454.4 | H10: 674740.36 | I10: 695489.9 | J10: 715703.04 | K10: 735379.76 | L10: 754520.06 | M10: 773123.96 | N10: 791191.44 | O10: 808722.5 | P10: 825717.16 | Q10: 842175.4 | R10: 858097.23 | S10: 873482.64
B11: 45 a 49 | C11: 436753.76 | D11: 459117.23 | E11: 481091.01 | F11: 502675.11 | G11: 523869.53 | H11: 544674.27 | I11: 565089.32 | J11: 585114.7 | K11: 604750.39 | L11: 623996.4 | M11: 642852.72 | N11: 661319.36 | O11: 679396.33 | P11: 697083.61 | Q11: 714381.2 | R11: 731289.12 | S11: 747807.35
B12: 50 a 54 | C12: 347307.89 | D12: 364040.12 | E12: 381075.41 | F12: 398413.77 | G12: 416055.2 | H12: 433999.7 | I12: 452247.26 | J12: 470797.89 | K12: 489651.59 | L12: 508808.36 | M12: 528268.19 | N12: 548031.09 | O12: 568097.06 | P12: 588466.1 | Q12: 609138.2 | R12: 630113.38 | S12: 651391.61
B13: 55 a 59 | C13: 229376.22 | D13: 237025.88 | E13: 246167.26 | F13: 256800.37 | G13: 268925.2 | H13: 282541.75 | I13: 297650.02 | J13: 314250.02 | K13: 332341.73 | L13: 351925.17 | M13: 373000.33 | N13: 395567.22 | O13: 419625.82 | P13: 445176.15 | Q13: 472218.2 | R13: 500751.97 | S13: 530777.46
... B19: 85 y + | C19: 31978.963 | D19: 33862.2 | E19: 35729.841 | F19: 37581.886 | G19: 39418.333 | H19: 41239.184 | I19: 43044.439 | J19: 44834.097 | K19: 46608.158 | L19: 48366.623 | M19: 50109.491 | N19: 51836.762 | O19: 53548.437 | P19: 55244.516 | Q19: 56924.997 | R19: 58589.882 | S19: 60239.171
A22: edad | C22: 1995 | D22: 1996 | E22: 1997 | F22: 1998 | G22: 1999 | H22: 2000 | I22: 2001 | J22: 2002 | K22: 2003 | L22: 2004 | M22: 2005 | N22: 2006 | O22: 2007 | P22: 2008 | Q22: 2009 | R22: 2010 | S22: 2011
A23: 0 | B23: 0.20008085 | C23: =+$B23*C$2 -> 250181.02 | D23: =+$B23*D$2 -> 251777.03 | E23: =+$B23*E$2 -> 253166.86 | F23: =+$B23*F$2 -> 254350.52 | G23: =+$B23*G$2 -> 255328 | H23: =+$B23*H$2 -> 256099.31 | I23: =+$B23*I$2 -> 256664.45 | J23: =+$B23*J$2 -> 257023.42 | ... S23: =+$B23*S$2 -> 250976.28
A24: 1 | B24: 0.20076354 | C24: =+$B24*C$2 -> 251034.65 | D24: =+$B24*D$2 -> 252636.1 | E24: =+$B24*E$2 -> 254030.68 | F24: =+$B24*F$2 -> 255218.37 | G24: =+$B24*G$2 -> 256199.19 | H24: =+$B24*H$2 -> 256973.14 | I24: =+$B24*I$2 -> 257540.2 | J24: =+$B24*J$2 -> 257900.39 | ... S24: =+$B24*S$2 -> 251832.62
A25: 2 | B25: 0.20058816 | C25: =+$B25*C$2 -> 250815.37 | D25: =+$B25*D$2 -> 252415.42 | E25: =+$B25*E$2 -> 253808.77 | F25: =+$B25*F$2 -> 254995.43 | G25: =+$B25*G$2 -> 255975.4 | H25: =+$B25*H$2 -> 256748.66 | I25: =+$B25*I$2 -> 257315.23 | J25: =+$B25*J$2 -> 257675.11 | ... S25: =+$B25*S$2 -> 251612.64
A26: 3 | B26: 0.19982485 | C26: =+$B26*C$2 -> 249860.91 | D26: =+$B26*D$2 -> 251454.88 | E26: =+$B26*E$2 -> 252842.93 | F26: =+$B26*F$2 -> 254025.07 | G26: =+$B26*G$2 -> 255001.31 | H26: =+$B26*H$2 -> 255771.63 | I26: =+$B26*I$2 -> 256336.05 | J26: =+$B26*J$2 -> 256694.55 | ... S26: =+$B26*S$2 -> 250655.16
A27: 4 | B27: 0.1987426 | C27: =+$B27*C$2 -> 248507.68 | D27: =+$B27*D$2 -> 250093.01 | E27: =+$B27*E$2 -> 251473.55 | F27: =+$B27*F$2 -> 252649.29 | G27: =+$B27*G$2 -> 253620.23 | H27: =+$B27*H$2 -> 254386.39 | I27: =+$B27*I$2 -> 254947.74 | J27: =+$B27*J$2 -> 255304.31 | ... S27: =+$B27*S$2 -> 249297.62
A28: 5 | B28: 0.20077275 | C28: =+$B28*C$3 -> 259892.84 | D28: =+$B28*D$3 -> 263938.24 | E28: =+$B28*E$3 -> 267346.9 | F28: =+$B28*F$3 -> 270118.82 | G28: =+$B28*G$3 -> 272254.01 | H28: =+$B28*H$3 -> 273752.45 | I28: =+$B28*I$3 -> 274614.16 | J28: =+$B28*J$3 -> 274839.14 | ... S28: =+$B28*S$3 -> 248210.66
A29: 6 | B29: 0.19987826 | C29: =+$B29*C$3 -> 258734.95 | D29: =+$B29*D$3 -> 262762.33 | E29: =+$B29*E$3 -> 266155.8 | F29: =+$B29*F$3 -> 268915.38 | G29: =+$B29*G$3 -> 271041.05 | H29: =+$B29*H$3 -> 272532.82 | I29: =+$B29*I$3 -> 273390.69 | J29: =+$B29*J$3 -> 273614.66 | ... S29: =+$B29*S$3 -> 247104.82
A30: 7 | B30: 0.19944663 | C30: =+$B30*C$3 -> 258176.22 | D30: =+$B30*D$3 -> 262194.9 | E30: =+$B30*E$3 -> 265581.05 | F30: =+$B30*F$3 -> 268334.66 | G30: =+$B30*G$3 -> 270455.74 | H30: =+$B30*H$3 -> 271944.29 | I30: =+$B30*I$3 -> 272800.31 | J30: =+$B30*J$3 -> 273023.8 | ... S30: =+$B30*S$3 -> 246571.2
A31: 8 | B31: 0.19961855 | C31: =+$B31*C$3 -> 258398.76 | D31: =+$B31*D$3 -> 262420.91 | E31: =+$B31*E$3 -> 265809.97 | F31: =+$B31*F$3 -> 268565.96 | G31: =+$B31*G$3 -> 270688.87 | H31: =+$B31*H$3 -> 272178.7 | I31: =+$B31*I$3 -> 273035.46 | J31: =+$B31*J$3 -> 273259.14 | ... S31: =+$B31*S$3 -> 246783.74
A32: 9 | B32: 0.20028381 | C32: =+$B32*C$3 -> 259259.92 | D32: =+$B32*D$3 -> 263295.47 | E32: =+$B32*E$3 -> 266695.83 | F32: =+$B32*F$3 -> 269461.01 | G32: =+$B32*G$3 -> 271590.99 | H32: =+$B32*H$3 -> 273085.79 | I32: =+$B32*I$3 -> 273945.4 | J32: =+$B32*J$3 -> 274169.82 | ... S32: =+$B32*S$3 -> 247606.19
A33: 10 | B33: 0.20207706 | C33: =+$B33*C$4 -> 242153.32 | D33: =+$B33*D$4 -> 245710.58 | E33: =+$B33*E$4 -> 248961.48 | F33: =+$B33*F$4 -> 251906.02 | G33: =+$B33*G$4 -> 254544.19 | H33: =+$B33*H$4 -> 256876 | I33: =+$B33*I$4 -> 258901.45 | J33: =+$B33*J$4 -> 260620.54 | ... S33: =+$B33*S$4 -> 262305.96
A34: 11 | B34: 0.20237242 | C34: =+$B34*C$4 -> 242507.25 | D34: =+$B34*D$4 -> 246069.71 | E34: =+$B34*E$4 -> 249325.36 | F34: =+$B34*F$4 -> 252274.2 | G34: =+$B34*G$4 -> 254916.23 | H34: =+$B34*H$4 -> 257251.45 | I34: =+$B34*I$4 -> 259279.86 | J34: =+$B34*J$4 -> 261001.45 | ... S34: =+$B34*S$4 -> 262689.34
A35: 12 | B35: 0.20146421 | C35: =+$B35*C$4 -> 241418.92 | D35: =+$B35*D$4 -> 244965.39 | E35: =+$B35*E$4 -> 248206.44 | F35: =+$B35*F$4 -> 251142.04 | G35: =+$B35*G$4 -> 253772.21 | H35: =+$B35*H$4 -> 256096.95 | I35: =+$B35*I$4 -> 258116.26 | J35: =+$B35*J$4 -> 259830.13 | ... S35: =+$B35*S$4 -> 261510.45
A36: 13 | B36: 0.19892455 | C36: =+$B36*C$4 -> 238375.59 | D36: =+$B36*D$4 -> 241877.36 | E36: =+$B36*E$4 -> 245077.54 | F36: =+$B36*F$4 -> 247976.14 | G36: =+$B36*G$4 -> 250573.16 | H36: =+$B36*H$4 -> 252868.59 | I36: =+$B36*I$4 -> 254862.44 | J36: =+$B36*J$4 -> 256554.71 | ... S36: =+$B36*S$4 -> 258213.84
A37: 14 | B37: 0.19516176 | C37: =+$B37*C$4 -> 233866.56 | D37: =+$B37*D$4 -> 237302.09 | E37: =+$B37*E$4 -> 240441.74 | F37: =+$B37*F$4 -> 243285.51 | G37: =+$B37*G$4 -> 245833.4 | H37: =+$B37*H$4 -> 248085.42 | I37: =+$B37*I$4 -> 250041.55 | J37: =+$B37*J$4 -> 251701.81 | ... S37: =+$B37*S$4 -> 253329.56
A38: 15 | B38: 0.2082231 | C38: =+$B38*C$5 -> 220374.21 | D38: =+$B38*D$5 -> 224083.06 | E38: =+$B38*E$5 -> 227779.23 | F38: =+$B38*F$5 -> 231462.74 | G38: =+$B38*G$5 -> 235133.57 | H38: =+$B38*H$5 -> 238791.73 | I38: =+$B38*I$5 -> 242437.21 | J38: =+$B38*J$5 -> 246070.03 | ... S38: =+$B38*S$5 -> 278195.13
A39: 16 | B39: 0.20363426 | C39: =+$B39*C$5 -> 215517.58 | D39: =+$B39*D$5 -> 219144.69 | E39: =+$B39*E$5 -> 222759.41 | F39: =+$B39*F$5 -> 226361.73 | G39: =+$B39*G$5 -> 229951.66 | H39: =+$B39*H$5 -> 233529.2 | I39: =+$B39*I$5 -> 237094.35 | J39: =+$B39*J$5 -> 240647.1 | ... S39: =+$B39*S$5 -> 272064.23
A40: 17 | B40: 0.19941361 | C40: =+$B40*C$5 -> 211050.63 | D40: =+$B40*D$5 -> 214602.57 | E40: =+$B40*E$5 -> 218142.36 | F40: =+$B40*F$5 -> 221670.02 | G40: =+$B40*G$5 -> 225185.55 | H40: =+$B40*H$5 -> 228688.94 | I40: =+$B40*I$5 -> 232180.19 | J40: =+$B40*J$5 -> 235659.31 | ... S40: =+$B40*S$5 -> 266425.26
A41: 18 | B41: 0.19589796 | C41: =+$B41*C$5 -> 207329.82 | D41: =+$B41*D$5 -> 210819.13 | E41: =+$B41*E$5 -> 214296.52 | F41: =+$B41*F$5 -> 217761.99 | G41: =+$B41*G$5 -> 221215.53 | H41: =+$B41*H$5 -> 224657.16 | I41: =+$B41*I$5 -> 228086.86 | J41: =+$B41*J$5 -> 231504.64 | ... S41: =+$B41*S$5 -> 261728.19
A42: 19 | B42: 0.19283107 | C42: =+$B42*C$5 -> 204083.96 | D42: =+$B42*D$5 -> 207518.64 | E42: =+$B42*E$5 -> 210941.59 | F42: =+$B42*F$5 -> 214352.81 | G42: =+$B42*G$5 -> 217752.29 | H42: =+$B42*H$5 -> 221140.03 | I42: =+$B42*I$5 -> 224516.04 | J42: =+$B42*J$5 -> 227880.32 | ... S42: =+$B42*S$5 -> 257630.7
A43: 20 | B43: 0.20926894 | C43: =+$B43*C$6 -> 200846.31 | D43: =+$B43*D$6 -> 205077.89 | E43: =+$B43*E$6 -> 209304.02 | F43: =+$B43*F$6 -> 213524.69 | G43: =+$B43*G$6 -> 217739.91 | H43: =+$B43*H$6 -> 221949.69 | I43: =+$B43*I$6 -> 226154 | J43: =+$B43*J$6 -> 230352.87 | ... S43: =+$B43*S$6 -> 267897.37
A44: 21 | B44: 0.20571086 | C44: =+$B44*C$6 -> 197431.44 | D44: =+$B44*D$6 -> 201591.07 | E44: =+$B44*E$6 -> 205745.34 | F44: =+$B44*F$6 -> 209894.25 | G44: =+$B44*G$6 -> 214037.8 | H44: =+$B44*H$6 -> 218176 | I44: =+$B44*I$6 -> 222308.83 | J44: =+$B44*J$6 -> 226436.31 | ... S44: =+$B44*S$6 -> 263342.46
A45: 22 | B45: 0.20116686 | C45: =+$B45*C$6 -> 193070.32 | D45: =+$B45*D$6 -> 197138.07 | E45: =+$B45*E$6 -> 201200.57 | F45: =+$B45*F$6 -> 205257.84 | G45: =+$B45*G$6 -> 209309.87 | H45: =+$B45*H$6 -> 213356.65 | I45: =+$B45*I$6 -> 217398.2 | J45: =+$B45*J$6 -> 221434.5 | ... S45: =+$B45*S$6 -> 257525.42
A46: 23 | B46: 0.19528375 | C46: =+$B46*C$6 -> 187424 | D46: =+$B46*D$6 -> 191372.78 | E46: =+$B46*E$6 -> 195316.48 | F46: =+$B46*F$6 -> 199255.09 | G46: =+$B46*G$6 -> 203188.62 | H46: =+$B46*H$6 -> 207117.05 | I46: =+$B46*I$6 -> 211040.4 | J46: =+$B46*J$6 -> 214958.67 | ... S46: =+$B46*S$6 -> 249994.11
A47: 24 | B47: 0.18856958 | C47: =+$B47*C$6 -> 180980.06 | D47: =+$B47*D$6 -> 184793.08 | E47: =+$B47*E$6 -> 188601.19 | F47: =+$B47*F$6 -> 192404.38 | G47: =+$B47*G$6 -> 196202.67 | H47: =+$B47*H$6 -> 199996.04 | I47: =+$B47*I$6 -> 203784.5 | J47: =+$B47*J$6 -> 207568.04 | ... S47: =+$B47*S$6 -> 241398.91
A48: 25 | B48: 0.21089604 | C48: =+$B48*C$7 -> 174506.72 | D48: =+$B48*D$7 -> 177427.9 | E48: =+$B48*E$7 -> 180542.78 | F48: =+$B48*F$7 -> 183851.36 | G48: =+$B48*G$7 -> 187353.65 | H48: =+$B48*H$7 -> 191049.64 | I48: =+$B48*I$7 -> 194939.33 | J48: =+$B48*J$7 -> 199022.73 | ... S48: =+$B48*S$7 -> 244489.97
A49: 26 | B49: 0.20332082 | C49: =+$B49*C$7 -> 168238.58 | D49: =+$B49*D$7 -> 171054.83 | E49: =+$B49*E$7 -> 174057.82 | F49: =+$B49*F$7 -> 177247.56 | G49: =+$B49*G$7 -> 180624.05 | H49: =+$B49*H$7 -> 184187.28 | I49: =+$B49*I$7 -> 187937.26 | J49: =+$B49*J$7 -> 191873.99 | ... S49: =+$B49*S$7 -> 235708.08
A50: 27 | B50: 0.19764495 | C50: =+$B50*C$7 -> 163542.06 | D50: =+$B50*D$7 -> 166279.69 | E50: =+$B50*E$7 -> 169198.85 | F50: =+$B50*F$7 -> 172299.55 | G50: =+$B50*G$7 -> 175581.78 | H50: =+$B50*H$7 -> 179045.54 | I50: =+$B50*I$7 -> 182690.84 | J50: =+$B50*J$7 -> 186517.66 | ... S50: =+$B50*S$7 -> 229128.09
A51: 28 | B51: 0.19461692 | C51: =+$B51*C$7 -> 161036.51 | D51: =+$B51*D$7 -> 163732.19 | E51: =+$B51*E$7 -> 166606.64 | F51: =+$B51*F$7 -> 169659.83 | G51: =+$B51*G$7 -> 172891.77 | H51: =+$B51*H$7 -> 176302.47 | I51: =+$B51*I$7 -> 179891.91 | J51: =+$B51*J$7 -> 183660.11 | ... S51: =+$B51*S$7 -> 225617.73
A52: 29 | B52: 0.19352126 | C52: =+$B52*C$7 -> 160129.9 | D52: =+$B52*D$7 -> 162810.41 | E52: =+$B52*E$7 -> 165668.67 | F52: =+$B52*F$7 -> 168704.67 | G52: =+$B52*G$7 -> 171918.42 | H52: =+$B52*H$7 -> 175309.91 | I52: =+$B52*I$7 -> 178879.15 | J52: =+$B52*J$7 -> 182626.14 | ... S52: =+$B52*S$7 -> 224347.54
A53: 30 | B53: 0.20328615 | C53: =+$B53*C$8 -> 152171.64 | D53: =+$B53*D$8 -> 155720.16 | E53: =+$B53*E$8 -> 159400.38 | F53: =+$B53*F$8 -> 163212.31 | G53: =+$B53*G$8 -> 167155.93 | H53: =+$B53*H$8 -> 171231.25 | I53: =+$B53*I$8 -> 175438.27 | J53: =+$B53*J$8 -> 179776.99 | ... S53: =+$B53*S$8 -> 224751.99
A54: 31 | B54: 0.20213547 | C54: =+$B54*C$8 -> 151310.29 | D54: =+$B54*D$8 -> 154838.73 | E54: =+$B54*E$8 -> 158498.12 | F54: =+$B54*F$8 -> 162288.46 | G54: =+$B54*G$8 -> 166209.76 | H54: =+$B54*H$8 -> 170262.01 | I54: =+$B54*I$8 -> 174445.22 | J54: =+$B54*J$8 -> 178759.38 | ... S54: =+$B54*S$8 -> 223479.8
A55: 32 | B55: 0.20063692 | C55: =+$B55*C$8 -> 150188.54 | D55: =+$B55*D$8 -> 153690.82 | E55: =+$B55*E$8 -> 157323.08 | F55: =+$B55*F$8 -> 161085.32 | G55: =+$B55*G$8 -> 164977.55 | H55: =+$B55*H$8 -> 168999.76 | I55: =+$B55*I$8 -> 173151.96 | J55: =+$B55*J$8 -> 177434.14 | ... S55: =+$B55*S$8 -> 221823.02
A56: 33 | B56: 0.19841546 | C56: =+$B56*C$8 -> 148525.64 | D56: =+$B56*D$8 -> 151989.14 | E56: =+$B56*E$8 -> 155581.19 | F56: =+$B56*F$8 -> 159301.78 | G56: =+$B56*G$8 -> 163150.91 | H56: =+$B56*H$8 -> 167128.59 | I56: =+$B56*I$8 -> 171234.81 | J56: =+$B56*J$8 -> 175469.58 | ... S56: =+$B56*S$8 -> 219366.99
A57: 34 | B57: 0.19552599 | C57: =+$B57*C$8 -> 146362.7 | D57: =+$B57*D$8 -> 149775.77 | E57: =+$B57*E$8 -> 153315.5 | F57: =+$B57*F$8 -> 156981.91 | G57: =+$B57*G$8 -> 160774.99 | H57: =+$B57*H$8 -> 164694.74 | I57: =+$B57*I$8 -> 168741.16 | J57: =+$B57*J$8 -> 172914.26 | ... S57: =+$B57*S$8 -> 216172.4
A58: 35 | B58: 0.2094551 | C58: =+$B58*C$9 -> 139157.81 | D58: =+$B58*D$9 -> 143011.01 | E58: =+$B58*E$9 -> 146835.23 | F58: =+$B58*F$9 -> 150630.45 | G58: =+$B58*G$9 -> 154396.67 | H58: =+$B58*H$9 -> 158133.89 | I58: =+$B58*I$9 -> 161842.13 | J58: =+$B58*J$9 -> 165521.36 | ... S58: =+$B58*S$9 -> 197329.68
A59: 36 | B59: 0.20637779 | C59: =+$B59*C$9 -> 137113.31 | D59: =+$B59*D$9 -> 140909.9 | E59: =+$B59*E$9 -> 144677.93 | F59: =+$B59*F$9 -> 148417.39 | G59: =+$B59*G$9 -> 152128.28 | H59: =+$B59*H$9 -> 155810.6 | I59: =+$B59*I$9 -> 159464.35 | J59: =+$B59*J$9 -> 163089.53 | ... S59: =+$B59*S$9 -> 194430.53
A60: 37 | B60: 0.20177364 | C60: =+$B60*C$9 -> 134054.4 | D60: =+$B60*D$9 -> 137766.3 | E60: =+$B60*E$9 -> 141450.27 | F60: =+$B60*F$9 -> 145106.3 | G60: =+$B60*G$9 -> 148734.4 | H60: =+$B60*H$9 -> 152334.57 | I60: =+$B60*I$9 -> 155906.81 | J60: =+$B60*J$9 -> 159451.11 | ... S60: =+$B60*S$9 -> 190092.91
A61: 38 | B61: 0.19518507 | C61: =+$B61*C$9 -> 129677.08 | D61: =+$B61*D$9 -> 133267.78 | E61: =+$B61*E$9 -> 136831.45 | F61: =+$B61*F$9 -> 140368.1 | G61: =+$B61*G$9 -> 143877.73 | H61: =+$B61*H$9 -> 147360.35 | I61: =+$B61*I$9 -> 150815.94 | J61: =+$B61*J$9 -> 154244.51 | ... S61: =+$B61*S$9 -> 183885.75
A62: 39 | B62: 0.1872084 | C62: =+$B62*C$9 -> 124377.55 | D62: =+$B62*D$9 -> 127821.5 | E62: =+$B62*E$9 -> 131239.53 | F62: =+$B62*F$9 -> 134631.65 | G62: =+$B62*G$9 -> 137997.85 | H62: =+$B62*H$9 -> 141338.14 | I62: =+$B62*I$9 -> 144652.51 | J62: =+$B62*J$9 -> 147940.97 | ... S62: =+$B62*S$9 -> 176370.86
A63: 40 | B63: 0.21669228 | C63: =+$B63*C$10 -> 121986.15 | D63: =+$B63*D$10 -> 127063.6 | E63: =+$B63*E$10 -> 132024.81 | F63: =+$B63*F$10 -> 136869.78 | G63: =+$B63*G$10 -> 141598.52 | H63: =+$B63*H$10 -> 146211.03 | I63: =+$B63*I$10 -> 150707.29 | J63: =+$B63*J$10 -> 155087.32 | ... S63: =+$B63*S$10 -> 189276.94
A64: 41 | B64: 0.20663689 | C64: =+$B64*C$10 -> 116325.5 | D64: =+$B64*D$10 -> 121167.33 | E64: =+$B64*E$10 -> 125898.33 | F64: =+$B64*F$10 -> 130518.48 | G64: =+$B64*G$10 -> 135027.78 | H64: =+$B64*H$10 -> 139426.25 | I64: =+$B64*I$10 -> 143713.87 | J64: =+$B64*J$10 -> 147890.65 | ... S64: =+$B64*S$10 -> 180493.73
A65: 42 | B65: 0.19805013 | C65: =+$B65*C$10 -> 111491.62 | D65: =+$B65*D$10 -> 116132.25 | E65: =+$B65*E$10 -> 120666.65 | F65: =+$B65*F$10 -> 125094.81 | G65: =+$B65*G$10 -> 129416.73 | H65: =+$B65*H$10 -> 133632.42 | I65: =+$B65*I$10 -> 137741.87 | J65: =+$B65*J$10 -> 141745.08 | ... S65: =+$B65*S$10 -> 172993.35
A66: 43 | B66: 0.19168891 | C66: =+$B66*C$10 -> 107910.59 | D66: =+$B66*D$10 -> 112402.17 | E66: =+$B66*E$10 -> 116790.92 | F66: =+$B66*F$10 -> 121076.86 | G66: =+$B66*G$10 -> 125259.96 | H66: =+$B66*H$10 -> 129340.24 | I66: =+$B66*I$10 -> 133317.7 | J66: =+$B66*J$10 -> 137192.33 | ... S66: =+$B66*S$10 -> 167436.94
A67: 44 | B67: 0.18693179 | C67: =+$B67*C$10 -> 105232.59 | D67: =+$B67*D$10 -> 109612.7 | E67: =+$B67*E$10 -> 113892.54 | F67: =+$B67*F$10 -> 118072.11 | G67: =+$B67*G$10 -> 122151.4 | H67: =+$B67*H$10 -> 126130.42 | I67: =+$B67*I$10 -> 130009.17 | J67: =+$B67*J$10 -> 133787.65 | ... S67: =+$B67*S$10 -> 163281.67
A68: 45 | B68: 0.21297716 | C68: =+$B68*C$11 -> 93018.577 | D68: =+$B68*D$11 -> 97781.485 | E68: =+$B68*E$11 -> 102461.4 | F68: =+$B68*F$11 -> 107058.32 | G68: =+$B68*G$11 -> 111572.25 | H68: =+$B68*H$11 -> 116003.18 | I68: =+$B68*I$11 -> 120351.12 | J68: =+$B68*J$11 -> 124616.07 | ... S68: =+$B68*S$11 -> 159265.89
A69: 46 | B69: 0.20722371 | C69: =+$B69*C$11 -> 90505.736 | D69: =+$B69*D$11 -> 95139.976 | E69: =+$B69*E$11 -> 99693.465 | F69: =+$B69*F$11 -> 104166.2 | G69: =+$B69*G$11 -> 108558.19 | H69: =+$B69*H$11 -> 112869.42 | I69: =+$B69*I$11 -> 117099.91 | J69: =+$B69*J$11 -> 121249.64 | ... S69: =+$B69*S$11 -> 154963.41
A70: 47 | B70: 0.20086992 | C70: =+$B70*C$11 -> 87730.692 | D70: =+$B70*D$11 -> 92222.839 | E70: =+$B70*E$11 -> 96636.711 | F70: =+$B70*F$11 -> 100972.31 | G70: =+$B70*G$11 -> 105229.63 | H70: =+$B70*H$11 -> 109408.67 | I70: =+$B70*I$11 -> 113509.44 | J70: =+$B70*J$11 -> 117531.94 | ... S70: =+$B70*S$11 -> 150212
A71: 48 | B71: 0.19351777 | C71: =+$B71*C$11 -> 84519.616 | D71: =+$B71*D$11 -> 88847.344 | E71: =+$B71*E$11 -> 93099.662 | F71: =+$B71*F$11 -> 97276.569 | G71: =+$B71*G$11 -> 101378.07 | H71: =+$B71*H$11 -> 105404.15 | I71: =+$B71*I$11 -> 109354.83 | J71: =+$B71*J$11 -> 113230.09 | ... S71: =+$B71*S$11 -> 144714.01
A72: 49 | B72: 0.18541144 | C72: =+$B72*C$11 -> 80979.143 | D72: =+$B72*D$11 -> 85125.585 | E72: =+$B72*E$11 -> 89199.776 | F72: =+$B72*F$11 -> 93201.715 | G72: =+$B72*G$11 -> 97131.403 | H72: =+$B72*H$11 -> 100988.84 | I72: =+$B72*I$11 -> 104774.02 | J72: =+$B72*J$11 -> 108486.96 | ... S72: =+$B72*S$11 -> 138652.04
A73: 50 | B73: 0.22032344 | C73: =+$B73*C$12 -> 76520.068 | D73: =+$B73*D$12 -> 80206.57 | E73: =+$B73*E$12 -> 83959.844 | F73: =+$B73*F$12 -> 87779.891 | G73: =+$B73*G$12 -> 91666.711 | H73: =+$B73*H$12 -> 95620.304 | I73: =+$B73*I$12 -> 99640.67 | J73: =+$B73*J$12 -> 103727.81 | ... S73: =+$B73*S$12 -> 143516.84
A74: 51 | B74: 0.21057962 | C74: =+$B74*C$12 -> 73135.965 | D74: =+$B74*D$12 -> 76659.43 | E74: =+$B74*E$12 -> 80246.716 | F74: =+$B74*F$12 -> 83897.821 | G74: =+$B74*G$12 -> 87612.747 | H74: =+$B74*H$12 -> 91391.492 | I74: =+$B74*I$12 -> 95234.057 | J74: =+$B74*J$12 -> 99140.442 | ... S74: =+$B74*S$12 -> 137169.8
A75: 52 | B75: 0.20042341 | C75: =+$B75*C$12 -> 69608.632 | D75: =+$B75*D$12 -> 72962.161 | E75: =+$B75*E$12 -> 76376.433 | F75: =+$B75*F$12 -> 79851.446 | G75: =+$B75*G$12 -> 83387.202 | H75: =+$B75*H$12 -> 86983.699 | I75: =+$B75*I$12 -> 90640.938 | J75: =+$B75*J$12 -> 94358.918 | ... S75: =+$B75*S$12 -> 130554.13
A76: 53 | B76: 0.18978208 | C76: =+$B76*C$12 -> 65912.815 | D76: =+$B76*D$12 -> 69088.292 | E76: =+$B76*E$12 -> 72321.285 | F76: =+$B76*F$12 -> 75611.796 | G76: =+$B76*G$12 -> 78959.823 | H76: =+$B76*H$12 -> 82365.367 | I76: =+$B76*I$12 -> 85828.427 | J76: =+$B76*J$12 -> 89349.005 | ... S76: =+$B76*S$12 -> 123622.46
A77: 54 | B77: 0.17889145 | C77: =+$B77*C$12 -> 62130.412 | D77: =+$B77*D$12 -> 65123.664 | E77: =+$B77*E$12 -> 68171.132 | F77: =+$B77*F$12 -> 71272.817 | G77: =+$B77*G$12 -> 74428.718 | H77: =+$B77*H$12 -> 77638.834 | I77: =+$B77*I$12 -> 80903.168 | J77: =+$B77*J$12 -> 84221.717 | ... S77: =+$B77*S$12 -> 116528.39
A78: 55 | B78: 0.22609614 | C78: =+$B78*C$13 -> 51861.076 | D78: =+$B78*D$13 -> 53590.635 | E78: =+$B78*E$13 -> 55657.467 | F78: =+$B78*F$13 -> 58061.572 | G78: =+$B78*G$13 -> 60802.948 | H78: =+$B78*H$13 -> 63881.598 | I78: =+$B78*I$13 -> 67297.52 | J78: =+$B78*J$13 -> 71050.715 | ... S78: =+$B78*S$13 -> 120006.73
A79: 56 | B79: 0.21195123 | C79: =+$B79*C$13 -> 48616.572 | D79: =+$B79*D$13 -> 50237.928 | E79: =+$B79*E$13 -> 52175.455 | F79: =+$B79*F$13 -> 54429.155 | G79: =+$B79*G$13 -> 56999.028 | H79: =+$B79*H$13 -> 59885.072 | I79: =+$B79*I$13 -> 63087.289 | J79: =+$B79*J$13 -> 66605.679 | ... S79: =+$B79*S$13 -> 112498.94
A80: 57 | B80: 0.19878083 | C80: =+$B80*C$13 -> 45595.595 | D80: =+$B80*D$13 -> 47116.201 | E80: =+$B80*E$13 -> 48933.333 | F80: =+$B80*F$13 -> 51046.991 | G80: =+$B80*G$13 -> 53457.174 | H80: =+$B80*H$13 -> 56163.883 | I80: =+$B80*I$13 -> 59167.118 | J80: =+$B80*J$13 -> 62466.879 | ... S80: =+$B80*S$13 -> 105508.38
A81: 58 | B81: 0.18692746 | C81: =+$B81*C$13 -> 42876.715 | D81: =+$B81*D$13 -> 44306.647 | E81: =+$B81*E$13 -> 46015.423 | F81: =+$B81*F$13 -> 48003.042 | G81: =+$B81*G$13 -> 50269.506 | H81: =+$B81*H$13 -> 52814.813 | I81: =+$B81*I$13 -> 55638.964 | J81: =+$B81*J$13 -> 58741.959 | ... S81: =+$B81*S$13 -> 99216.885
A82: 59 | B82: 0.17624434 | C82: =+$B82*C$13 -> 40426.259 | D82: =+$B82*D$13 -> 41774.469 | E82: =+$B82*E$13 -> 43385.586 | F82: =+$B82*F$13 -> 45259.611 | G82: =+$B82*G$13 -> 47396.544 | H82: =+$B82*H$13 -> 49796.384 | I82: =+$B82*I$13 -> 52459.131 | J82: =+$B82*J$13 -> 55384.786 | ... S82: =+$B82*S$13 -> 93546.522
A83: 60 | B83: 0.2228941 | C83: =+$B83*C$14 -> 42840.951 | D83: =+$B83*D$14 -> 44017.679 | E83: =+$B83*E$14 -> 45437.608 | F83: =+$B83*F$14 -> 47100.739 | G83: =+$B83*G$14 -> 49007.072 | H83: =+$B83*H$14 -> 51156.606 | I83: =+$B83*I$14 -> 53549.342 | J83: =+$B83*J$14 -> 56185.279 | ... S83: =+$B83*S$14 -> 90852.786
A84: 61 | B84: 0.20974337 | C84: =+$B84*C$14 -> 40313.339 | D84: =+$B84*D$14 -> 41420.64 | E84: =+$B84*E$14 -> 42756.794 | F84: =+$B84*F$14 -> 44321.8 | G84: =+$B84*G$14 -> 46115.659 | H84: =+$B84*H$14 -> 48138.371 | I84: =+$B84*I$14 -> 50389.936 | J84: =+$B84*J$14 -> 52870.353 | ... S84: =+$B84*S$14 -> 85492.48
A85: 62 | B85: 0.19823906 | C85: =+$B85*C$14 -> 38102.174 | D85: =+$B85*D$14 -> 39148.741 | E85: =+$B85*E$14 -> 40411.607 | F85: =+$B85*F$14 -> 41890.774 | G85: =+$B85*G$14 -> 43586.241 | H85: =+$B85*H$14 -> 45498.008 | I85: =+$B85*I$14 -> 47626.075 | J85: =+$B85*J$14 -> 49970.443 | ... S85: =+$B85*S$14 -> 80803.264
A86: 63 | B86: 0.1886271 | C86: =+$B86*C$14 -> 36254.726 | D86: =+$B86*D$14 -> 37250.548 | E86: =+$B86*E$14 -> 38452.182 | F86: =+$B86*F$14 -> 39859.629 | G86: =+$B86*G$14 -> 41472.888 | H86: =+$B86*H$14 -> 43291.96 | I86: =+$B86*I$14 -> 45316.845 | J86: =+$B86*J$14 -> 47547.542 | ... S86: =+$B86*S$14 -> 76885.382
A87: 64 | B87: 0.18049637 | C87: =+$B87*C$14 -> 34691.973 | D87: =+$B87*D$14 -> 35644.87 | E87: =+$B87*E$14 -> 36794.708 | F87: =+$B87*F$14 -> 38141.487 | G87: =+$B87*G$14 -> 39685.207 | H87: =+$B87*H$14 -> 41425.868 | I87: =+$B87*I$14 -> 43363.47 | J87: =+$B87*J$14 -> 45498.014 | ... S87: =+$B87*S$14 -> 73571.251
A88: 65 | B88: 0.21794993 | C88: =+$B88*C$15 -> 31006.666 | D88: =+$B88*D$15 -> 32104.895 | E88: =+$B88*E$15 -> 33284.151 | F88: =+$B88*F$15 -> 34544.435 | G88: =+$B88*G$15 -> 35885.746 | H88: =+$B88*H$15 -> 37308.086 | I88: =+$B88*I$15 -> 38811.453 | J88: =+$B88*J$15 -> 40395.848 | ... S88: =+$B88*S$15 -> 58301.649
A89: 66 | B89: 0.2090071 | C89: =+$B89*C$15 -> 29734.413 | D89: =+$B89*D$15 -> 30787.58 | E89: =+$B89*E$15 -> 31918.449 | F89: =+$B89*F$15 -> 33127.022 | G89: =+$B89*G$15 -> 34413.297 | H89: =+$B89*H$15 -> 35777.276 | I89: =+$B89*I$15 -> 37218.957 | J89: =+$B89*J$15 -> 38738.342 | ... S89: =+$B89*S$15 -> 55909.439
A90: 67 | B90: 0.20017768 | C90: =+$B90*C$15 -> 28478.295 | D90: =+$B90*D$15 -> 29486.971 | E90: =+$B90*E$15 -> 30570.067 | F90: =+$B90*F$15 -> 31727.584 | G90: =+$B90*G$15 -> 32959.521 | H90: =+$B90*H$15 -> 34265.879 | I90: =+$B90*I$15 -> 35646.657 | J90: =+$B90*J$15 -> 37101.856 | ... S90: =+$B90*S$15 -> 53547.567
A91: 68 | B91: 0.19109308 | C91: =+$B91*C$15 -> 27185.874 | D91: =+$B91*D$15 -> 28148.774 | E91: =+$B91*E$15 -> 29182.716 | F91: =+$B91*F$15 -> 30287.702 | G91: =+$B91*G$15 -> 31463.731 | H91: =+$B91*H$15 -> 32710.802 | I91: =+$B91*I$15 -> 34028.917 | J91: =+$B91*J$15 -> 35418.075 | ... S91: =+$B91*S$15 -> 51117.437
A92: 69 | B92: 0.18177222 | C92: =+$B92*C$15 -> 25859.841 | D92: =+$B92*D$15 -> 26775.773 | E92: =+$B92*E$15 -> 27759.284 | F92: =+$B92*F$15 -> 28810.372 | G92: =+$B92*G$15 -> 29929.038 | H92: =+$B92*H$15 -> 31115.282 | I92: =+$B92*I$15 -> 32369.104 | J92: =+$B92*J$15 -> 33690.503 | ... S92: =+$B92*S$15 -> 48624.103
A93: 70 | B93: 0.22571525 | C93: =+$B93*C$16 -> 25192.346 | D93: =+$B93*D$16 -> 26240.567 | E93: =+$B93*E$16 -> 27294.77 | F93: =+$B93*F$16 -> 28354.956 | G93: =+$B93*G$16 -> 29421.126 | H93: =+$B93*H$16 -> 30493.278 | I93: =+$B93*I$16 -> 31571.413 | J93: =+$B93*J$16 -> 32655.531 | ... S93: =+$B93*S$16 -> 42681.823
A94: 71 | B94: 0.21479474 | C94: =+$B94*C$16 -> 23973.495 | D94: =+$B94*D$16 -> 24971 | E94: =+$B94*E$16 -> 25974.199 | F94: =+$B94*F$16 -> 26983.092 | G94: =+$B94*G$16 -> 27997.678 | H94: =+$B94*H$16 -> 29017.958 | I94: =+$B94*I$16 -> 30043.931 | J94: =+$B94*J$16 -> 31075.597 | ... S94: =+$B94*S$16 -> 40616.799
A95: 72 | B95: 0.20212805 | C95: =+$B95*C$16 -> 22559.751 | D95: =+$B95*D$16 -> 23498.432 | E95: =+$B95*E$16 -> 24442.472 | F95: =+$B95*F$16 -> 25391.869 | G95: =+$B95*G$16 -> 26346.624 | H95: =+$B95*H$16 -> 27306.736 | I95: =+$B95*I$16 -> 28272.206 | J95: =+$B95*J$16 -> 29243.034 | ... S95: =+$B95*S$16 -> 38221.58
A96: 73 | B96: 0.18700071 | C96: =+$B96*C$16 -> 20871.37 | D96: =+$B96*D$16 -> 21739.8 | E96: =+$B96*E$16 -> 22613.187 | F96: =+$B96*F$16 -> 23491.531 | G96: =+$B96*G$16 -> 24374.832 | H96: =+$B96*H$16 -> 25263.089 | I96: =+$B96*I$16 -> 26156.303 | J96: =+$B96*J$16 -> 27054.474 | ... S96: =+$B96*S$16 -> 35361.062
A97: 74 | B97: 0.17036125 | C97: =+$B97*C$16 -> 19014.22 | D97: =+$B97*D$16 -> 19805.377 | E97: =+$B97*E$16 -> 20601.049 | F97: =+$B97*F$16 -> 21401.237 | G97: =+$B97*G$16 -> 22205.941 | H97: =+$B97*H$16 -> 23015.16 | I97: =+$B97*I$16 -> 23828.896 | J97: =+$B97*J$16 -> 24647.146 | ... S97: =+$B97*S$16 -> 32214.608
A98: 75 | B98: 0.33413433 | C98: =+$B98*C$17 -> 24549.457 | D98: =+$B98*D$17 -> 25628.044 | E98: =+$B98*E$17 -> 26721.097 | F98: =+$B98*F$17 -> 27828.616 | G98: =+$B98*G$17 -> 28950.601 | H98: =+$B98*H$17 -> 30087.052 | I98: =+$B98*I$17 -> 31237.968 | J98: =+$B98*J$17 -> 32403.351 | ... S98: =+$B98*S$17 -> 43542.757
A99: 76 | B99: 0.30086079 | C99: =+$B99*C$17 -> 22104.789 | D99: =+$B99*D$17 -> 23075.969 | E99: =+$B99*E$17 -> 24060.175 | F99: =+$B99*F$17 -> 25057.406 | G99: =+$B99*G$17 -> 26067.662 | H99: =+$B99*H$17 -> 27090.943 | I99: =+$B99*I$17 -> 28127.25 | J99: =+$B99*J$17 -> 29176.582 | ... S99: =+$B99*S$17 -> 39206.712
A100: 77 | B100: 0.27233296 | C100: =+$B100*C$17 -> 20008.798 | D100: =+$B100*D$17 -> 20887.89 | E100: =+$B100*E$17 -> 21778.773 | F100: =+$B100*F$17 -> 22681.445 | G100: =+$B100*G$17 -> 23595.908 | H100: =+$B100*H$17 -> 24522.162 | I100: =+$B100*I$17 -> 25460.205 | J100: =+$B100*J$17 -> 26410.039 | ... S100: =+$B100*S$17 -> 35489.105
A101: 78 | B101: 0.2492269 | C101: =+$B101*C$17 -> 18311.154 | D101: =+$B101*D$17 -> 19115.659 | E101: =+$B101*E$17 -> 19930.955 | F101: =+$B101*F$17 -> 20757.04 | G101: =+$B101*G$17 -> 21593.916 | H101: =+$B101*H$17 -> 22441.581 | I101: =+$B101*I$17 -> 23300.036 | J101: =+$B101*J$17 -> 24169.281 | ... S101: =+$B101*S$17 -> 32478.035
A102: 79 | B102: 0.23115437 | C102: =+$B102*C$17 -> 16983.332 | D102: =+$B102*D$17 -> 17729.499 | E102: =+$B102*E$17 -> 18485.674 | F102: =+$B102*F$17 -> 19251.857 | G102: =+$B102*G$17 -> 20028.046 | H102: =+$B102*H$17 -> 20814.244 | I102: =+$B102*I$17 -> 21610.449 | J102: =+$B102*J$17 -> 22416.661 | ... S102: =+$B102*S$17 -> 30122.911

Sheet Población por Edad F
C1: 1995 | D1: 1996 | E1: 1997 | F1: 1998 | G1: 1999 | H1: 2000 | I1: 2001 | J1: 2002 | K1: 2003 | L1: 2004 | M1: 2005 | N1: 2006 | O1: 2007 | P1: 2008 | Q1: 2009 | R1: 2010 | S1: 2011
B2: 0 a 4 | C2: 1195016.9 | D2: 1201480 | E2: 1206986.3 | F2: 1211535.9 | G2: 1215128.7 | H2: 1217764.7 | I2: 1219443.9 | J2: 1220166.4 | K2: 1219932.1 | L2: 1218741 | M2: 1216593.1 | N2: 1213488.5 | O2: 1209427.1 | P2: 1204408.9 | Q2: 1198434 | R2: 1191502.3 | S2: 1183613.8
B3: 5 a 9 | C3: 1248274.9 | D3: 1266899.4 | E3: 1282355.5 | F3: 1294643.2 | G3: 1303762.5 | H3: 1309713.5 | I3: 1312496.1 | J3: 1312110.3 | K3: 1308556.1 | L3: 1301833.6 | M3: 1291942.6 | N3: 1278883.3 | O3: 1262655.7 | P3: 1243259.6 | Q3: 1220695.2 | R3: 1194962.4 | S3: 1166061.2
B4: 10 a 14 | C4: 1178416.9 | D4: 1196156.1 | E4: 1211864.6 | F4: 1225542.3 | G4: 1237189.3 | H4: 1246805.6 | I4: 1254391.1 | J4: 1259945.8 | K4: 1263469.8 | L4: 1264963 | M4: 1264425.5 | N4: 1261857.3 | O4: 1257258.3 | P4: 1250628.5 | Q4: 1241968 | R4: 1231276.7 | S4: 1218554.7
B5: 15 a 19 | C5: 1050496.7 | D5: 1068806.6 | E5: 1086798.8 | F5: 1104473.3 | G5: 1121830 | H5: 1138869 | I5: 1155590.3 | J5: 1171993.9 | K5: 1188079.8 | L5: 1203848 | M5: 1219298.4 | N5: 1234431.1 | O5: 1249246.1 | P5: 1263743.4 | Q5: 1277923 | R5: 1291784.9 | S5: 1305329
B6: 20 a 24 | C6: 980785.71 | D6: 1002422.4 | E6: 1023670.4 | F6: 1044529.8 | G6: 1065000.4 | H6: 1085082.3 | I6: 1104775.6 | J6: 1124080.1 | K6: 1142996 | L6: 1161523.1 | M6: 1179661.6 | N6: 1197411.3 | O6: 1214772.4 | P6: 1231744.7 | Q6: 1248328.4 | R6: 1264523.4 | S6: 1280329.6
B7: 25 a 29 | C7: 863693.35 | D7: 878869.07 | E7: 894699.89 | F7: 911185.8 | G7: 928326.8 | H7: 946122.89 | I7: 964574.07 | J7: 983680.35 | K7: 1003441.7 | L7: 1023858.2 | M7: 1044929.7 | N7: 1066656.3 | O7: 1089038.1 | P7: 1112074.9 | Q7: 1135766.8 | R7: 1160113.8 | S7: 1185115.9
B8: 30 a 34 | C8: 784187.15 | D8: 802724.68 | E8: 821539.95 | F8: 840632.94 | G8: 860003.67 | H8: 879652.12 | I8: 899578.3 | J8: 919782.21 | K8: 940263.85 | L8: 961023.22 | M8: 982060.32 | N8: 1003375.1 | O8: 1024967.7 | P8: 1046838 | Q8: 1068986 | R8: 1091411.7 | S8: 1114115.2
B9: 35 a 39 | C9: 705876.29 | D9: 726585.36 | E9: 746675.3 | F9: 766146.09 | G9: 784997.73 | H9: 803230.24 | I9: 820843.6 | J9: 837837.82 | K9: 854212.9 | L9: 869968.84 | M9: 885105.64 | N9: 899623.29 | O9: 913521.8 | P9: 926801.17 | Q9: 939461.4 | R9: 951502.48 | S9: 962924.43
B10: 40 a 44 | C10: 594219.82 | D10: 619935.71 | E10: 644621.44 | F10: 668277 | G10: 690902.4 | H10: 712497.64 | I10: 733062.71 | J10: 752597.62 | K10: 771102.36 | L10: 788576.95 | M10: 805021.36 | N10: 820435.62 | O10: 834819.71 | P10: 848173.64 | Q10: 860497.4 | R10: 871791 | S10: 882054.44
B11: 45 a 49 | C11: 455930.24 | D11: 480432.67 | E11: 504376.02 | F11: 527760.26 | G11: 550585.4 | H11: 572851.44 | I11: 594558.39 | J11: 615706.24 | K11: 636294.98 | L11: 656324.63 | M11: 675795.18 | N11: 694706.63 | O11: 713058.99 | P11: 730852.24 | Q11: 748086.4 | R11: 764761.45 | S11: 780877.41
B12: 50 a 54 | C12: 361218.51 | D12: 379085.45 | E12: 397282.62 | F12: 415810 | G12: 434667.6 | H12: 453855.42 | I12: 473373.45 | J12: 493221.71 | K12: 513400.18 | L12: 533908.87 | M12: 554747.78 | N12: 575916.91 | O12: 597416.26 | P12: 619245.82 | Q12: 641405.6 | R12: 663895.6 | S12: 686715.82
B13: 55 a 59 | C13: 243386.67 | D13: 252436.14 | E13: 263067.97 | F13: 275282.17 | G13: 289078.73 | H13: 304457.66 | I13: 321418.95 | J13: 339962.61 | K13: 360088.63 | L13: 381797.01 | M13: 405087.76 | N13: 429960.87 | O13: 456416.35 | P13: 484454.2 | Q13: 514074.4 | R13: 545276.98 | S13: 578061.91
... B19: 85 y + | C19: 47691.235 | D19: 50532.675 | E19: 53422.015 | F19: 56359.257 | G19: 59344.4 | H19: 62377.444 | I19: 65458.39 | J19: 68587.236 | K19: 71763.984 | L19: 74988.633 | M19: 78261.183 | N19: 81581.635 | O19: 84949.987 | P19: 88366.241 | Q19: 91830.396 | R19: 95342.452 | S19: 98902.41
A22: edad | C22: 1995 | D22: 1996 | E22: 1997 | F22: 1998 | G22: 1999 | H22: 2000 | I22: 2001 | J22: 2002 | K22: 2003 | L22: 2004 | M22: 2005 | N22: 2006 | O22: 2007 | P22: 2008 | Q22: 2009 | R22: 2010 | S22: 2011
A23: 0 | B23: 0.20008085 | C23: =+$B23*C$2 -> 239100 | D23: =+$B23*D$2 -> 240393.14 | E23: =+$B23*E$2 -> 241494.85 | F23: =+$B23*F$2 -> 242405.13 | G23: =+$B23*G$2 -> 243123.98 | H23: =+$B23*H$2 -> 243651.39 | I23: =+$B23*I$2 -> 243987.38 | J23: =+$B23*J$2 -> 244131.93 | ... S23: =+$B23*S$2 -> 236818.46
A24: 1 | B24: 0.20076354 | C24: =+$B24*C$2 -> 239915.82 | D24: =+$B24*D$2 -> 241213.37 | E24: =+$B24*E$2 -> 242318.84 | F24: =+$B24*F$2 -> 243232.23 | G24: =+$B24*G$2 -> 243953.53 | H24: =+$B24*H$2 -> 244482.74 | I24: =+$B24*I$2 -> 244819.87 | J24: =+$B24*J$2 -> 244964.92 | ... S24: =+$B24*S$2 -> 237626.49
A25: 2 | B25: 0.20058816 | C25: =+$B25*C$2 -> 239706.25 | D25: =+$B25*D$2 -> 241002.67 | E25: =+$B25*E$2 -> 242107.17 | F25: =+$B25*F$2 -> 243019.76 | G25: =+$B25*G$2 -> 243740.43 | H25: =+$B25*H$2 -> 244269.18 | I25: =+$B25*I$2 -> 244606.01 | J25: =+$B25*J$2 -> 244750.93 | ... S25: =+$B25*S$2 -> 237418.92
A26: 3 | B26: 0.19982485 | C26: =+$B26*C$2 -> 238794.07 | D26: =+$B26*D$2 -> 240085.56 | E26: =+$B26*E$2 -> 241185.86 | F26: =+$B26*F$2 -> 242094.97 | G26: =+$B26*G$2 -> 242812.9 | H26: =+$B26*H$2 -> 243339.64 | I26: =+$B26*I$2 -> 243675.19 | J26: =+$B26*J$2 -> 243819.56 | ... S26: =+$B26*S$2 -> 236515.45
A27: 4 | B27: 0.1987426 | C27: =+$B27*C$2 -> 237500.77 | D27: =+$B27*D$2 -> 238785.27 | E27: =+$B27*E$2 -> 239879.61 | F27: =+$B27*F$2 -> 240783.8 | G27: =+$B27*G$2 -> 241497.84 | H27: =+$B27*H$2 -> 242021.72 | I27: =+$B27*I$2 -> 242355.46 | J27: =+$B27*J$2 -> 242499.04 | ... S27: =+$B27*S$2 -> 235234.49
A28: 5 | B28: 0.20077275 | C28: =+$B28*C$3 -> 250619.59 | D28: =+$B28*D$3 -> 254358.88 | E28: =+$B28*E$3 -> 257462.04 | F28: =+$B28*F$3 -> 259929.08 | G28: =+$B28*G$3 -> 261759.99 | H28: =+$B28*H$3 -> 262954.78 | I28: =+$B28*I$3 -> 263513.45 | J28: =+$B28*J$3 -> 263435.99 | ... S28: =+$B28*S$3 -> 234113.32
A29: 6 | B29: 0.19987826 | C29: =+$B29*C$3 -> 249503.03 | D29: =+$B29*D$3 -> 253225.65 | E29: =+$B29*E$3 -> 256314.99 | F29: =+$B29*F$3 -> 258771.03 | G29: =+$B29*G$3 -> 260593.79 | H29: =+$B29*H$3 -> 261783.26 | I29: =+$B29*I$3 -> 262339.43 | J29: =+$B29*J$3 -> 262262.32 | ... S29: =+$B29*S$3 -> 233070.29
A30: 7 | B30: 0.19944663 | C30: =+$B30*C$3 -> 248964.23 | D30: =+$B30*D$3 -> 252678.82 | E30: =+$B30*E$3 -> 255761.48 | F30: =+$B30*F$3 -> 258212.22 | G30: =+$B30*G$3 -> 260031.04 | H30: =+$B30*H$3 -> 261217.94 | I30: =+$B30*I$3 -> 261772.92 | J30: =+$B30*J$3 -> 261695.97 | ... S30: =+$B30*S$3 -> 232566.98
A31: 8 | B31: 0.19961855 | C31: =+$B31*C$3 -> 249178.83 | D31: =+$B31*D$3 -> 252896.62 | E31: =+$B31*E$3 -> 255981.94 | F31: =+$B31*F$3 -> 258434.79 | G31: =+$B31*G$3 -> 260255.18 | H31: =+$B31*H$3 -> 261443.1 | I31: =+$B31*I$3 -> 261998.56 | J31: =+$B31*J$3 -> 261921.55 | ... S31: =+$B31*S$3 -> 232767.45
A32: 9 | B32: 0.20028381 | C32: =+$B32*C$3 -> 250009.26 | D32: =+$B32*D$3 -> 253739.44 | E32: =+$B32*E$3 -> 256835.05 | F32: =+$B32*F$3 -> 259296.08 | G32: =+$B32*G$3 -> 261122.53 | H32: =+$B32*H$3 -> 262314.41 | I32: =+$B32*I$3 -> 262871.72 | J32: =+$B32*J$3 -> 262794.45 | ... S32: =+$B32*S$3 -> 233543.19
A33: 10 | B33: 0.20207706 | C33: =+$B33*C$4 -> 238131.02 | D33: =+$B33*D$4 -> 241715.72 | E33: =+$B33*E$4 -> 244890.04 | F33: =+$B33*F$4 -> 247654 | G33: =+$B33*G$4 -> 250007.59 | H33: =+$B33*H$4 -> 251950.81 | I33: =+$B33*I$4 -> 253483.66 | J33: =+$B33*J$4 -> 254606.15 | ... S33: =+$B33*S$4 -> 246241.96
A34: 11 | B34: 0.20237242 | C34: =+$B34*C$4 -> 238479.07 | D34: =+$B34*D$4 -> 242069 | E34: =+$B34*E$4 -> 245247.97 | F34: =+$B34*F$4 -> 248015.97 | G34: =+$B34*G$4 -> 250373 | H34: =+$B34*H$4 -> 252319.06 | I34: =+$B34*I$4 -> 253854.15 | J34: =+$B34*J$4 -> 254978.28 | ... S34: =+$B34*S$4 -> 246601.87
A35: 12 | B35: 0.20146421 | C35: =+$B35*C$4 -> 237408.82 | D35: =+$B35*D$4 -> 240982.64 | E35: =+$B35*E$4 -> 244147.34 | F35: =+$B35*F$4 -> 246902.92 | G35: =+$B35*G$4 -> 249249.37 | H35: =+$B35*H$4 -> 251186.7 | I35: =+$B35*I$4 -> 252714.9 | J35: =+$B35*J$4 -> 253833.98 | ... S35: =+$B35*S$4 -> 245495.17
A36: 13 | B36: 0.19892455 | C36: =+$B36*C$4 -> 234416.04 | D36: =+$B36*D$4 -> 237944.81 | E36: =+$B36*E$4 -> 241069.62 | F36: =+$B36*F$4 -> 243790.46 | G36: =+$B36*G$4 -> 246107.33 | H36: =+$B36*H$4 -> 248020.24 | I36: =+$B36*I$4 -> 249529.18 | J36: =+$B36*J$4 -> 250634.15 | ... S36: =+$B36*S$4 -> 242400.45
A37: 14 | B37: 0.19516176 | C37: =+$B37*C$4 -> 229981.91 | D37: =+$B37*D$4 -> 233443.93 | E37: =+$B37*E$4 -> 236509.63 | F37: =+$B37*F$4 -> 239179 | G37: =+$B37*G$4 -> 241452.05 | H37: =+$B37*H$4 -> 243328.77 | I37: =+$B37*I$4 -> 244809.17 | J37: =+$B37*J$4 -> 245893.24 | ... S37: =+$B37*S$4 -> 237815.29
A38: 15 | B38: 0.2082231 | C38: =+$B38*C$5 -> 218737.69 | D38: =+$B38*D$5 -> 222550.23 | E38: =+$B38*E$5 -> 226296.62 | F38: =+$B38*F$5 -> 229976.85 | G38: =+$B38*G$5 -> 233590.92 | H38: =+$B38*H$5 -> 237138.84 | I38: =+$B38*I$5 -> 240620.61 | J38: =+$B38*J$5 -> 244036.21 | ... S38: =+$B38*S$5 -> 271799.66
A39: 16 | B39: 0.20363426 | C39: =+$B39*C$5 -> 213917.12 | D39: =+$B39*D$5 -> 217645.64 | E39: =+$B39*E$5 -> 221309.47 | F39: =+$B39*F$5 -> 224908.59 | G39: =+$B39*G$5 -> 228443.02 | H39: =+$B39*H$5 -> 231912.75 | I39: =+$B39*I$5 -> 235317.78 | J39: =+$B39*J$5 -> 238658.11 | ... S39: =+$B39*S$5 -> 265809.7
A40: 17 | B40: 0.19941361 | C40: =+$B40*C$5 -> 209483.35 | D40: =+$B40*D$5 -> 213134.59 | E40: =+$B40*E$5 -> 216722.48 | F40: =+$B40*F$5 -> 220247 | G40: =+$B40*G$5 -> 223708.17 | H40: =+$B40*H$5 -> 227105.99 | I40: =+$B40*I$5 -> 230440.44 | J40: =+$B40*J$5 -> 233711.54 | ... S40: =+$B40*S$5 -> 260300.37
A41: 18 | B41: 0.19589796 | C41: =+$B41*C$5 -> 205790.16 | D41: =+$B41*D$5 -> 209377.03 | E41: =+$B41*E$5 -> 212901.66 | F41: =+$B41*F$5 -> 216364.05 | G41: =+$B41*G$5 -> 219764.2 | H41: =+$B41*H$5 -> 223102.11 | I41: =+$B41*I$5 -> 226377.78 | J41: =+$B41*J$5 -> 229591.21 | ... S41: =+$B41*S$5 -> 255711.28
A42: 19 | B42: 0.19283107 | C42: =+$B42*C$5 -> 202568.41 | D42: =+$B42*D$5 -> 206099.12 | E42: =+$B42*E$5 -> 209568.57 | F42: =+$B42*F$5 -> 212976.76 | G42: =+$B42*G$5 -> 216323.68 | H42: =+$B42*H$5 -> 219609.33 | I42: =+$B42*I$5 -> 222833.72 | J42: =+$B42*J$5 -> 225996.84 | ... S42: =+$B42*S$5 -> 251707.99
A43: 20 | B43: 0.20926894 | C43: =+$B43*C$6 -> 205247.99 | D43: =+$B43*D$6 -> 209775.88 | E43: =+$B43*E$6 -> 214222.43 | F43: =+$B43*F$6 -> 218587.64 | G43: =+$B43*G$6 -> 222871.51 | H43: =+$B43*H$6 -> 227074.03 | I43: =+$B43*I$6 -> 231195.22 | J43: =+$B43*J$6 -> 235235.06 | ... S43: =+$B43*S$6 -> 267933.23
A44: 21 | B44: 0.20571086 | C44: =+$B44*C$6 -> 201758.27 | D44: =+$B44*D$6 -> 206209.18 | E44: =+$B44*E$6 -> 210580.13 | F44: =+$B44*F$6 -> 214871.12 | G44: =+$B44*G$6 -> 219082.15 | H44: =+$B44*H$6 -> 223213.22 | I44: =+$B44*I$6 -> 227264.33 | J44: =+$B44*J$6 -> 231235.49 | ... S44: =+$B44*S$6 -> 263377.71
A45: 22 | B45: 0.20116686 | C45: =+$B45*C$6 -> 197301.58 | D45: =+$B45*D$6 -> 201654.17 | E45: =+$B45*E$6 -> 205928.57 | F45: =+$B45*F$6 -> 210124.77 | G45: =+$B45*G$6 -> 214242.79 | H45: =+$B45*H$6 -> 218282.61 | I45: =+$B45*I$6 -> 222244.23 | J45: =+$B45*J$6 -> 226127.67 | ... S45: =+$B45*S$6 -> 257559.89
A46: 23 | B46: 0.19528375 | C46: =+$B46*C$6 -> 191531.51 | D46: =+$B46*D$6 -> 195756.81 | E46: =+$B46*E$6 -> 199906.21 | F46: =+$B46*F$6 -> 203979.69 | G46: =+$B46*G$6 -> 207977.27 | H46: =+$B46*H$6 -> 211898.95 | I46: =+$B46*I$6 -> 215744.72 | J46: =+$B46*J$6 -> 219514.58 | ... S46: =+$B46*S$6 -> 250027.58
A47: 24 | B47: 0.18856958 | C47: =+$B47*C$6 -> 184946.35 | D47: =+$B47*D$6 -> 189026.38 | E47: =+$B47*E$6 -> 193033.11 | F47: =+$B47*F$6 -> 196966.54 | G47: =+$B47*G$6 -> 200826.68 | H47: =+$B47*H$6 -> 204613.52 | I47: =+$B47*I$6 -> 208327.07 | J47: =+$B47*J$6 -> 211967.32 | ... S47: =+$B47*S$6 -> 241431.23
A48: 25 | B48: 0.21089604 | C48: =+$B48*C$7 -> 182149.51 | D48: =+$B48*D$7 -> 185350.01 | E48: =+$B48*E$7 -> 188688.67 | F48: =+$B48*F$7 -> 192165.48 | G48: =+$B48*G$7 -> 195780.45 | H48: =+$B48*H$7 -> 199533.57 | I48: =+$B48*I$7 -> 203424.85 | J48: =+$B48*J$7 -> 207454.29 | ... S48: =+$B48*S$7 -> 249936.25
A49: 26 | B49: 0.20332082 | C49: =+$B49*C$7 -> 175606.84 | D49: =+$B49*D$7 -> 178692.38 | E49: =+$B49*E$7 -> 181911.12 | F49: =+$B49*F$7 -> 185263.04 | G49: =+$B49*G$7 -> 188748.17 | H49: =+$B49*H$7 -> 192366.48 | I49: =+$B49*I$7 -> 196117.99 | J49: =+$B49*J$7 -> 200002.7 | ... S49: =+$B49*S$7 -> 240958.74
A50: 27 | B50: 0.19764495 | C50: =+$B50*C$7 -> 170704.63 | D50: =+$B50*D$7 -> 173704.03 | E50: =+$B50*E$7 -> 176832.91 | F50: =+$B50*F$7 -> 180091.27 | G50: =+$B50*G$7 -> 183479.1 | H50: =+$B50*H$7 -> 186996.41 | I50: =+$B50*I$7 -> 190643.19 | J50: =+$B50*J$7 -> 194419.45 | ... S50: =+$B50*S$7 -> 234232.17
A51: 28 | B51: 0.19461692 | C51: =+$B51*C$7 -> 168089.34 | D51: =+$B51*D$7 -> 171042.8 | E51: =+$B51*E$7 -> 174123.74 | F51: =+$B51*F$7 -> 177332.18 | G51: =+$B51*G$7 -> 180668.11 | H51: =+$B51*H$7 -> 184131.53 | I51: =+$B51*I$7 -> 187722.44 | J51: =+$B51*J$7 -> 191440.84 | ... S51: =+$B51*S$7 -> 230643.61
A52: 29 | B52: 0.19352126 | C52: =+$B52*C$7 -> 167143.03 | D52: =+$B52*D$7 -> 170079.85 | E52: =+$B52*E$7 -> 173143.45 | F52: =+$B52*F$7 -> 176333.83 | G52: =+$B52*G$7 -> 179650.98 | H52: =+$B52*H$7 -> 183094.9 | I52: =+$B52*I$7 -> 186665.59 | J52: =+$B52*J$7 -> 190363.06 | ... S52: =+$B52*S$7 -> 229345.13
A53: 30 | B53: 0.20328615 | C53: =+$B53*C$8 -> 159414.39 | D53: =+$B53*D$8 -> 163182.81 | E53: =+$B53*E$8 -> 167007.69 | F53: =+$B53*F$8 -> 170889.04 | G53: =+$B53*G$8 -> 174826.84 | H53: =+$B53*H$8 -> 178821.09 | I53: =+$B53*I$8 -> 182871.81 | J53: =+$B53*J$8 -> 186978.99 | ... S53: =+$B53*S$8 -> 226484.19
A54: 31 | B54: 0.20213547 | C54: =+$B54*C$8 -> 158512.04 | D54: =+$B54*D$8 -> 162259.13 | E54: =+$B54*E$8 -> 166062.36 | F54: =+$B54*F$8 -> 169921.74 | G54: =+$B54*G$8 -> 173837.25 | H54: =+$B54*H$8 -> 177808.9 | I54: =+$B54*I$8 -> 181836.68 | J54: =+$B54*J$8 -> 185920.61 | ... S54: =+$B54*S$8 -> 225202.2
A55: 32 | B55: 0.20063692 | C55: =+$B55*C$8 -> 157336.9 | D55: =+$B55*D$8 -> 161056.21 | E55: =+$B55*E$8 -> 164831.25 | F55: =+$B55*F$8 -> 168662.01 | G55: =+$B55*G$8 -> 172548.49 | H55: =+$B55*H$8 -> 176490.7 | I55: =+$B55*I$8 -> 180488.62 | J55: =+$B55*J$8 -> 184542.27 | ... S55: =+$B55*S$8 -> 223532.65
A56: 33 | B56: 0.19841546 | C56: =+$B56*C$8 -> 155594.86 | D56: =+$B56*D$8 -> 159272.99 | E56: =+$B56*E$8 -> 163006.23 | F56: =+$B56*F$8 -> 166794.58 | G56: =+$B56*G$8 -> 170638.03 | H56: =+$B56*H$8 -> 174536.58 | I56: =+$B56*I$8 -> 178490.25 | J56: =+$B56*J$8 -> 182499.01 | ... S56: =+$B56*S$8 -> 221057.69
A57: 34 | B57: 0.19552599 | C57: =+$B57*C$8 -> 153328.97 | D57: =+$B57*D$8 -> 156953.54 | E57: =+$B57*E$8 -> 160632.41 | F57: =+$B57*F$8 -> 164365.59 | G57: =+$B57*G$8 -> 168153.07 | H57: =+$B57*H$8 -> 171994.85 | I57: =+$B57*I$8 -> 175890.94 | J57: =+$B57*J$8 -> 179841.33 | ... S57: =+$B57*S$8 -> 217838.48
A58: 35 | B58: 0.2094551 | C58: =+$B58*C$9 -> 147849.39 | D58: =+$B58*D$9 -> 152187.01 | E58: =+$B58*E$9 -> 156394.95 | F58: =+$B58*F$9 -> 160473.2 | G58: =+$B58*G$9 -> 164421.77 | H58: =+$B58*H$9 -> 168240.67 | I58: =+$B58*I$9 -> 171929.87 | J58: =+$B58*J$9 -> 175489.4 | ... S58: =+$B58*S$9 -> 201689.43
A59: 36 | B59: 0.20637779 | C59: =+$B59*C$9 -> 145677.19 | D59: =+$B59*D$9 -> 149951.08 | E59: =+$B59*E$9 -> 154097.2 | F59: =+$B59*F$9 -> 158115.54 | G59: =+$B59*G$9 -> 162006.1 | H59: =+$B59*H$9 -> 165768.88 | I59: =+$B59*I$9 -> 169403.89 | J59: =+$B59*J$9 -> 172911.12 | ... S59: =+$B59*S$9 -> 198726.22
A60: 37 | B60: 0.20177364 | C60: =+$B60*C$9 -> 142427.23 | D60: =+$B60*D$9 -> 146605.78 | E60: =+$B60*E$9 -> 150659.39 | F60: =+$B60*F$9 -> 154588.09 | G60: =+$B60*G$9 -> 158391.85 | H60: =+$B60*H$9 -> 162070.69 | I60: =+$B60*I$9 -> 165624.6 | J60: =+$B60*J$9 -> 169053.59 | ... S60: =+$B60*S$9 -> 194292.77
A61: 38 | B61: 0.19518507 | C61: =+$B61*C$9 -> 137776.51 | D61: =+$B61*D$9 -> 141818.61 | E61: =+$B61*E$9 -> 145739.87 | F61: =+$B61*F$9 -> 149540.28 | G61: =+$B61*G$9 -> 153219.84 | H61: =+$B61*H$9 -> 156778.55 | I61: =+$B61*I$9 -> 160216.42 | J61: =+$B61*J$9 -> 163533.43 | ... S61: =+$B61*S$9 -> 187948.47
A62: 39 | B62: 0.1872084 | C62: =+$B62*C$9 -> 132145.97 | D62: =+$B62*D$9 -> 136022.89 | E62: =+$B62*E$9 -> 139783.89 | F62: =+$B62*F$9 -> 143428.99 | G62: =+$B62*G$9 -> 146958.17 | H62: =+$B62*H$9 -> 150371.45 | I62: =+$B62*I$9 -> 153668.82 | J62: =+$B62*J$9 -> 156850.28 | ... S62: =+$B62*S$9 -> 180267.54
A63: 40 | B63: 0.21669228 | C63: =+$B63*C$10 -> 128762.85 | D63: =+$B63*D$10 -> 134335.28 | E63: =+$B63*E$10 -> 139684.49 | F63: =+$B63*F$10 -> 144810.47 | G63: =+$B63*G$10 -> 149713.22 | H63: =+$B63*H$10 -> 154392.74 | I63: =+$B63*I$10 -> 158849.03 | J63: =+$B63*J$10 -> 163082.09 | ... S63: =+$B63*S$10 -> 191134.39
A64: 41 | B64: 0.20663689 | C64: =+$B64*C$10 -> 122787.73 | D64: =+$B64*D$10 -> 128101.59 | E64: =+$B64*E$10 -> 133202.57 | F64: =+$B64*F$10 -> 138090.68 | G64: =+$B64*G$10 -> 142765.92 | H64: =+$B64*H$10 -> 147228.29 | I64: =+$B64*I$10 -> 151477.8 | J64: =+$B64*J$10 -> 155514.43 | ... S64: =+$B64*S$10 -> 182264.98
A65: 42 | B65: 0.19805013 | C65: =+$B65*C$10 -> 117685.31 | D65: =+$B65*D$10 -> 122778.35 | E65: =+$B65*E$10 -> 127667.36 | F65: =+$B65*F$10 -> 132352.35 | G65: =+$B65*G$10 -> 136833.31 | H65: =+$B65*H$10 -> 141110.25 | I65: =+$B65*I$10 -> 145183.17 | J65: =+$B65*J$10 -> 149052.06 | ... S65: =+$B65*S$10 -> 174691
A66: 43 | B66: 0.19168891 | C66: =+$B66*C$10 -> 113905.35 | D66: =+$B66*D$10 -> 118834.8 | E66: =+$B66*E$10 -> 123566.78 | F66: =+$B66*F$10 -> 128101.29 | G66: =+$B66*G$10 -> 132438.33 | H66: =+$B66*H$10 -> 136577.9 | I66: =+$B66*I$10 -> 140519.99 | J66: =+$B66*J$10 -> 144264.62 | ... S66: =+$B66*S$10 -> 169080.05
A67: 44 | B67: 0.18693179 | C67: =+$B67*C$10 -> 111078.57 | D67: =+$B67*D$10 -> 115885.69 | E67: =+$B67*E$10 -> 120500.24 | F67: =+$B67*F$10 -> 124922.22 | G67: =+$B67*G$10 -> 129151.62 | H67: =+$B67*H$10 -> 133188.46 | I67: =+$B67*I$10 -> 137032.72 | J67: =+$B67*J$10 -> 140684.42 | ... S67: =+$B67*S$10 -> 164884.02
A68: 45 | B68: 0.21297716 | C68: =+$B68*C$11 -> 97102.727 | D68: =+$B68*D$11 -> 102321.19 | E68: =+$B68*E$11 -> 107420.57 | F68: =+$B68*F$11 -> 112400.88 | G68: =+$B68*G$11 -> 117262.12 | H68: =+$B68*H$11 -> 122004.27 | I68: =+$B68*I$11 -> 126627.36 | J68: =+$B68*J$11 -> 131131.37 | ... S68: =+$B68*S$11 -> 166309.05
A69: 46 | B69: 0.20722371 | C69: =+$B69*C$11 -> 94479.555 | D69: =+$B69*D$11 -> 99557.042 | E69: =+$B69*E$11 -> 104518.67 | F69: =+$B69*F$11 -> 109364.44 | G69: =+$B69*G$11 -> 114094.35 | H69: =+$B69*H$11 -> 118708.4 | I69: =+$B69*I$11 -> 123206.6 | J69: =+$B69*J$11 -> 127588.93 | ... S69: =+$B69*S$11 -> 161816.32
A70: 47 | B70: 0.20086992 | C70: =+$B70*C$11 -> 91582.668 | D70: =+$B70*D$11 -> 96504.471 | E70: =+$B70*E$11 -> 101313.97 | F70: =+$B70*F$11 -> 106011.16 | G70: =+$B70*G$11 -> 110596.04 | H70: =+$B70*H$11 -> 115068.62 | I70: =+$B70*I$11 -> 119428.89 | J70: =+$B70*J$11 -> 123676.86 | ... S70: =+$B70*S$11 -> 156854.78
A71: 48 | B71: 0.19351777 | C71: =+$B71*C$11 -> 88230.604 | D71: =+$B71*D$11 -> 92972.262 | E71: =+$B71*E$11 -> 97605.724 | F71: =+$B71*F$11 -> 102130.99 | G71: =+$B71*G$11 -> 106548.06 | H71: =+$B71*H$11 -> 110856.94 | I71: =+$B71*I$11 -> 115057.62 | J71: =+$B71*J$11 -> 119150.1 | ... S71: =+$B71*S$11 -> 151113.66
A72: 49 | B72: 0.18541144 | C72: =+$B72*C$11 -> 84534.68 | D72: =+$B72*D$11 -> 89077.713 | E72: =+$B72*E$11 -> 93517.082 | F72: =+$B72*F$11 -> 97852.788 | G72: =+$B72*G$11 -> 102084.83 | H72: =+$B72*H$11 -> 106213.21 | I72: =+$B72*I$11 -> 110237.93 | J72: =+$B72*J$11 -> 114158.98 | ... S72: =+$B72*S$11 -> 144783.6
A73: 50 | B73: 0.22032344 | C73: =+$B73*C$12 -> 79584.903 | D73: =+$B73*D$12 -> 83521.41 | E73: =+$B73*E$12 -> 87530.672 | F73: =+$B73*F$12 -> 91612.688 | G73: =+$B73*G$12 -> 95767.459 | H73: =+$B73*H$12 -> 99994.985 | I73: =+$B73*I$12 -> 104295.27 | J73: =+$B73*J$12 -> 108668.3 | ... S73: =+$B73*S$12 -> 151299.59
A74: 51 | B74: 0.21057962 | C74: =+$B74*C$12 -> 76065.257 | D74: =+$B74*D$12 -> 79827.672 | E74: =+$B74*E$12 -> 83659.624 | F74: =+$B74*F$12 -> 87561.113 | G74: =+$B74*G$12 -> 91532.139 | H74: =+$B74*H$12 -> 95572.702 | I74: =+$B74*I$12 -> 99682.803 | J74: =+$B74*J$12 -> 103862.44 | ... S74: =+$B74*S$12 -> 144608.36
A75: 52 | B75: 0.20042341 | C75: =+$B75*C$12 -> 72396.645 | D75: =+$B75*D$12 -> 75977.599 | E75: =+$B75*E$12 -> 79624.737 | F75: =+$B75*F$12 -> 83338.058 | G75: =+$B75*G$12 -> 87117.562 | H75: =+$B75*H$12 -> 90963.25 | I75: =+$B75*I$12 -> 94875.122 | J75: =+$B75*J$12 -> 98853.176 | ... S75: =+$B75*S$12 -> 137633.93
A76: 53 | B76: 0.18978208 | C76: =+$B76*C$12 -> 68552.801 | D76: =+$B76*D$12 -> 71943.627 | E76: =+$B76*E$12 -> 75397.123 | F76: =+$B76*F$12 -> 78913.288 | G76: =+$B76*G$12 -> 82492.123 | H76: =+$B76*H$12 -> 86133.627 | I76: =+$B76*I$12 -> 89837.8 | J76: =+$B76*J$12 -> 93604.644 | ... S76: =+$B76*S$12 -> 130326.36
A77: 54 | B77: 0.17889145 | C77: =+$B77*C$12 -> 64618.902 | D77: =+$B77*D$12 -> 67815.146 | E77: =+$B77*E$12 -> 71070.463 | F77: =+$B77*F$12 -> 74384.853 | G77: =+$B77*G$12 -> 77758.317 | H77: =+$B77*H$12 -> 81190.853 | I77: =+$B77*I$12 -> 84682.463 | J77: =+$B77*J$12 -> 88233.146 | ... S77: =+$B77*S$12 -> 122847.59
A78: 55 | B78: 0.22609614 | C78: =+$B78*C$13 -> 55028.786 | D78: =+$B78*D$13 -> 57074.836 | E78: =+$B78*E$13 -> 59478.652 | F78: =+$B78*F$13 -> 62240.235 | G78: =+$B78*G$13 -> 65359.584 | H78: =+$B78*H$13 -> 68836.7 | I78: =+$B78*I$13 -> 72671.583 | J78: =+$B78*J$13 -> 76864.232 | ... S78: =+$B78*S$13 -> 130697.56
A79: 56 | B79: 0.21195123 | C79: =+$B79*C$13 -> 51586.106 | D79: =+$B79*D$13 -> 53504.152 | E79: =+$B79*E$13 -> 55757.582 | F79: =+$B79*F$13 -> 58346.396 | G79: =+$B79*G$13 -> 61270.594 | H79: =+$B79*H$13 -> 64530.176 | I79: =+$B79*I$13 -> 68125.143 | J79: =+$B79*J$13 -> 72055.494 | ... S79: =+$B79*S$13 -> 122520.94
A80: 57 | B80: 0.19878083 | C80: =+$B80*C$13 -> 48380.605 | D80: =+$B80*D$13 -> 50179.465 | E80: =+$B80*E$13 -> 52292.87 | F80: =+$B80*F$13 -> 54720.818 | G80: =+$B80*G$13 -> 57463.31 | H80: =+$B80*H$13 -> 60520.346 | I80: =+$B80*I$13 -> 63891.925 | J80: =+$B80*J$13 -> 67578.049 | ... S80: =+$B80*S$13 -> 114907.63
A81: 58 | B81: 0.18692746 | C81: =+$B81*C$13 -> 45495.654 | D81: =+$B81*D$13 -> 47187.248 | E81: =+$B81*E$13 -> 49174.63 | F81: =+$B81*F$13 -> 51457.798 | G81: =+$B81*G$13 -> 54036.755 | H81: =+$B81*H$13 -> 56911.498 | I81: =+$B81*I$13 -> 60082.03 | J81: =+$B81*J$13 -> 63548.348 | ... S81: =+$B81*S$13 -> 108055.65
A82: 59 | B82: 0.17624434 | C82: =+$B82*C$13 -> 42895.523 | D82: =+$B82*D$13 -> 44490.441 | E82: =+$B82*E$13 -> 46364.241 | F82: =+$B82*F$13 -> 48516.924 | G82: =+$B82*G$13 -> 50948.49 | H82: =+$B82*H$13 -> 53658.939 | I82: =+$B82*I$13 -> 56648.27 | J82: =+$B82*J$13 -> 59916.484 | ... S82: =+$B82*S$13 -> 101880.14
A83: 60 | B83: 0.2228941 | C83: =+$B83*C$14 -> 46546.468 | D83: =+$B83*D$14 -> 47964.008 | E83: =+$B83*E$14 -> 49623.193 | F83: =+$B83*F$14 -> 51524.022 | G83: =+$B83*G$14 -> 53666.495 | H83: =+$B83*H$14 -> 56050.612 | I83: =+$B83*I$14 -> 58676.373 | J83: =+$B83*J$14 -> 61543.779 | ... S83: =+$B83*S$14 -> 98224.419
A84: 61 | B84: 0.20974337 | C84: =+$B84*C$14 -> 43800.231 | D84: =+$B84*D$14 -> 45134.136 | E84: =+$B84*E$14 -> 46695.429 | F84: =+$B84*F$14 -> 48484.109 | G84: =+$B84*G$14 -> 50500.176 | H84: =+$B84*H$14 -> 52743.631 | I84: =+$B84*I$14 -> 55214.473 | J84: =+$B84*J$14 -> 57912.702 | ... S84: =+$B84*S$14 -> 92429.188
A85: 62 | B85: 0.19823906 | C85: =+$B85*C$14 -> 41397.812 | D85: =+$B85*D$14 -> 42658.554 | E85: =+$B85*E$14 -> 44134.211 | F85: =+$B85*F$14 -> 45824.782 | G85: =+$B85*G$14 -> 47730.27 | H85: =+$B85*H$14 -> 49850.672 | I85: =+$B85*I$14 -> 52185.989 | J85: =+$B85*J$14 -> 54736.222 | ... S85: =+$B85*S$14 -> 87359.497
A86: 63 | B86: 0.1886271 | C86: =+$B86*C$14 -> 39390.57 | D86: =+$B86*D$14 -> 40590.182 | E86: =+$B86*E$14 -> 41994.289 | F86: =+$B86*F$14 -> 43602.891 | G86: =+$B86*G$14 -> 45415.987 | H86: =+$B86*H$14 -> 47433.578 | I86: =+$B86*I$14 -> 49655.664 | J86: =+$B86*J$14 -> 52082.244 | ... S86: =+$B86*S$14 -> 83123.725
A87: 64 | B87: 0.18049637 | C87: =+$B87*C$14 -> 37692.646 | D87: =+$B87*D$14 -> 38840.549 | E87: =+$B87*E$14 -> 40184.133 | F87: =+$B87*F$14 -> 41723.396 | G87: =+$B87*G$14 -> 43458.339 | H87: =+$B87*H$14 -> 45388.962 | I87: =+$B87*I$14 -> 47515.265 | J87: =+$B87*J$14 -> 49837.248 | ... S87: =+$B87*S$14 -> 79540.692
A88: 65 | B88: 0.21794993 | C88: =+$B88*C$15 -> 35414.335 | D88: =+$B88*D$15 -> 36783.25 | E88: =+$B88*E$15 -> 38220.964 | F88: =+$B88*F$15 -> 39727.477 | G88: =+$B88*G$15 -> 41302.79 | H88: =+$B88*H$15 -> 42946.903 | I88: =+$B88*I$15 -> 44659.815 | J88: =+$B88*J$15 -> 46441.527 | ... S88: =+$B88*S$15 -> 65572.909
A89: 66 | B89: 0.2090071 | C89: =+$B89*C$15 -> 33961.229 | D89: =+$B89*D$15 -> 35273.974 | E89: =+$B89*E$15 -> 36652.697 | F89: =+$B89*F$15 -> 38097.396 | G89: =+$B89*G$15 -> 39608.071 | H89: =+$B89*H$15 -> 41184.723 | I89: =+$B89*I$15 -> 42827.352 | J89: =+$B89*J$15 -> 44535.957 | ... S89: =+$B89*S$15 -> 62882.348
A90: 67 | B90: 0.20017768 | C90: =+$B90*C$15 -> 32526.55 | D90: =+$B90*D$15 -> 33783.839 | E90: =+$B90*E$15 -> 35104.318 | F90: =+$B90*F$15 -> 36487.986 | G90: =+$B90*G$15 -> 37934.844 | H90: =+$B90*H$15 -> 39444.891 | I90: =+$B90*I$15 -> 41018.127 | J90: =+$B90*J$15 -> 42654.553 | ... S90: =+$B90*S$15 -> 60225.908
A91: 68 | B91: 0.19109308 | C91: =+$B91*C$15 -> 31050.409 | D91: =+$B91*D$15 -> 32250.639 | E91: =+$B91*E$15 -> 33511.191 | F91: =+$B91*F$15 -> 34832.065 | G91: =+$B91*G$15 -> 36213.26 | H91: =+$B91*H$15 -> 37654.777 | I91: =+$B91*I$15 -> 39156.616 | J91: =+$B91*J$15 -> 40718.776 | ... S91: =+$B91*S$15 -> 57492.697
A92: 69 | B92: 0.18177222 | C92: =+$B92*C$15 -> 29535.876 | D92: =+$B92*D$15 -> 30677.564 | E92: =+$B92*E$15 -> 31876.63 | F92: =+$B92*F$15 -> 33133.076 | G92: =+$B92*G$15 -> 34446.901 | H92: =+$B92*H$15 -> 35818.106 | I92: =+$B92*I$15 -> 37246.69 | J92: =+$B92*J$15 -> 38732.654 | ... S92: =+$B92*S$15 -> 54688.4
A93: 70 | B93: 0.22571525 | C93: =+$B93*C$16 -> 29470.627 | D93: =+$B93*D$16 -> 30733.717 | E93: =+$B93*E$16 -> 31998.888 | F93: =+$B93*F$16 -> 33266.14 | G93: =+$B93*G$16 -> 34535.472 | H93: =+$B93*H$16 -> 35806.885 | I93: =+$B93*I$16 -> 37080.379 | J93: =+$B93*J$16 -> 38355.953 | ... S93: =+$B93*S$16 -> 49929.753
A94: 71 | B94: 0.21479474 | C94: =+$B94*C$16 -> 28044.785 | D94: =+$B94*D$16 -> 29246.764 | E94: =+$B94*E$16 -> 30450.724 | F94: =+$B94*F$16 -> 31656.664 | G94: =+$B94*G$16 -> 32864.583 | H94: =+$B94*H$16 -> 34074.483 | I94: =+$B94*I$16 -> 35286.363 | J94: =+$B94*J$16 -> 36500.222 | ... S94: =+$B94*S$16 -> 47514.061
A95: 72 | B95: 0.20212805 | C95: =+$B95*C$16 -> 26390.952 | D95: =+$B95*D$16 -> 27522.05 | E95: =+$B95*E$16 -> 28655.01 | F95: =+$B95*F$16 -> 29789.835 | G95: =+$B95*G$16 -> 30926.522 | H95: =+$B95*H$16 -> 32065.072 | I95: =+$B95*I$16 -> 33205.486 | J95: =+$B95*J$16 -> 34347.763 | ... S95: =+$B95*S$16 -> 44712.104
A96: 73 | B96: 0.18700071 | C96: =+$B96*C$16 -> 24415.843 | D96: =+$B96*D$16 -> 25462.288 | E96: =+$B96*E$16 -> 26510.458 | F96: =+$B96*F$16 -> 27560.351 | G96: =+$B96*G$16 -> 28611.969 | H96: =+$B96*H$16 -> 29665.31 | I96: =+$B96*I$16 -> 30720.374 | J96: =+$B96*J$16 -> 31777.163 | ... S96: =+$B96*S$16 -> 41365.832
A97: 74 | B97: 0.17036125 | C97: =+$B97*C$16 -> 22243.303 | D97: =+$B97*D$16 -> 23196.635 | E97: =+$B97*E$16 -> 24151.538 | F97: =+$B97*F$16 -> 25108.011 | G97: =+$B97*G$16 -> 26066.054 | H97: =+$B97*H$16 -> 27025.668 | I97: =+$B97*I$16 -> 27986.852 | J97: =+$B97*J$16 -> 28949.607 | ... S97: =+$B97*S$16 -> 37685.069
A98: 75 | B98: 0.33413433 | C98: =+$B98*C$17 -> 29902.075 | D98: =+$B98*D$17 -> 31130.724 | E98: =+$B98*E$17 -> 32399.657 | F98: =+$B98*F$17 -> 33708.874 | G98: =+$B98*G$17 -> 35058.376 | H98: =+$B98*H$17 -> 36448.162 | I98: =+$B98*I$17 -> 37878.233 | J98: =+$B98*J$17 -> 39348.588 | ... S98: =+$B98*S$17 -> 54394.583
A99: 76 | B99: 0.30086079 | C99: =+$B99*C$17 -> 26924.387 | D99: =+$B99*D$17 -> 28030.685 | E99: =+$B99*E$17 -> 29173.256 | F99: =+$B99*F$17 -> 30352.1 | G99: =+$B99*G$17 -> 31567.216 | H99: =+$B99*H$17 -> 32818.606 | I99: =+$B99*I$17 -> 34106.268 | J99: =+$B99*J$17 -> 35430.203 | ... S99: =+$B99*S$17 -> 48977.898
A100: 77 | B100: 0.27233296 | C100: =+$B100*C$17 -> 24371.399 | D100: =+$B100*D$17 -> 25372.797 | E100: =+$B100*E$17 -> 26407.028 | F100: =+$B100*F$17 -> 27474.093 | G100: =+$B100*G$17 -> 28573.991 | H100: =+$B100*H$17 -> 29706.723 | I100: =+$B100*I$17 -> 30872.289 | J100: =+$B100*J$17 -> 32070.687 | ... S100: =+$B100*S$17 -> 44333.781
A101: 78 | B101: 0.2492269 | C101: =+$B101*C$17 -> 22303.609 | D101: =+$B101*D$17 -> 23220.044 | E101: =+$B101*E$17 -> 24166.526 | F101: =+$B101*F$17 -> 25143.056 | G101: =+$B101*G$17 -> 26149.634 | H101: =+$B101*H$17 -> 27186.259 | I101: =+$B101*I$17 -> 28252.932 | J101: =+$B101*J$17 -> 29349.653 | ... S101: =+$B101*S$17 -> 40572.285
A102: 79 | B102: 0.23115437 | C102: =+$B102*C$17 -> 20686.277 | D102: =+$B102*D$17 -> 21536.257 | E102: =+$B102*E$17 -> 22414.106 | F102: =+$B102*F$17 -> 23319.823 | G102: =+$B102*G$17 -> 24253.41 | H102: =+$B102*H$17 -> 25214.865 | I102: =+$B102*I$17 -> 26204.189 | J102: =+$B102*J$17 -> 27221.381 | ... S102: =+$B102*S$17 -> 37630.211

Sheet Muertes por Edad M
B1: Año | C1: 1995 | D1: 1996 | E1: 1997 | F1: 1998 | G1: 1999 | H1: 2000 | I1: 2001 | J1: 2002 | K1: 2003 | L1: 2004 | M1: 2005 | N1: 2006 | O1: 2007 | P1: 2008 | Q1: 2009 | R1: 2010 | S1: 2011
B2: 0 a 4 | C2: 8367 | D2: 8416 | E2: 7589 | F2: 7577 | G2: 7113 | H2: 6846 | I2: 6658 | J2: 6108 | K2: 7281 | L2: 6425 | M2: 6137 | N2: 5712 | O2: 5749 | P2: 5567 | Q2: 5676 | R2: 5935 | S2: 5768
B3: 5 a 9 | C3: 570 | D3: 632 | E3: 614 | F3: 575 | G3: 626 | H3: 588 | I3: 536 | J3: 509 | K3: 543 | L3: 572 | M3: 495 | N3: 491 | O3: 519 | P3: 432 | Q3: 439 | R3: 449 | S3: 401
B4: 10 a 14 | C4: 670 | D4: 654 | E4: 647 | F4: 638 | G4: 616 | H4: 603 | I4: 635 | J4: 682 | K4: 693 | L4: 641 | M4: 632 | N4: 655 | O4: 667 | P4: 671 | Q4: 612 | R4: 598 | S4: 596
B5: 15 a 19 | C5: 2137 | D5: 2130 | E5: 1884 | F5: 1875 | G5: 2162 | H5: 2643 | I5: 2699 | J5: 3007 | K5: 3402 | L5: 3036 | M5: 2927 | N5: 3255 | O5: 3665 | P5: 4087 | Q5: 4051 | R5: 3822 | S5: 3845
B6: 20 a 24 | C6: 2788 | D6: 2666 | E6: 2476 | F6: 2721 | G6: 3141 | H6: 4041 | I6: 4132 | J6: 4658 | K6: 5314 | L6: 4648 | M6: 4391 | N6: 5060 | O6: 5680 | P6: 6239 | Q6: 6103 | R6: 5535 | S6: 5635
B7: 25 a 29 | C7: 2426 | D7: 2466 | E7: 2274 | F7: 2380 | G7: 2830 | H7: 3300 | I7: 3438 | J7: 3573 | K7: 4242 | L7: 3908 | M7: 3859 | N7: 4458 | O7: 5029 | P7: 5161 | Q7: 5096 | R7: 4783 | S7: 4683
B8: 30 a 34 | C8: 2300 | D8: 2170 | E8: 2090 | F8: 2253 | G8: 2502 | H8: 2865 | I8: 2829 | J8: 2802 | K8: 3242 | L8: 3112 | M8: 3018 | N8: 3237 | O8: 3701 | P8: 3943 | Q8: 4023 | R8: 3810 | S8: 3726
B9: 35 a 39 | C9: 2193 | D9: 2125 | E9: 2130 | F9: 2270 | G9: 2399 | H9: 2626 | I9: 2794 | J9: 2526 | K9: 2983 | L9: 2785 | M9: 2705 | N9: 2857 | O9: 3193 | P9: 3245 | Q9: 3207 | R9: 3070 | S9: 3216
B10: 40 a 44 | C10: 2226 | D10: 2242 | E10: 2302 | F10: 2533 | G10: 2572 | H10: 2806 | I10: 2911 | J10: 2786 | K10: 3038 | L10: 2888 | M10: 3020 | N10: 3144 | O10: 3249 | P10: 3326 | Q10: 3357 | R10: 3034 | S10: 3109
B11: 45 a 49 | C11: 2251 | D11: 2438 | E11: 2448 | F11: 2792 | G11: 2941 | H11: 3047 | I11: 3371 | J11: 3222 | K11: 3400 | L11: 3356 | M11: 3424 | N11: 3648 | O11: 3747 | P11: 3837 | Q11: 3858 | R11: 3757 | S11: 3747
B12: 50 a 54 | C12: 2631 | D12: 2668 | E12: 2721 | F12: 2932 | G12: 3077 | H12: 3301 | I12: 3624 | J12: 3651 | K12: 3804 | L12: 3906 | M12: 4027 | N12: 4239 | O12: 4366 | P12: 4585 | Q12: 4729 | R12: 4687 | S12: 4804
... B20: O | C20: 193 | D20: 45 | E20: 117 | F20: 188 | G20: 106 | H20: 98 | I20: 76 | J20: 83 | K20: 34 | L20: 71 | M20: 92 | N20: 29 | O20: 130 | P20: 190 | Q20: 79 | R20: 33 | S20: 68
A22: edad | C22: 1995 | D22: 1996 | E22: 1997 | F22: 1998 | G22: 1999 | H22: 2000 | I22: 2001 | J22: 2002 | K22: 2003 | L22: 2004 | M22: 2005 | N22: 2006 | O22: 2007 | P22: 2008 | Q22: 2009 | R22: 2010 | S22: 2011
A23: 0 | C23: =+'Mortalidad M'!D42 -> 7061 | D23: =+'Mortalidad M'!E42 -> 6830 | E23: =+'Mortalidad M'!F42 -> 6324 | F23: =+'Mortalidad M'!G42 -> 6144 | G23: =+'Mortalidad M'!H42 -> 5835 | H23: =+'Mortalidad M'!I42 -> 5622 | I23: =+'Mortalidad M'!J42 -> 5375 | J23: =+'Mortalidad M'!K42 -> 4976 | ... S23: =+'Mortalidad M'!T42 -> 5033
A24: 1 | C24: =+'Mortalidad M'!D43 -> 700 | D24: =+'Mortalidad M'!E43 -> 829 | E24: =+'Mortalidad M'!F43 -> 640 | F24: =+'Mortalidad M'!G43 -> 765 | G24: =+'Mortalidad M'!H43 -> 641 | H24: =+'Mortalidad M'!I43 -> 639 | I24: =+'Mortalidad M'!J43 -> 662 | J24: =+'Mortalidad M'!K43 -> 599 | ... S24: =+'Mortalidad M'!T43 -> 310
A25: 2 | C25: =+'Mortalidad M'!D44 -> 276 | D25: =+'Mortalidad M'!E44 -> 359 | E25: =+'Mortalidad M'!F44 -> 293 | F25: =+'Mortalidad M'!G44 -> 305 | G25: =+'Mortalidad M'!H44 -> 298 | H25: =+'Mortalidad M'!I44 -> 273 | I25: =+'Mortalidad M'!J44 -> 298 | J25: =+'Mortalidad M'!K44 -> 251 | ... S25: =+'Mortalidad M'!T44 -> 192
A26: 3 | C26: =+'Mortalidad M'!D45 -> 190 | D26: =+'Mortalidad M'!E45 -> 220 | E26: =+'Mortalidad M'!F45 -> 187 | F26: =+'Mortalidad M'!G45 -> 199 | G26: =+'Mortalidad M'!H45 -> 183 | H26: =+'Mortalidad M'!I45 -> 174 | I26: =+'Mortalidad M'!J45 -> 185 | J26: =+'Mortalidad M'!K45 -> 143 | ... S26: =+'Mortalidad M'!T45 -> 138
A27: 4 | C27: =+'Mortalidad M'!D46 -> 140 | D27: =+'Mortalidad M'!E46 -> 178 | E27: =+'Mortalidad M'!F46 -> 145 | F27: =+'Mortalidad M'!G46 -> 164 | G27: =+'Mortalidad M'!H46 -> 156 | H27: =+'Mortalidad M'!I46 -> 138 | I27: =+'Mortalidad M'!J46 -> 138 | J27: =+'Mortalidad M'!K46 -> 139 | ... S27: =+'Mortalidad M'!T46 -> 95
A28: 5 | B28: 0.20077275 | C28: =+$B28*C$3 -> 114.44047 | D28: =+$B28*D$3 -> 126.88838 | E28: =+$B28*E$3 -> 123.27447 | F28: =+$B28*F$3 -> 115.44433 | G28: =+$B28*G$3 -> 125.68374 | H28: =+$B28*H$3 -> 118.05438 | I28: =+$B28*I$3 -> 107.61419 | J28: =+$B28*J$3 -> 102.19333 | ... S28: =+$B28*S$3 -> 80.509873
A29: 6 | B29: 0.19987826 | C29: =+$B29*C$3 -> 113.93061 | D29: =+$B29*D$3 -> 126.32306 | E29: =+$B29*E$3 -> 122.72525 | F29: =+$B29*F$3 -> 114.93 | G29: =+$B29*G$3 -> 125.12379 | H29: =+$B29*H$3 -> 117.52842 | I29: =+$B29*I$3 -> 107.13475 | J29: =+$B29*J$3 -> 101.73803 | ... S29: =+$B29*S$3 -> 80.151183
A30: 7 | B30: 0.19944663 | C30: =+$B30*C$3 -> 113.68458 | D30: =+$B30*D$3 -> 126.05027 | E30: =+$B30*E$3 -> 122.46023 | F30: =+$B30*F$3 -> 114.68181 | G30: =+$B30*G$3 -> 124.85359 | H30: =+$B30*H$3 -> 117.27462 | I30: =+$B30*I$3 -> 106.90339 | J30: =+$B30*J$3 -> 101.51833 | ... S30: =+$B30*S$3 -> 79.978098
A31: 8 | B31: 0.19961855 | C31: =+$B31*C$3 -> 113.78257 | D31: =+$B31*D$3 -> 126.15892 | E31: =+$B31*E$3 -> 122.56579 | F31: =+$B31*F$3 -> 114.78066 | G31: =+$B31*G$3 -> 124.96121 | H31: =+$B31*H$3 -> 117.37571 | I31: =+$B31*I$3 -> 106.99554 | J31: =+$B31*J$3 -> 101.60584 | ... S31: =+$B31*S$3 -> 80.047037
A32: 9 | B32: 0.20028381 | C32: =+$B32*C$3 -> 114.16177 | D32: =+$B32*D$3 -> 126.57937 | E32: =+$B32*E$3 -> 122.97426 | F32: =+$B32*F$3 -> 115.16319 | G32: =+$B32*G$3 -> 125.37767 | H32: =+$B32*H$3 -> 117.76688 | I32: =+$B32*I$3 -> 107.35212 | J32: =+$B32*J$3 -> 101.94446 | ... S32: =+$B32*S$3 -> 80.313809
A33: 10 | B33: 0.20207706 | C33: =+$B33*C$4 -> 135.39163 | D33: =+$B33*D$4 -> 132.1584 | E33: =+$B33*E$4 -> 130.74386 | F33: =+$B33*F$4 -> 128.92517 | G33: =+$B33*G$4 -> 124.47947 | H33: =+$B33*H$4 -> 121.85247 | I33: =+$B33*I$4 -> 128.31894 | J33: =+$B33*J$4 -> 137.81656 | ... S33: =+$B33*S$4 -> 120.43793
A34: 11 | B34: 0.20237242 | C34: =+$B34*C$4 -> 135.58952 | D34: =+$B34*D$4 -> 132.35156 | E34: =+$B34*E$4 -> 130.93495 | F34: =+$B34*F$4 -> 129.1136 | G34: =+$B34*G$4 -> 124.66141 | H34: =+$B34*H$4 -> 122.03057 | I34: =+$B34*I$4 -> 128.50648 | J34: =+$B34*J$4 -> 138.01799 | ... S34: =+$B34*S$4 -> 120.61396
A35: 12 | B35: 0.20146421 | C35: =+$B35*C$4 -> 134.98102 | D35: =+$B35*D$4 -> 131.75759 | E35: =+$B35*E$4 -> 130.34734 | F35: =+$B35*F$4 -> 128.53417 | G35: =+$B35*G$4 -> 124.10195 | H35: =+$B35*H$4 -> 121.48292 | I35: =+$B35*I$4 -> 127.92977 | J35: =+$B35*J$4 -> 137.39859 | ... S35: =+$B35*S$4 -> 120.07267
A36: 13 | B36: 0.19892455 | C36: =+$B36*C$4 -> 133.27945 | D36: =+$B36*D$4 -> 130.09665 | E36: =+$B36*E$4 -> 128.70418 | F36: =+$B36*F$4 -> 126.91386 | G36: =+$B36*G$4 -> 122.53752 | H36: =+$B36*H$4 -> 119.9515 | I36: =+$B36*I$4 -> 126.31709 | J36: =+$B36*J$4 -> 135.66654 | ... S36: =+$B36*S$4 -> 118.55903
A37: 14 | B37: 0.19516176 | C37: =+$B37*C$4 -> 130.75838 | D37: =+$B37*D$4 -> 127.63579 | E37: =+$B37*E$4 -> 126.26966 | F37: =+$B37*F$4 -> 124.5132 | G37: =+$B37*G$4 -> 120.21964 | H37: =+$B37*H$4 -> 117.68254 | I37: =+$B37*I$4 -> 123.92772 | J37: =+$B37*J$4 -> 133.10032 | ... S37: =+$B37*S$4 -> 116.31641
A38: 15 | B38: 0.2082231 | C38: =+$B38*C$5 -> 444.97277 | D38: =+$B38*D$5 -> 443.51521 | E38: =+$B38*E$5 -> 392.29233 | F38: =+$B38*F$5 -> 390.41832 | G38: =+$B38*G$5 -> 450.17835 | H38: =+$B38*H$5 -> 550.33366 | I38: =+$B38*I$5 -> 561.99416 | J38: =+$B38*J$5 -> 626.12687 | ... S38: =+$B38*S$5 -> 800.61783
A39: 16 | B39: 0.20363426 | C39: =+$B39*C$5 -> 435.16641 | D39: =+$B39*D$5 -> 433.74097 | E39: =+$B39*E$5 -> 383.64694 | F39: =+$B39*F$5 -> 381.81423 | G39: =+$B39*G$5 -> 440.25726 | H39: =+$B39*H$5 -> 538.20534 | I39: =+$B39*I$5 -> 549.60886 | J39: =+$B39*J$5 -> 612.32821 | ... S39: =+$B39*S$5 -> 782.97372
A40: 17 | B40: 0.19941361 | C40: =+$B40*C$5 -> 426.14689 | D40: =+$B40*D$5 -> 424.751 | E40: =+$B40*E$5 -> 375.69525 | F40: =+$B40*F$5 -> 373.90053 | G40: =+$B40*G$5 -> 431.13223 | H40: =+$B40*H$5 -> 527.05018 | I40: =+$B40*I$5 -> 538.21734 | J40: =+$B40*J$5 -> 599.63674 | ... S40: =+$B40*S$5 -> 766.74534
A41: 18 | B41: 0.19589796 | C41: =+$B41*C$5 -> 418.63393 | D41: =+$B41*D$5 -> 417.26264 | E41: =+$B41*E$5 -> 369.07175 | F41: =+$B41*F$5 -> 367.30867 | G41: =+$B41*G$5 -> 423.53138 | H41: =+$B41*H$5 -> 517.7583 | I41: =+$B41*I$5 -> 528.72858 | J41: =+$B41*J$5 -> 589.06515 | ... S41: =+$B41*S$5 -> 753.22764
A42: 19 | B42: 0.19283107 | C42: =+$B42*C$5 -> 412.08 | D42: =+$B42*D$5 -> 410.73018 | E42: =+$B42*E$5 -> 363.29374 | F42: =+$B42*F$5 -> 361.55826 | G42: =+$B42*G$5 -> 416.90077 | H42: =+$B42*H$5 -> 509.65252 | I42: =+$B42*I$5 -> 520.45106 | J42: =+$B42*J$5 -> 579.84303 | ... S42: =+$B42*S$5 -> 741.43546
A43: 20 | B43: 0.20926894 | C43: =+$B43*C$6 -> 583.44182 | D43: =+$B43*D$6 -> 557.91101 | E43: =+$B43*E$6 -> 518.14991 | F43: =+$B43*F$6 -> 569.4208 | G43: =+$B43*G$6 -> 657.31375 | H43: =+$B43*H$6 -> 845.6558 | I43: =+$B43*I$6 -> 864.69928 | J43: =+$B43*J$6 -> 974.77474 | ... S43: =+$B43*S$6 -> 1179.2305
A44: 21 | B44: 0.20571086 | C44: =+$B44*C$6 -> 573.52188 | D44: =+$B44*D$6 -> 548.42515 | E44: =+$B44*E$6 -> 509.34009 | F44: =+$B44*F$6 -> 559.73925 | G44: =+$B44*G$6 -> 646.13781 | H44: =+$B44*H$6 -> 831.27759 | I44: =+$B44*I$6 -> 849.99727 | J44: =+$B44*J$6 -> 958.20119 | ... S44: =+$B44*S$6 -> 1159.1807
A45: 22 | B45: 0.20116686 | C45: =+$B45*C$6 -> 560.85321 | D45: =+$B45*D$6 -> 536.31085 | E45: =+$B45*E$6 -> 498.08915 | F45: =+$B45*F$6 -> 547.37503 | G45: =+$B45*G$6 -> 631.86511 | H45: =+$B45*H$6 -> 812.91528 | I45: =+$B45*I$6 -> 831.22147 | J45: =+$B45*J$6 -> 937.03523 | ... S45: =+$B45*S$6 -> 1133.5753
A46: 23 | B46: 0.19528375 | C46: =+$B46*C$6 -> 544.4511 | D46: =+$B46*D$6 -> 520.62648 | E46: =+$B46*E$6 -> 483.52257 | F46: =+$B46*F$6 -> 531.36709 | G46: =+$B46*G$6 -> 613.38627 | H46: =+$B46*H$6 -> 789.14164 | I46: =+$B46*I$6 -> 806.91247 | J46: =+$B46*J$6 -> 909.63172 | ... S46: =+$B46*S$6 -> 1100.4239
A47: 24 | B47: 0.18856958 | C47: =+$B47*C$6 -> 525.732 | D47: =+$B47*D$6 -> 502.72651 | E47: =+$B47*E$6 -> 466.89829 | F47: =+$B47*F$6 -> 513.09783 | G47: =+$B47*G$6 -> 592.29706 | H47: =+$B47*H$6 -> 762.00968 | I47: =+$B47*I$6 -> 779.16952 | J47: =+$B47*J$6 -> 878.35712 | ... S47: =+$B47*S$6 -> 1062.5896
A48: 25 | B48: 0.21089604 | C48: =+$B48*C$7 -> 511.6338 | D48: =+$B48*D$7 -> 520.06964 | E48: =+$B48*E$7 -> 479.5776 | F48: =+$B48*F$7 -> 501.93258 | G48: =+$B48*G$7 -> 596.8358 | H48: =+$B48*H$7 -> 695.95694 | I48: =+$B48*I$7 -> 725.0606 | J48: =+$B48*J$7 -> 753.53156 | ... S48: =+$B48*S$7 -> 987.62617
A49: 26 | B49: 0.20332082 | C49: =+$B49*C$7 -> 493.25631 | D49: =+$B49*D$7 -> 501.38914 | E49: =+$B49*E$7 -> 462.35155 | F49: =+$B49*F$7 -> 483.90355 | G49: =+$B49*G$7 -> 575.39792 | H49: =+$B49*H$7 -> 670.95871 | I49: =+$B49*I$7 -> 699.01698 | J49: =+$B49*J$7 -> 726.46529 | ... S49: =+$B49*S$7 -> 952.1514
A50: 27 | B50: 0.19764495 | C50: =+$B50*C$7 -> 479.48665 | D50: =+$B50*D$7 -> 487.39244 | E50: =+$B50*E$7 -> 449.44461 | F50: =+$B50*F$7 -> 470.39498 | G50: =+$B50*G$7 -> 559.33521 | H50: =+$B50*H$7 -> 652.22833 | I50: =+$B50*I$7 -> 679.50334 | J50: =+$B50*J$7 -> 706.1854 | ... S50: =+$B50*S$7 -> 925.5713
A51: 28 | B51: 0.19461692 | C51: =+$B51*C$7 -> 472.14066 | D51: =+$B51*D$7 -> 479.92533 | E51: =+$B51*E$7 -> 442.55888 | F51: =+$B51*F$7 -> 463.18828 | G51: =+$B51*G$7 -> 550.76589 | H51: =+$B51*H$7 -> 642.23585 | I51: =+$B51*I$7 -> 669.09298 | J51: =+$B51*J$7 -> 695.36627 | ... S51: =+$B51*S$7 -> 911.39105
A52: 29 | B52: 0.19352126 | C52: =+$B52*C$7 -> 469.48259 | D52: =+$B52*D$7 -> 477.22344 | E52: =+$B52*E$7 -> 440.06735 | F52: =+$B52*F$7 -> 460.58061 | G52: =+$B52*G$7 -> 547.66518 | H52: =+$B52*H$7 -> 638.62017 | I52: =+$B52*I$7 -> 665.3261 | J52: =+$B52*J$7 -> 691.45147 | ... S52: =+$B52*S$7 -> 906.26008
A53: 30 | B53: 0.20328615 | C53: =+$B53*C$8 -> 467.55815 | D53: =+$B53*D$8 -> 441.13095 | E53: =+$B53*E$8 -> 424.86806 | F53: =+$B53*F$8 -> 458.0037 | G53: =+$B53*G$8 -> 508.62195 | H53: =+$B53*H$8 -> 582.41483 | I53: =+$B53*I$8 -> 575.09652 | J53: =+$B53*J$8 -> 569.6078 | ... S53: =+$B53*S$8 -> 757.4442
A54: 31 | B54: 0.20213547 | C54: =+$B54*C$8 -> 464.91158 | D54: =+$B54*D$8 -> 438.63397 | E54: =+$B54*E$8 -> 422.46314 | F54: =+$B54*F$8 -> 455.41122 | G54: =+$B54*G$8 -> 505.74295 | H54: =+$B54*H$8 -> 579.11813 | I54: =+$B54*I$8 -> 571.84125 | J54: =+$B54*J$8 -> 566.38359 | ... S54: =+$B54*S$8 -> 753.15677
A55: 32 | B55: 0.20063692 | C55: =+$B55*C$8 -> 461.46492 | D55: =+$B55*D$8 -> 435.38212 | E55: =+$B55*E$8 -> 419.33117 | F55: =+$B55*F$8 -> 452.03499 | G55: =+$B55*G$8 -> 501.99358 | H55: =+$B55*H$8 -> 574.82479 | I55: =+$B55*I$8 -> 567.60186 | J55: =+$B55*J$8 -> 562.18466 | ... S55: =+$B55*S$8 -> 747.57318
A56: 33 | B56: 0.19841546 | C56: =+$B56*C$8 -> 456.35557 | D56: =+$B56*D$8 -> 430.56156 | E56: =+$B56*E$8 -> 414.68832 | F56: =+$B56*F$8 -> 447.03004 | G56: =+$B56*G$8 -> 496.43549 | H56: =+$B56*H$8 -> 568.4603 | I56: =+$B56*I$8 -> 561.31735 | J56: =+$B56*J$8 -> 555.96013 | ... S56: =+$B56*S$8 -> 739.29602
A57: 34 | B57: 0.19552599 | C57: =+$B57*C$8 -> 449.70978 | D57: =+$B57*D$8 -> 424.2914 | E57: =+$B57*E$8 -> 408.64932 | F57: =+$B57*F$8 -> 440.52005 | G57: =+$B57*G$8 -> 489.20603 | H57: =+$B57*H$8 -> 560.18196 | I57: =+$B57*I$8 -> 553.14302 | J57: =+$B57*J$8 -> 547.86382 | ... S57: =+$B57*S$8 -> 728.52984
A58: 35 | B58: 0.2094551 | C58: =+$B58*C$9 -> 459.33502 | D58: =+$B58*D$9 -> 445.09208 | E58: =+$B58*E$9 -> 446.13935 | F58: =+$B58*F$9 -> 475.46307 | G58: =+$B58*G$9 -> 502.48277 | H58: =+$B58*H$9 -> 550.02908 | I58: =+$B58*I$9 -> 585.21754 | J58: =+$B58*J$9 -> 529.08357 | ... S58: =+$B58*S$9 -> 673.60759
A59: 36 | B59: 0.20637779 | C59: =+$B59*C$9 -> 452.58649 | D59: =+$B59*D$9 -> 438.5528 | E59: =+$B59*E$9 -> 439.58469 | F59: =+$B59*F$9 -> 468.47758 | G59: =+$B59*G$9 -> 495.10032 | H59: =+$B59*H$9 -> 541.94808 | I59: =+$B59*I$9 -> 576.61955 | J59: =+$B59*J$9 -> 521.3103 | ... S59: =+$B59*S$9 -> 663.71097
A60: 37 | B60: 0.20177364 | C60: =+$B60*C$9 -> 442.4896 | D60: =+$B60*D$9 -> 428.76899 | E60: =+$B60*E$9 -> 429.77786 | F60: =+$B60*F$9 -> 458.02617 | G60: =+$B60*G$9 -> 484.05497 | H60: =+$B60*H$9 -> 529.85758 | I60: =+$B60*I$9 -> 563.75556 | J60: =+$B60*J$9 -> 509.68022 | ... S60: =+$B60*S$9 -> 648.90403
A61: 38 | B61: 0.19518507 | C61: =+$B61*C$9 -> 428.04086 | D61: =+$B61*D$9 -> 414.76827 | E61: =+$B61*E$9 -> 415.7442 | F61: =+$B61*F$9 -> 443.07011 | G61: =+$B61*G$9 -> 468.24898 | H61: =+$B61*H$9 -> 512.55599 | I61: =+$B61*I$9 -> 545.34708 | J61: =+$B61*J$9 -> 493.03749 | ... S61: =+$B61*S$9 -> 627.71518
A62: 39 | B62: 0.1872084 | C62: =+$B62*C$9 -> 410.54803 | D62: =+$B62*D$9 -> 397.81786 | E62: =+$B62*E$9 -> 398.7539 | F62: =+$B62*F$9 -> 424.96307 | G62: =+$B62*G$9 -> 449.11296 | H62: =+$B62*H$9 -> 491.60927 | I62: =+$B62*I$9 -> 523.06028 | J62: =+$B62*J$9 -> 472.88843 | ... S62: =+$B62*S$9 -> 602.06222
A63: 40 | B63: 0.21669228 | C63: =+$B63*C$10 -> 482.35701 | D63: =+$B63*D$10 -> 485.82409 | E63: =+$B63*E$10 -> 498.82563 | F63: =+$B63*F$10 -> 548.88154 | G63: =+$B63*G$10 -> 557.33254 | H63: =+$B63*H$10 -> 608.03853 | I63: =+$B63*I$10 -> 630.79122 | J63: =+$B63*J$10 -> 603.70469 | ... S63: =+$B63*S$10 -> 673.69629
A64: 41 | B64: 0.20663689 | C64: =+$B64*C$10 -> 459.97371 | D64: =+$B64*D$10 -> 463.2799 | E64: =+$B64*E$10 -> 475.67812 | F64: =+$B64*F$10 -> 523.41124 | G64: =+$B64*G$10 -> 531.47008 | H64: =+$B64*H$10 -> 579.82311 | I64: =+$B64*I$10 -> 601.51998 | J64: =+$B64*J$10 -> 575.69037 | ... S64: =+$B64*S$10 -> 642.43408
A65: 42 | B65: 0.19805013 | C65: =+$B65*C$10 -> 440.8596 | D65: =+$B65*D$10 -> 444.0284 | E65: =+$B65*E$10 -> 455.91141 | F65: =+$B65*F$10 -> 501.66099 | G65: =+$B65*G$10 -> 509.38494 | H65: =+$B65*H$10 -> 555.72867 | I65: =+$B65*I$10 -> 576.52394 | J65: =+$B65*J$10 -> 551.76767 | ... S65: =+$B65*S$10 -> 615.73786
A66: 43 | B66: 0.19168891 | C66: =+$B66*C$10 -> 426.69951 | D66: =+$B66*D$10 -> 429.76654 | E66: =+$B66*E$10 -> 441.26787 | F66: =+$B66*F$10 -> 485.54801 | G66: =+$B66*G$10 -> 493.02388 | H66: =+$B66*H$10 -> 537.87908 | I66: =+$B66*I$10 -> 558.00642 | J66: =+$B66*J$10 -> 534.0453 | ... S66: =+$B66*S$10 -> 595.96082
A67: 44 | B67: 0.18693179 | C67: =+$B67*C$10 -> 416.11017 | D67: =+$B67*D$10 -> 419.10107 | E67: =+$B67*E$10 -> 430.31698 | F67: =+$B67*F$10 -> 473.49823 | G67: =+$B67*G$10 -> 480.78857 | H67: =+$B67*H$10 -> 524.5306 | I67: =+$B67*I$10 -> 544.15844 | J67: =+$B67*J$10 -> 520.79197 | ... S67: =+$B67*S$10 -> 581.17094
A68: 45 | B68: 0.21297716 | C68: =+$B68*C$11 -> 479.41159 | D68: =+$B68*D$11 -> 519.23832 | E68: =+$B68*E$11 -> 521.36809 | F68: =+$B68*F$11 -> 594.63224 | G68: =+$B68*G$11 -> 626.36583 | H68: =+$B68*H$11 -> 648.94141 | I68: =+$B68*I$11 -> 717.94601 | J68: =+$B68*J$11 -> 686.21242 | ... S68: =+$B68*S$11 -> 798.02543
A69: 46 | B69: 0.20722371 | C69: =+$B69*C$11 -> 466.46057 | D69: =+$B69*D$11 -> 505.21141 | E69: =+$B69*E$11 -> 507.28365 | F69: =+$B69*F$11 -> 578.5686 | G69: =+$B69*G$11 -> 609.44494 | H69: =+$B69*H$11 -> 631.41065 | I69: =+$B69*I$11 -> 698.55113 | J69: =+$B69*J$11 -> 667.6748 | ... S69: =+$B69*S$11 -> 776.46725
A70: 47 | B70: 0.20086992 | C70: =+$B70*C$11 -> 452.15818 | D70: =+$B70*D$11 -> 489.72085 | E70: =+$B70*E$11 -> 491.72955 | F70: =+$B70*F$11 -> 560.8288 | G70: =+$B70*G$11 -> 590.75842 | H70: =+$B70*H$11 -> 612.05063 | I70: =+$B70*I$11 -> 677.13249 | J70: =+$B70*J$11 -> 647.20287 | ... S70: =+$B70*S$11 -> 752.65957
A71: 48 | B71: 0.19351777 | C71: =+$B71*C$11 -> 435.60851 | D71: =+$B71*D$11 -> 471.79633 | E71: =+$B71*E$11 -> 473.73151 | F71: =+$B71*F$11 -> 540.30162 | G71: =+$B71*G$11 -> 569.13577 | H71: =+$B71*H$11 -> 589.64866 | I71: =+$B71*I$11 -> 652.34842 | J71: =+$B71*J$11 -> 623.51427 | ... S71: =+$B71*S$11 -> 725.1111
A72: 49 | B72: 0.18541144 | C72: =+$B72*C$11 -> 417.36115 | D72: =+$B72*D$11 -> 452.03308 | E72: =+$B72*E$11 -> 453.8872 | F72: =+$B72*F$11 -> 517.66873 | G72: =+$B72*G$11 -> 545.29504 | H72: =+$B72*H$11 -> 564.94865 | I72: =+$B72*I$11 -> 625.02196 | J72: =+$B72*J$11 -> 597.39565 | ... S72: =+$B72*S$11 -> 694.73666
A73: 50 | B73: 0.22032344 | C73: =+$B73*C$12 -> 579.67096 | D73: =+$B73*D$12 -> 587.82293 | E73: =+$B73*E$12 -> 599.50007 | F73: =+$B73*F$12 -> 645.98832 | G73: =+$B73*G$12 -> 677.93521 | H73: =+$B73*H$12 -> 727.28766 | I73: =+$B73*I$12 -> 798.45213 | J73: =+$B73*J$12 -> 804.40087 | ... S73: =+$B73*S$12 -> 1058.4338
A74: 51 | B74: 0.21057962 | C74: =+$B74*C$12 -> 554.03499 | D74: =+$B74*D$12 -> 561.82643 | E74: =+$B74*E$12 -> 572.98715 | F74: =+$B74*F$12 -> 617.41945 | G74: =+$B74*G$12 -> 647.9535 | H74: =+$B74*H$12 -> 695.12333 | I74: =+$B74*I$12 -> 763.14055 | J74: =+$B74*J$12 -> 768.8262 | ... S74: =+$B74*S$12 -> 1011.6245
A75: 52 | B75: 0.20042341 | C75: =+$B75*C$12 -> 527.31399 | D75: =+$B75*D$12 -> 534.72966 | E75: =+$B75*E$12 -> 545.3521 | F75: =+$B75*F$12 -> 587.64144 | G75: =+$B75*G$12 -> 616.70283 | H75: =+$B75*H$12 -> 661.59767 | I75: =+$B75*I$12 -> 726.33444 | J75: =+$B75*J$12 -> 731.74587 | ... S75: =+$B75*S$12 -> 962.83406
A76: 53 | B76: 0.18978208 | C76: =+$B76*C$12 -> 499.31666 | D76: =+$B76*D$12 -> 506.3386 | E76: =+$B76*E$12 -> 516.39705 | F76: =+$B76*F$12 -> 556.44107 | G76: =+$B76*G$12 -> 583.95947 | H76: =+$B76*H$12 -> 626.47066 | I76: =+$B76*I$12 -> 687.77027 | J76: =+$B76*J$12 -> 692.89439 | ... S76: =+$B76*S$12 -> 911.71313
A77: 54 | B77: 0.17889145 | C77: =+$B77*C$12 -> 470.6634 | D77: =+$B77*D$12 -> 477.28239 | E77: =+$B77*E$12 -> 486.76363 | F77: =+$B77*F$12 -> 524.50973 | G77: =+$B77*G$12 -> 550.44899 | H77: =+$B77*H$12 -> 590.52067 | I77: =+$B77*I$12 -> 648.30261 | J77: =+$B77*J$12 -> 653.13268 | ... S77: =+$B77*S$12 -> 859.39452
A78: 55 | B78: 0.22609614 | C78: =+$B78*C$13 -> 702.2546 | D78: =+$B78*D$13 -> 723.28154 | E78: =+$B78*E$13 -> 711.52454 | F78: =+$B78*F$13 -> 776.64023 | G78: =+$B78*G$13 -> 772.1183 | H78: =+$B78*H$13 -> 775.96194 | I78: =+$B78*I$13 -> 825.70309 | J78: =+$B78*J$13 -> 850.34757 | ... S78: =+$B78*S$13 -> 1325.1495
A79: 56 | B79: 0.21195123 | C79: =+$B79*C$13 -> 658.32053 | D79: =+$B79*D$13 -> 678.03199 | E79: =+$B79*E$13 -> 667.01053 | F79: =+$B79*F$13 -> 728.05249 | G79: =+$B79*G$13 -> 723.81346 | H79: =+$B79*H$13 -> 727.41663 | I79: =+$B79*I$13 -> 774.0459 | J79: =+$B79*J$13 -> 797.14859 | ... S79: =+$B79*S$13 -> 1242.2462
A80: 57 | B80: 0.19878083 | C80: =+$B80*C$13 -> 617.41325 | D80: =+$B80*D$13 -> 635.89987 | E80: =+$B80*E$13 -> 625.56327 | F80: =+$B80*F$13 -> 682.81215 | G80: =+$B80*G$13 -> 678.83653 | H80: =+$B80*H$13 -> 682.2158 | I80: =+$B80*I$13 -> 725.94759 | J80: =+$B80*J$13 -> 747.6147 | ... S80: =+$B80*S$13 -> 1165.0544
A81: 58 | B81: 0.18692746 | C81: =+$B81*C$13 -> 580.59671 | D81: =+$B81*D$13 -> 597.98096 | E81: =+$B81*E$13 -> 588.26073 | F81: =+$B81*F$13 -> 642.09584 | G81: =+$B81*G$13 -> 638.35729 | H81: =+$B81*H$13 -> 641.53506 | I81: =+$B81*I$13 -> 682.6591 | J81: =+$B81*J$13 -> 703.0342 | ... S81: =+$B81*S$13 -> 1095.5819
A82: 59 | B82: 0.17624434 | C82: =+$B82*C$13 -> 547.41491 | D82: =+$B82*D$13 -> 563.80564 | E82: =+$B82*E$13 -> 554.64093 | F82: =+$B82*F$13 -> 605.3993 | G82: =+$B82*G$13 -> 601.87441 | H82: =+$B82*H$13 -> 604.87057 | I82: =+$B82*I$13 -> 643.64432 | J82: =+$B82*J$13 -> 662.85495 | ... S82: =+$B82*S$13 -> 1032.9681
A83: 60 | B83: 0.2228941 | C83: =+$B83*C$14 -> 882.66063 | D83: =+$B83*D$14 -> 871.51593 | E83: =+$B83*E$14 -> 861.2628 | F83: =+$B83*F$14 -> 908.29346 | G83: =+$B83*G$14 -> 951.75781 | H83: =+$B83*H$14 -> 911.63687 | I83: =+$B83*I$14 -> 953.98675 | J83: =+$B83*J$14 -> 905.39583 | ... S83: =+$B83*S$14 -> 1437.6669
A84: 61 | B84: 0.20974337 | C84: =+$B84*C$14 -> 830.58374 | D84: =+$B84*D$14 -> 820.09657 | E84: =+$B84*E$14 -> 810.44838 | F84: =+$B84*F$14 -> 854.70423 | G84: =+$B84*G$14 -> 895.60418 | H84: =+$B84*H$14 -> 857.85038 | I84: =+$B84*I$14 -> 897.70162 | J84: =+$B84*J$14 -> 851.97756 | ... S84: =+$B84*S$14 -> 1352.8447
A85: 62 | B85: 0.19823906 | C85: =+$B85*C$14 -> 785.02668 | D85: =+$B85*D$14 -> 775.11472 | E85: =+$B85*E$14 -> 765.99573 | F85: =+$B85*F$14 -> 807.82417 | G85: =+$B85*G$14 -> 846.48079 | H85: =+$B85*H$14 -> 810.79775 | I85: =+$B85*I$14 -> 848.46318 | J85: =+$B85*J$14 -> 805.24706 | ... S85: =+$B85*S$14 -> 1278.6419
A86: 63 | B86: 0.1886271 | C86: =+$B86*C$14 -> 746.96334 | D86: =+$B86*D$14 -> 737.53198 | E86: =+$B86*E$14 -> 728.85513 | F86: =+$B86*F$14 -> 768.65545 | G86: =+$B86*G$14 -> 805.43774 | H86: =+$B86*H$14 -> 771.48486 | I86: =+$B86*I$14 -> 807.32401 | J86: =+$B86*J$14 -> 766.2033 | ... S86: =+$B86*S$14 -> 1216.6448
A87: 64 | B87: 0.18049637 | C87: =+$B87*C$14 -> 714.76561 | D87: =+$B87*D$14 -> 705.7408 | E87: =+$B87*E$14 -> 697.43796 | F87: =+$B87*F$14 -> 735.5227 | G87: =+$B87*G$14 -> 770.71949 | H87: =+$B87*H$14 -> 738.23014 | I87: =+$B87*I$14 -> 772.52445 | J87: =+$B87*J$14 -> 733.17624 | ... S87: =+$B87*S$14 -> 1164.2016
A88: 65 | B88: 0.21794993 | C88: =+$B88*C$15 -> 968.78744 | D88: =+$B88*D$15 -> 1044.852 | E88: =+$B88*E$15 -> 1011.9415 | F88: =+$B88*F$15 -> 1054.6597 | G88: =+$B88*G$15 -> 1084.5188 | H88: =+$B88*H$15 -> 1031.9929 | I88: =+$B88*I$15 -> 1081.4676 | J88: =+$B88*J$15 -> 1029.8134 | ... S88: =+$B88*S$15 -> 1397.9308
A89: 66 | B89: 0.2090071 | C89: =+$B89*C$15 -> 929.03655 | D89: =+$B89*D$15 -> 1001.98 | E89: =+$B89*E$15 -> 970.41995 | F89: =+$B89*F$15 -> 1011.3853 | G89: =+$B89*G$15 -> 1040.0193 | H89: =+$B89*H$15 -> 989.64861 | I89: =+$B89*I$15 -> 1037.0932 | J89: =+$B89*J$15 -> 987.55854 | ... S89: =+$B89*S$15 -> 1340.5715
A90: 67 | B90: 0.20017768 | C90: =+$B90*C$15 -> 889.78977 | D90: =+$B90*D$15 -> 959.65178 | E90: =+$B90*E$15 -> 929.42495 | F90: =+$B90*F$15 -> 968.65977 | G90: =+$B90*G$15 -> 996.08411 | H90: =+$B90*H$15 -> 947.84129 | I90: =+$B90*I$15 -> 993.28162 | J90: =+$B90*J$15 -> 945.83952 | ... S90: =+$B90*S$15 -> 1283.9396
A91: 68 | B91: 0.19109308 | C91: =+$B91*C$15 -> 849.40875 | D91: =+$B91*D$15 -> 916.10023 | E91: =+$B91*E$15 -> 887.24518 | F91: =+$B91*F$15 -> 924.69942 | G91: =+$B91*G$15 -> 950.87917 | H91: =+$B91*H$15 -> 904.82574 | I91: =+$B91*I$15 -> 948.20387 | J91: =+$B91*J$15 -> 902.91481 | ... S91: =+$B91*S$15 -> 1225.671
A92: 69 | B92: 0.18177222 | C92: =+$B92*C$15 -> 807.9775 | D92: =+$B92*D$15 -> 871.41601 | E92: =+$B92*E$15 -> 843.9684 | F92: =+$B92*F$15 -> 879.59576 | G92: =+$B92*G$15 -> 904.49855 | H92: =+$B92*H$15 -> 860.69145 | I92: =+$B92*I$15 -> 901.95374 | J92: =+$B92*J$15 -> 858.87372 | ... S92: =+$B92*S$15 -> 1165.887
A93: 70 | B93: 0.22571525 | C93: =+$B93*C$16 -> 1032.4216 | D93: =+$B93*D$16 -> 1094.719 | E93: =+$B93*E$16 -> 1123.6105 | F93: =+$B93*F$16 -> 1166.4964 | G93: =+$B93*G$16 -> 1167.1736 | H93: =+$B93*H$16 -> 1250.9139 | I93: =+$B93*I$16 -> 1275.0655 | J93: =+$B93*J$16 -> 1216.3795 | ... S93: =+$B93*S$16 -> 1527.4151
A94: 71 | B94: 0.21479474 | C94: =+$B94*C$16 -> 982.47114 | D94: =+$B94*D$16 -> 1041.7545 | E94: =+$B94*E$16 -> 1069.2482 | F94: =+$B94*F$16 -> 1110.0592 | G94: =+$B94*G$16 -> 1110.7036 | H94: =+$B94*H$16 -> 1190.3924 | I94: =+$B94*I$16 -> 1213.3755 | J94: =+$B94*J$16 -> 1157.5289 | ... S94: =+$B94*S$16 -> 1453.516
A95: 72 | B95: 0.20212805 | C95: =+$B95*C$16 -> 924.53371 | D95: =+$B95*D$16 -> 980.32106 | E95: =+$B95*E$16 -> 1006.1934 | F95: =+$B95*F$16 -> 1044.5978 | G95: =+$B95*G$16 -> 1045.2042 | H95: =+$B95*H$16 -> 1120.1937 | I95: =+$B95*I$16 -> 1141.8214 | J95: =+$B95*J$16 -> 1089.2681 | ... S95: =+$B95*S$16 -> 1367.8005
A96: 73 | B96: 0.18700071 | C96: =+$B96*C$16 -> 855.34124 | D96: =+$B96*D$16 -> 906.95344 | E96: =+$B96*E$16 -> 930.88953 | F96: =+$B96*F$16 -> 966.41966 | G96: =+$B96*G$16 -> 966.98066 | H96: =+$B96*H$16 -> 1036.3579 | I96: =+$B96*I$16 -> 1056.367 | J96: =+$B96*J$16 -> 1007.7468 | ... S96: =+$B96*S$16 -> 1265.4338
A97: 74 | B97: 0.17036125 | C97: =+$B97*C$16 -> 779.23234 | D97: =+$B97*D$16 -> 826.25204 | E97: =+$B97*E$16 -> 848.05828 | F97: =+$B97*F$16 -> 880.42692 | G97: =+$B97*G$16 -> 880.938 | H97: =+$B97*H$16 -> 944.14202 | I97: =+$B97*I$16 -> 962.37068 | J97: =+$B97*J$16 -> 918.07675 | ... S97: =+$B97*S$16 -> 1152.8345
A98: 75 | B98: 0.33413433 | C98: =+$B98*C$17 -> 1453.4843 | D98: =+$B98*D$17 -> 1530.3352 | E98: =+$B98*E$17 -> 1596.4938 | F98: =+$B98*F$17 -> 1584.1308 | G98: =+$B98*G$17 -> 1652.9625 | H98: =+$B98*H$17 -> 1624.8952 | I98: =+$B98*I$17 -> 1701.412 | J98: =+$B98*J$17 -> 1686.3759 | ... S98: =+$B98*S$17 -> 2273.7841
A99: 76 | B99: 0.30086079 | C99: =+$B99*C$17 -> 1308.7444 | D99: =+$B99*D$17 -> 1377.9424 | E99: =+$B99*E$17 -> 1437.5128 | F99: =+$B99*F$17 -> 1426.381 | G99: =+$B99*G$17 -> 1488.3583 | H99: =+$B99*H$17 -> 1463.086 | I99: =+$B99*I$17 -> 1531.9831 | J99: =+$B99*J$17 -> 1518.4444 | ... S99: =+$B99*S$17 -> 2047.3577
A100: 77 | B100: 0.27233296 | C100: =+$B100*C$17 -> 1184.6484 | D100: =+$B100*D$17 -> 1247.285 | E100: =+$B100*E$17 -> 1301.2069 | F100: =+$B100*F$17 -> 1291.1306 | G100: =+$B100*G$17 -> 1347.2312 | H100: =+$B100*H$17 -> 1324.3552 | I100: =+$B100*I$17 -> 1386.7194 | J100: =+$B100*J$17 -> 1374.4645 | ... S100: =+$B100*S$17 -> 1853.2258
A101: 78 | B101: 0.2492269 | C101: =+$B101*C$17 -> 1084.137 | D101: =+$B101*D$17 -> 1141.4592 | E101: =+$B101*E$17 -> 1190.8061 | F101: =+$B101*F$17 -> 1181.5847 | G101: =+$B101*G$17 -> 1232.9255 | H101: =+$B101*H$17 -> 1211.9904 | I101: =+$B101*I$17 -> 1269.0634 | J101: =+$B101*J$17 -> 1257.8482 | ... S101: =+$B101*S$17 -> 1695.989
A102: 79 | B102: 0.23115437 | C102: =+$B102*C$17 -> 1005.5215 | D102: =+$B102*D$17 -> 1058.687 | E102: =+$B102*E$17 -> 1104.4556 | F102: =+$B102*F$17 -> 1095.9029 | G102: =+$B102*G$17 -> 1143.5206 | H102: =+$B102*H$17 -> 1124.1037 | I102: =+$B102*I$17 -> 1177.038 | J102: =+$B102*J$17 -> 1166.6361 | ... S102: =+$B102*S$17 -> 1573.0055

Sheet Muertes por Edad F
B1: Año | C1: 1995 | D1: 1996 | E1: 1997 | F1: 1998 | G1: 1999 | H1: 2000 | I1: 2001 | J1: 2002 | K1: 2003 | L1: 2004 | M1: 2005 | N1: 2006 | O1: 2007 | P1: 2008 | Q1: 2009 | R1: 2010 | S1: 2011
B2: 0 a 4 | C2: 6432 | D2: 6393 | E2: 5871 | F2: 5710 | G2: 5348 | H2: 5061 | I2: 5033 | J2: 4955 | K2: 5708 | L2: 4932 | M2: 4651 | N2: 4309 | O2: 4200 | P2: 4153 | Q2: 4365 | R2: 4483 | S2: 4527
B3: 5 a 9 | C3: 419 | D3: 426 | E3: 399 | F3: 406 | G3: 416 | H3: 398 | I3: 438 | J3: 368 | K3: 378 | L3: 370 | M3: 339 | N3: 351 | O3: 309 | P3: 301 | Q3: 327 | R3: 335 | S3: 286
B4: 10 a 14 | C4: 416 | D4: 414 | E4: 405 | F4: 407 | G4: 387 | H4: 363 | I4: 422 | J4: 422 | K4: 423 | L4: 425 | M4: 347 | N4: 413 | O4: 391 | P4: 389 | Q4: 354 | R4: 341 | S4: 373
B5: 15 a 19 | C5: 647 | D5: 674 | E5: 619 | F5: 591 | G5: 642 | H5: 655 | I5: 651 | J5: 762 | K5: 702 | L5: 712 | M5: 645 | N5: 710 | O5: 690 | P5: 753 | Q5: 762 | R5: 762 | S5: 681
B6: 20 a 24 | C6: 671 | D6: 676 | E6: 694 | F6: 667 | G6: 734 | H6: 701 | I6: 728 | J6: 921 | K6: 876 | L6: 821 | M6: 814 | N6: 760 | O6: 792 | P6: 869 | Q6: 855 | R6: 853 | S6: 790
B7: 25 a 29 | C7: 708 | D7: 767 | E7: 748 | F7: 750 | G7: 745 | H7: 742 | I7: 796 | J7: 950 | K7: 896 | L7: 846 | M7: 835 | N7: 900 | O7: 876 | P7: 916 | Q7: 1023 | R7: 952 | S7: 944
B8: 30 a 34 | C8: 836 | D8: 919 | E8: 853 | F8: 816 | G8: 863 | H8: 864 | I8: 898 | J8: 974 | K8: 957 | L8: 899 | M8: 872 | N8: 952 | O8: 982 | P8: 990 | Q8: 1026 | R8: 1087 | S8: 1141
B9: 35 a 39 | C9: 1035 | D9: 1098 | E9: 1147 | F9: 1103 | G9: 1086 | H9: 1083 | I9: 1103 | J9: 1180 | K9: 1144 | L9: 1077 | M9: 1109 | N9: 1084 | O9: 1152 | P9: 1158 | Q9: 1170 | R9: 1225 | S9: 1266
B10: 40 a 44 | C10: 1288 | D10: 1295 | E10: 1432 | F10: 1312 | G10: 1386 | H10: 1374 | I10: 1467 | J10: 1519 | K10: 1492 | L10: 1427 | M10: 1420 | N10: 1504 | O10: 1433 | P10: 1487 | Q10: 1542 | R10: 1548 | S10: 1596
B11: 45 a 49 | C11: 1476 | D11: 1484 | E11: 1550 | F11: 1649 | G11: 1727 | H11: 1687 | I11: 1779 | J11: 1921 | K11: 1877 | L11: 1875 | M11: 1851 | N11: 1965 | O11: 2007 | P11: 2010 | Q11: 2079 | R11: 2000 | S11: 2024
B12: 50 a 54 | C12: 1564 | D12: 1701 | E12: 1719 | F12: 1770 | G12: 1853 | H12: 1948 | I12: 2029 | J12: 2200 | K12: 2345 | L12: 2259 | M12: 2358 | N12: 2459 | O12: 2458 | P12: 2461 | Q12: 2537 | R12: 2600 | S12: 2808
... B20: O | C20: 70 | D20: 32 | E20: 34 | F20: 56 | G20: 27 | H20: 19 | I20: 3 | J20: 12 | K20: 4 | L20: 10 | M20: 13 | N20: 7 | O20: 36 | P20: 18 | Q20: 9 | R20: 3 | S20: 6
A22: edad | C22: 1995 | D22: 1996 | E22: 1997 | F22: 1998 | G22: 1999 | H22: 2000 | I22: 2001 | J22: 2002 | K22: 2003 | L22: 2004 | M22: 2005 | N22: 2006 | O22: 2007 | P22: 2008 | Q22: 2009 | R22: 2010 | S22: 2011
A23: 0 | C23: =+'Mortalidad F'!D42 -> 5291 | D23: =+'Mortalidad F'!E42 -> 5083 | E23: =+'Mortalidad F'!F42 -> 4745 | F23: =+'Mortalidad F'!G42 -> 4577 | G23: =+'Mortalidad F'!H42 -> 4273 | H23: =+'Mortalidad F'!I42 -> 4027 | I23: =+'Mortalidad F'!J42 -> 3978 | J23: =+'Mortalidad F'!K42 -> 3973 | ... S23: =+'Mortalidad F'!T42 -> 3867
A24: 1 | C24: =+'Mortalidad F'!D43 -> 637 | D24: =+'Mortalidad F'!E43 -> 740 | E24: =+'Mortalidad F'!F43 -> 582 | F24: =+'Mortalidad F'!G43 -> 608 | G24: =+'Mortalidad F'!H43 -> 564 | H24: =+'Mortalidad F'!I43 -> 568 | I24: =+'Mortalidad F'!J43 -> 581 | J24: =+'Mortalidad F'!K43 -> 545 | ... S24: =+'Mortalidad F'!T43 -> 297
A25: 2 | C25: =+'Mortalidad F'!D44 -> 249 | D25: =+'Mortalidad F'!E44 -> 279 | E25: =+'Mortalidad F'!F44 -> 256 | F25: =+'Mortalidad F'!G44 -> 255 | G25: =+'Mortalidad F'!H44 -> 229 | H25: =+'Mortalidad F'!I44 -> 220 | I25: =+'Mortalidad F'!J44 -> 235 | J25: =+'Mortalidad F'!K44 -> 187 | ... S25: =+'Mortalidad F'!T44 -> 164
A26: 3 | C26: =+'Mortalidad F'!D45 -> 157 | D26: =+'Mortalidad F'!E45 -> 162 | E26: =+'Mortalidad F'!F45 -> 158 | F26: =+'Mortalidad F'!G45 -> 162 | G26: =+'Mortalidad F'!H45 -> 163 | H26: =+'Mortalidad F'!I45 -> 144 | I26: =+'Mortalidad F'!J45 -> 127 | J26: =+'Mortalidad F'!K45 -> 139 | ... S26: =+'Mortalidad F'!T45 -> 106
A27: 4 | C27: =+'Mortalidad F'!D46 -> 98 | D27: =+'Mortalidad F'!E46 -> 129 | E27: =+'Mortalidad F'!F46 -> 130 | F27: =+'Mortalidad F'!G46 -> 108 | G27: =+'Mortalidad F'!H46 -> 119 | H27: =+'Mortalidad F'!I46 -> 102 | I27: =+'Mortalidad F'!J46 -> 112 | J27: =+'Mortalidad F'!K46 -> 111 | ... S27: =+'Mortalidad F'!T46 -> 93
A28: 5 | B28: 0.20077275 | C28: =+$B28*C$3 -> 84.123783 | D28: =+$B28*D$3 -> 85.529192 | E28: =+$B28*E$3 -> 80.108328 | F28: =+$B28*F$3 -> 81.513737 | G28: =+$B28*G$3 -> 83.521464 | H28: =+$B28*H$3 -> 79.907555 | I28: =+$B28*I$3 -> 87.938465 | J28: =+$B28*J$3 -> 73.884372 | ... S28: =+$B28*S$3 -> 57.421007
A29: 6 | B29: 0.19987826 | C29: =+$B29*C$3 -> 83.748991 | D29: =+$B29*D$3 -> 85.148139 | E29: =+$B29*E$3 -> 79.751426 | F29: =+$B29*F$3 -> 81.150574 | G29: =+$B29*G$3 -> 83.149357 | H29: =+$B29*H$3 -> 79.551548 | I29: =+$B29*I$3 -> 87.546678 | J29: =+$B29*J$3 -> 73.5552 | ... S29: =+$B29*S$3 -> 57.165183
